customer_id,monthly_recharge_amount,call_duration,data_usage,roaming_usage,complaint_count,sms_count,payment_delay,plan_type
CUST_00001,770.28,407.0,13.96,7.17,0,106.0,0.5,International
CUST_00002,1333.66,563.0,58.12,1.76,0,145.0,0.7,Unlimited
CUST_00003,139.52,79.0,2.02,0.11,0,54.0,0.9,Basic
CUST_00004,1433.28,727.0,57.76,2.55,0,198.0,0.8,Premium
CUST_00005,1103.19,486.0,53.98,2.2,0,132.0,0.4,Premium
CUST_00006,817.91,391.0,14.7,7.44,0,87.0,1.1,Standard
CUST_00007,157.07,137.0,1.41,0.07,1,21.0,0.5,Basic
CUST_00008,1193.66,624.0,48.2,1.74,0,139.0,0.2,Unlimited
CUST_00009,789.81,445.0,12.59,7.2,0,115.0,5.4,International
CUST_00010,148.33,60.0,2.25,0.13,0,54.0,1.4,Prepaid
CUST_00011,335.1,235.0,8.52,0.44,0,150.0,0.1,Standard
CUST_00012,364.45,140.0,7.23,0.38,5,80.0,0.0,Standard
CUST_00013,847.03,731.0,52.47,2.11,0,134.0,0.6,Unlimited
CUST_00014,1125.6,548.0,49.97,0.43,0,258.0,0.2,Unlimited
CUST_00015,430.01,196.0,9.17,0.3,1,196.0,1.7,Postpaid
CUST_00016,620.69,527.0,12.92,12.3,0,81.0,1.9,Standard
CUST_00017,168.98,99.0,2.0,0.09,1,49.0,1.2,Basic
CUST_00018,1089.44,52.0,108.44,1.08,0,88.0,0.8,Data Plan
CUST_00019,1097.15,221.0,19.09,4.52,0,111.0,1.9,International
CUST_00020,260.15,177.0,9.55,0.79,8,148.0,0.7,Standard
CUST_00021,986.47,305.0,69.34,0.41,0,45.0,3.0,Data Plan
CUST_00022,293.71,306.0,6.45,0.26,0,127.0,0.1,Postpaid
CUST_00023,1281.84,735.0,52.91,2.18,0,210.0,0.8,Unlimited
CUST_00024,581.11,187.0,84.44,1.29,0,93.0,1.2,Unlimited
CUST_00025,1787.89,636.0,22.54,2.08,0,228.0,0.2,Unlimited
CUST_00026,1022.82,282.0,66.36,0.82,0,62.0,1.6,Unlimited
CUST_00027,169.36,119.0,1.31,0.14,0,43.0,0.2,Basic
CUST_00028,390.25,348.0,10.32,0.42,8,134.0,6.3,Standard
CUST_00029,737.27,412.0,16.63,8.21,0,53.0,3.6,International
CUST_00030,880.85,271.0,96.74,1.37,0,103.0,1.6,Data Plan
CUST_00031,167.85,119.0,1.95,0.1,0,46.0,0.9,Basic
CUST_00032,416.23,371.0,8.4,0.29,0,148.0,2.1,Standard
CUST_00033,1221.74,713.0,50.99,2.67,2,187.0,0.8,Premium
CUST_00034,1150.1,562.0,57.18,2.02,0,107.0,0.1,Unlimited
CUST_00035,462.3,146.0,10.83,0.34,0,97.0,13.2,Basic
CUST_00036,400.3,182.0,13.29,0.42,0,167.0,0.5,Postpaid
CUST_00037,1191.13,676.0,37.33,2.83,0,176.0,0.1,Unlimited
CUST_00038,177.54,138.0,2.11,0.08,0,33.0,1.4,Basic
CUST_00039,367.62,246.0,12.11,,1,175.0,0.5,Standard
CUST_00040,828.41,289.0,13.55,7.03,3,37.0,8.3,Standard
CUST_00041,1023.82,551.0,30.27,2.72,1,260.0,0.0,Unlimited
CUST_00042,113.37,169.0,2.48,0.1,0,58.0,0.3,Basic
CUST_00043,289.02,206.0,5.89,0.34,2,172.0,3.2,Basic
CUST_00044,94.0,56.0,2.13,0.08,0,44.0,7.1,Basic
CUST_00045,1048.03,228.0,83.53,0.94,0,45.0,2.6,Data Plan
CUST_00046,155.91,56.0,1.66,0.14,0,53.0,0.2,Basic
CUST_00047,1312.15,648.0,41.74,2.29,1,272.0,1.9,Premium
CUST_00048,283.55,287.0,14.12,0.37,2,137.0,1.6,Postpaid
CUST_00049,199.2,108.0,2.01,0.17,0,64.0,1.7,Prepaid
CUST_00050,377.79,283.0,9.53,0.39,0,148.0,4.1,Standard
CUST_00051,446.35,326.0,9.87,0.51,0,112.0,2.8,Standard
CUST_00052,526.72,229.0,6.71,0.4,4,104.0,2.5,Basic
CUST_00053,1016.39,714.0,39.41,1.71,0,202.0,0.7,Premium
CUST_00054,347.25,224.0,9.36,0.5,4,192.0,2.0,Standard
CUST_00055,429.01,199.0,9.7,0.32,0,169.0,0.2,Standard
CUST_00056,222.05,292.0,8.83,0.64,4,181.0,47.4,Standard
CUST_00057,395.15,298.0,11.18,0.22,0,194.0,4.0,Standard
CUST_00058,653.1,262.0,70.68,0.92,0,126.0,2.7,Data Plan
CUST_00059,448.61,331.0,9.4,0.14,0,164.0,1.4,Standard
CUST_00060,443.85,221.0,7.64,0.07,1,149.0,3.1,Standard
CUST_00061,166.5,122.0,1.54,0.09,0,65.0,0.0,Prepaid
CUST_00062,511.05,244.0,3.55,0.4,2,90.0,1.4,Standard
CUST_00063,911.76,392.0,12.82,7.82,2,115.0,0.2,Standard
CUST_00064,155.24,116.0,2.68,0.06,0,63.0,0.2,Basic
CUST_00065,110.64,110.0,1.87,0.18,0,49.0,1.7,Prepaid
CUST_00066,181.59,330.0,10.57,0.38,2,116.0,4.9,Standard
CUST_00067,319.81,323.0,9.15,0.37,0,160.0,0.2,Standard
CUST_00068,627.07,251.0,75.46,1.4,0,98.0,0.2,Data Plan
CUST_00069,1065.93,465.0,13.84,10.16,1,80.0,0.9,International
CUST_00070,359.49,404.0,13.69,0.34,0,161.0,6.2,Standard
CUST_00071,970.0,596.0,53.02,2.08,0,153.0,0.4,Premium
CUST_00072,150.89,108.0,2.37,0.16,0,57.0,0.8,Basic
CUST_00073,366.11,424.0,6.62,0.41,1,150.0,0.5,Postpaid
CUST_00074,415.62,309.0,10.94,0.23,0,196.0,0.4,Standard
CUST_00075,494.14,269.0,5.41,0.3,0,134.0,4.9,Standard
CUST_00076,318.92,269.0,3.23,0.54,2,171.0,2.2,Standard
CUST_00077,129.57,98.0,1.96,0.1,1,35.0,1.4,Basic
CUST_00078,957.81,406.0,17.95,8.51,2,117.0,8.6,Standard
CUST_00079,957.2,258.0,99.77,0.87,0,91.0,6.2,Data Plan
CUST_00080,438.39,276.0,14.5,0.44,0,114.0,2.4,Postpaid
CUST_00081,988.18,262.0,62.26,0.8,0,84.0,0.8,Data Plan
CUST_00082,112.45,112.0,2.39,0.03,0,71.0,0.3,Basic
CUST_00083,1246.66,627.0,54.37,1.45,0,235.0,2.1,Unlimited
CUST_00084,270.57,332.0,10.35,0.39,2,159.0,0.3,Postpaid
CUST_00085,1332.74,542.0,29.21,2.12,1,201.0,0.5,Premium
CUST_00086,346.28,327.0,8.13,0.16,0,206.0,2.0,Postpaid
CUST_00087,407.2,268.0,12.12,0.06,2,212.0,0.8,Postpaid
CUST_00088,350.05,369.0,10.15,0.28,0,122.0,0.9,Postpaid
CUST_00089,962.26,206.0,63.99,1.0,1,75.0,2.5,Data Plan
CUST_00090,255.07,287.0,7.78,0.42,6,151.0,6.9,Standard
CUST_00091,332.91,168.0,9.98,0.46,2,104.0,5.5,Standard
CUST_00092,310.57,260.0,7.42,0.39,3,126.0,2.2,Basic
CUST_00093,703.01,224.0,72.66,1.27,0,73.0,0.6,Data Plan
CUST_00094,149.23,86.0,2.35,0.09,1,58.0,1.0,Basic
CUST_00095,469.99,369.0,12.08,,1,176.0,0.9,Postpaid
CUST_00096,495.0,320.0,9.82,0.12,0,92.0,0.7,Standard
CUST_00097,781.97,258.0,80.59,0.87,3,60.0,0.5,Data Plan
CUST_00098,433.75,266.0,4.74,0.46,0,80.0,3.4,Standard
CUST_00099,510.54,315.0,11.94,0.08,0,122.0,17.2,Standard
CUST_00100,391.88,233.0,9.8,0.8,5,144.0,10.5,Standard
CUST_00101,184.48,106.0,1.5,0.0,0,46.0,0.6,Basic
CUST_00102,1136.72,628.0,44.3,1.31,1,252.0,0.3,Unlimited
CUST_00103,1132.05,843.0,45.68,1.31,0,295.0,1.7,Premium
CUST_00104,262.36,255.0,13.69,0.91,3,84.0,21.1,Basic
CUST_00105,569.37,325.0,15.72,5.83,0,89.0,0.5,International
CUST_00106,480.29,349.0,10.25,0.18,1,121.0,3.0,Postpaid
CUST_00107,173.8,100.0,1.83,0.03,0,28.0,0.4,Prepaid
CUST_00108,379.52,275.0,7.03,0.2,0,164.0,11.0,Standard
CUST_00109,604.47,198.0,99.72,0.83,0,113.0,3.4,Data Plan
CUST_00110,462.57,272.0,9.32,0.29,0,186.0,0.9,Standard
CUST_00111,1459.53,672.0,43.55,1.87,0,139.0,0.0,Unlimited
CUST_00112,690.72,523.0,21.84,7.99,0,94.0,2.5,Standard
CUST_00113,389.67,298.0,9.67,0.31,0,214.0,3.3,Standard
CUST_00114,115.71,91.0,1.97,0.1,1,88.0,1.7,Basic
CUST_00115,742.23,188.0,78.76,1.08,0,72.0,1.0,Data Plan
CUST_00116,239.54,349.0,7.7,0.35,1,131.0,2.9,Standard
CUST_00117,392.33,250.0,4.36,0.41,4,116.0,5.5,Basic
CUST_00118,4571.15,121.0,2.12,31.96,14,55.0,0.0,Basic
CUST_00119,353.53,203.0,10.93,0.21,0,103.0,0.4,Standard
CUST_00120,372.09,216.0,7.64,0.36,1,206.0,2.9,Standard
CUST_00121,217.53,331.0,7.73,0.7,2,137.0,0.7,Basic
CUST_00122,514.36,389.0,6.7,0.33,0,113.0,4.7,Standard
CUST_00123,488.17,227.0,12.28,0.73,3,201.0,3.9,Standard
CUST_00124,1497.29,633.0,37.86,1.48,2,202.0,0.1,Premium
CUST_00125,502.94,328.0,8.98,0.13,0,213.0,0.4,Postpaid
CUST_00126,968.75,671.0,47.98,1.99,1,227.0,0.5,Premium
CUST_00127,400.39,416.0,12.08,0.51,0,187.0,2.4,Standard
CUST_00128,463.49,302.0,9.18,0.37,0,140.0,2.8,Standard
CUST_00129,1013.23,270.0,79.91,1.02,0,88.0,0.4,Unlimited
CUST_00130,144.44,107.0,3.47,0.1,0,71.0,0.7,Basic
CUST_00131,1002.24,527.0,14.71,7.78,0,77.0,6.0,International
CUST_00132,634.88,248.0,12.07,0.3,1,199.0,1.2,Standard
CUST_00133,158.11,112.0,1.41,0.18,0,64.0,0.1,Basic
CUST_00134,1329.65,562.0,59.09,2.48,0,228.0,0.3,Premium
CUST_00135,363.52,219.0,13.29,0.01,3,177.0,3.2,Standard
CUST_00136,781.27,225.0,84.16,0.57,2,91.0,0.3,Data Plan
CUST_00137,158.88,117.0,2.3,0.04,0,52.0,2.6,Prepaid
CUST_00138,756.66,507.0,12.54,8.16,1,73.0,9.0,Standard
CUST_00139,128.5,143.0,2.32,0.11,0,58.0,0.4,Prepaid
CUST_00140,913.22,244.0,90.23,1.73,1,78.0,1.2,Unlimited
CUST_00141,172.56,95.0,1.48,0.08,0,71.0,0.4,Basic
CUST_00142,531.56,243.0,1.85,0.46,3,60.0,6.1,Basic
CUST_00143,594.58,463.0,21.88,5.99,0,129.0,3.0,International
CUST_00144,118.27,113.0,0.58,0.06,0,34.0,0.3,Basic
CUST_00145,175.22,312.0,11.59,0.3,4,217.0,4.2,Standard
CUST_00146,755.36,287.0,14.58,7.4,1,56.0,0.4,Standard
CUST_00147,1036.58,661.0,53.16,1.79,0,194.0,0.8,Unlimited
CUST_00148,135.97,106.0,1.99,0.18,0,53.0,2.3,Prepaid
CUST_00149,178.03,140.0,0.9,0.04,0,45.0,0.9,Basic
CUST_00150,1284.05,569.0,48.21,1.1,0,199.0,0.4,Premium
CUST_00151,1012.3,427.0,14.98,,1,122.0,2.8,International
CUST_00152,867.19,363.0,12.49,6.39,1,174.0,7.4,International
CUST_00153,449.03,275.0,10.73,0.36,1,79.0,0.7,Standard
CUST_00154,257.61,387.0,6.55,0.46,3,87.0,4.4,Basic
CUST_00155,1037.42,653.0,55.37,2.04,0,264.0,0.1,Premium
CUST_00156,866.27,401.0,16.55,6.72,2,105.0,0.5,International
CUST_00157,1130.58,492.0,37.94,2.93,1,186.0,0.7,Unlimited
CUST_00158,205.57,76.0,1.29,0.08,0,44.0,3.9,Basic
CUST_00159,1466.98,452.0,58.06,2.1,0,144.0,0.0,Unlimited
CUST_00160,475.93,358.0,14.14,0.2,0,151.0,0.7,Standard
CUST_00161,141.25,88.0,2.4,0.07,0,19.0,0.2,Basic
CUST_00162,391.37,246.0,12.53,0.47,2,84.0,0.7,Standard
CUST_00163,323.68,248.0,10.27,0.59,1,69.0,5.0,Basic
CUST_00164,164.18,87.0,2.48,0.13,0,61.0,0.3,Basic
CUST_00165,330.45,286.0,9.66,0.31,1,118.0,1.7,Standard
CUST_00166,206.59,77.0,1.85,0.22,1,59.0,0.4,Basic
CUST_00167,678.83,232.0,102.93,1.1,1,92.0,1.7,Data Plan
CUST_00168,763.33,166.0,92.64,0.79,2,74.0,0.2,Unlimited
CUST_00169,338.19,182.0,10.34,0.77,4,192.0,11.3,Standard
CUST_00170,459.77,273.0,9.32,0.37,0,112.0,4.0,Standard
CUST_00171,129.54,95.0,2.28,0.15,0,52.0,0.8,Basic
CUST_00172,1052.4,264.0,79.31,0.88,0,82.0,1.3,Data Plan
CUST_00173,856.46,423.0,13.51,5.07,2,86.0,8.6,International
CUST_00174,774.39,426.0,16.06,2.3,1,45.0,1.5,International
CUST_00175,165.58,74.0,2.15,0.14,1,15.0,0.9,Basic
CUST_00176,149.37,150.0,1.35,0.0,0,84.0,0.3,Basic
CUST_00177,285.92,231.0,13.53,0.14,1,186.0,0.9,Standard
CUST_00178,888.12,170.0,90.01,1.54,1,111.0,0.1,Data Plan
CUST_00179,1377.5,692.0,51.12,1.32,0,204.0,0.2,Unlimited
CUST_00180,1091.69,665.0,39.75,1.69,0,134.0,0.0,Premium
CUST_00181,363.85,244.0,3.19,0.26,1,92.0,0.0,Standard
CUST_00182,543.18,235.0,10.41,0.47,0,146.0,7.2,Standard
CUST_00183,1204.33,657.0,35.96,2.06,0,143.0,0.7,Unlimited
CUST_00184,427.01,272.0,9.51,0.23,0,162.0,4.4,Postpaid
CUST_00185,1091.98,44.0,1.87,44.08,0,169.0,0.3,Premium
CUST_00186,386.12,232.0,9.52,0.33,5,149.0,12.6,Standard
CUST_00187,164.14,120.0,2.86,0.11,0,31.0,0.1,Basic
CUST_00188,306.85,262.0,8.57,0.33,4,58.0,4.3,Standard
CUST_00189,397.98,347.0,11.56,0.41,3,137.0,5.1,Standard
CUST_00190,161.97,65.0,2.18,0.11,0,62.0,1.1,Prepaid
CUST_00191,371.74,157.0,8.64,0.39,3,155.0,3.6,Basic
CUST_00192,448.93,237.0,8.38,0.42,16,204.0,84.7,Standard
CUST_00193,511.09,319.0,11.42,0.21,0,108.0,2.2,Postpaid
CUST_00194,379.94,296.0,11.03,0.29,1,141.0,4.4,Standard
CUST_00195,285.2,347.0,14.3,0.9,4,98.0,10.4,Basic
CUST_00196,998.46,648.0,61.3,1.92,0,185.0,0.4,Unlimited
CUST_00197,152.28,101.0,1.61,0.1,0,39.0,1.1,Basic
CUST_00198,471.31,297.0,8.51,0.34,1,192.0,1.3,Standard
CUST_00199,153.84,52.0,2.76,0.05,0,46.0,0.6,Prepaid
CUST_00200,473.6,223.0,10.49,0.29,0,143.0,11.3,Postpaid
CUST_00201,1336.04,659.0,45.42,2.4,2,291.0,0.2,Premium
CUST_00202,862.22,218.0,86.71,0.94,0,90.0,2.5,Data Plan
CUST_00203,173.24,105.0,1.56,0.08,0,31.0,0.7,Basic
CUST_00204,494.78,259.0,10.65,0.25,0,174.0,1.8,Standard
CUST_00205,1150.12,224.0,62.58,1.01,1,78.0,4.4,Data Plan
CUST_00206,117.55,99.0,1.71,0.03,0,29.0,1.7,Basic
CUST_00207,271.84,195.0,10.2,0.62,3,112.0,4.2,Basic
CUST_00208,152.98,94.0,2.17,0.0,0,41.0,0.9,Basic
CUST_00209,270.17,228.0,8.87,0.27,7,113.0,4.6,Basic
CUST_00210,182.96,145.0,1.13,0.16,0,31.0,0.1,Prepaid
CUST_00211,400.26,360.0,9.11,0.37,0,182.0,0.6,Standard
CUST_00212,369.12,203.0,5.1,0.34,2,133.0,12.9,Standard
CUST_00213,305.25,421.0,3.64,0.63,3,125.0,16.4,Basic
CUST_00214,894.1,181.0,58.24,1.01,0,52.0,0.2,Data Plan
CUST_00215,1232.91,447.0,54.71,2.02,1,230.0,0.1,Unlimited
CUST_00216,421.78,303.0,7.01,0.92,1,87.0,,Basic
CUST_00217,778.63,326.0,14.93,10.81,1,105.0,0.1,International
CUST_00218,662.09,375.0,13.84,7.34,0,104.0,4.0,Standard
CUST_00219,338.27,247.0,5.2,0.56,2,134.0,0.1,Basic
CUST_00220,375.15,228.0,10.83,0.27,1,104.0,2.2,Standard
CUST_00221,516.29,204.0,4.33,0.69,0,105.0,2.3,Basic
CUST_00222,873.94,543.0,13.13,10.21,1,100.0,1.2,International
CUST_00223,50.44,264.0,8.77,0.79,5,122.0,0.2,Basic
CUST_00224,126.9,82.0,1.22,0.1,1,61.0,0.3,Prepaid
CUST_00225,1261.3,153.0,67.96,1.11,0,54.0,0.4,Unlimited
CUST_00226,443.04,373.0,11.91,0.23,0,126.0,0.1,Standard
CUST_00227,377.93,286.0,9.35,0.49,2,99.0,30.4,Basic
CUST_00228,397.28,284.0,9.39,0.54,2,26.0,8.1,Basic
CUST_00229,474.05,171.0,6.44,0.35,0,126.0,1.1,Standard
CUST_00230,1545.18,380.0,49.79,2.5,0,166.0,1.2,Premium
CUST_00231,167.09,128.0,1.97,0.23,0,53.0,0.4,Prepaid
CUST_00232,196.53,114.0,2.13,0.04,1,35.0,0.9,Prepaid
CUST_00233,983.79,542.0,43.95,1.53,0,110.0,0.5,Premium
CUST_00234,1097.9,227.0,10.01,8.92,1,125.0,0.9,Standard
CUST_00235,422.98,210.0,9.16,0.36,0,100.0,1.5,Standard
CUST_00236,937.87,581.0,43.3,2.02,1,218.0,1.8,Premium
CUST_00237,176.1,92.0,1.98,0.17,0,12.0,1.3,Basic
CUST_00238,466.46,304.0,8.86,0.38,1,191.0,1.9,Postpaid
CUST_00239,634.06,310.0,14.55,8.81,2,40.0,9.4,International
CUST_00240,1124.79,212.0,51.58,0.92,1,62.0,1.2,Data Plan
CUST_00241,568.64,224.0,6.47,0.69,1,104.0,4.7,Basic
CUST_00242,370.4,294.0,9.88,0.31,15,83.0,77.5,Standard
CUST_00243,143.41,100.0,2.32,0.18,0,65.0,0.0,Prepaid
CUST_00244,1090.52,576.0,63.75,1.69,1,259.0,0.7,Premium
CUST_00245,101.59,145.0,1.97,0.0,2,46.0,0.4,Basic
CUST_00246,194.33,87.0,1.93,0.08,0,49.0,1.3,Prepaid
CUST_00247,881.78,315.0,13.73,6.53,0,113.0,2.9,Standard
CUST_00248,453.06,288.0,13.41,0.21,0,113.0,5.6,Standard
CUST_00249,428.39,456.0,10.51,0.36,0,125.0,1.7,Standard
CUST_00250,1426.37,429.0,41.26,2.66,0,154.0,0.6,Unlimited
CUST_00251,278.97,179.0,9.11,1.01,4,112.0,4.5,Basic
CUST_00252,128.94,116.0,1.94,0.09,1,62.0,0.7,Basic
CUST_00253,802.15,218.0,87.05,0.92,0,54.0,0.0,Data Plan
CUST_00254,741.57,423.0,,8.85,2,93.0,2.6,International
CUST_00255,462.51,245.0,14.27,0.34,1,211.0,0.6,Postpaid
CUST_00256,472.71,108.0,4.44,0.86,5,185.0,9.5,Standard
CUST_00257,414.46,209.0,10.93,0.19,1,179.0,0.0,Postpaid
CUST_00258,775.03,215.0,77.44,0.22,0,76.0,2.1,Unlimited
CUST_00259,617.78,265.0,11.86,0.41,0,116.0,4.4,Standard
CUST_00260,401.12,352.0,10.5,0.37,0,147.0,0.5,Standard
CUST_00261,1556.86,540.0,59.99,2.02,24,209.0,38.7,Premium
CUST_00262,294.5,198.0,4.33,0.35,2,176.0,0.6,Basic
CUST_00263,798.78,196.0,84.82,1.07,1,81.0,0.8,Data Plan
CUST_00264,495.88,340.0,9.58,0.41,0,73.0,0.5,Standard
CUST_00265,106.8,82.0,1.89,0.0,1,35.0,0.3,Basic
CUST_00266,1404.05,679.0,52.14,1.25,0,208.0,0.1,Premium
CUST_00267,304.01,334.0,6.78,0.45,6,145.0,18.4,Standard
CUST_00268,1199.05,567.0,44.6,2.34,0,189.0,0.0,Premium
CUST_00269,392.07,374.0,11.01,0.19,0,217.0,0.3,Standard
CUST_00270,77.27,45.0,1.69,0.15,0,64.0,0.5,Prepaid
CUST_00271,546.42,357.0,10.08,0.32,0,95.0,3.0,Standard
CUST_00272,704.94,207.0,85.36,1.09,0,78.0,0.9,Data Plan
CUST_00273,684.77,256.0,91.87,1.01,0,90.0,1.2,Data Plan
CUST_00274,1078.65,229.0,85.59,0.62,0,97.0,0.2,Data Plan
CUST_00275,117.57,99.0,1.92,0.09,0,40.0,0.4,Basic
CUST_00276,1402.1,481.0,39.81,1.86,0,172.0,0.0,Unlimited
CUST_00277,431.08,230.0,11.44,0.49,2,147.0,5.4,Basic
CUST_00278,177.12,63.0,2.19,0.09,0,38.0,0.2,Basic
CUST_00279,342.24,85.0,6.75,0.74,2,103.0,1.5,Basic
CUST_00280,1459.51,559.0,45.1,1.25,0,148.0,2.4,Unlimited
CUST_00281,787.77,485.0,18.6,3.87,0,126.0,0.1,International
CUST_00282,134.11,89.0,2.57,0.11,0,38.0,0.3,Prepaid
CUST_00283,1035.36,255.0,88.64,0.91,0,111.0,1.9,Data Plan
CUST_00284,918.82,293.0,66.64,0.85,11,80.0,82.6,Data Plan
CUST_00285,1136.25,284.0,67.96,1.07,1,111.0,0.5,Data Plan
CUST_00286,941.22,507.0,12.77,6.31,1,45.0,0.1,Standard
CUST_00287,394.83,313.0,10.75,0.09,1,196.0,4.2,Standard
CUST_00288,475.42,276.0,11.59,0.04,1,78.0,5.1,Standard
CUST_00289,458.2,327.0,11.61,0.29,1,196.0,5.8,Standard
CUST_00290,498.43,349.0,14.09,0.29,1,50.0,3.0,Postpaid
CUST_00291,1389.89,704.0,30.12,2.01,0,270.0,0.0,Unlimited
CUST_00292,673.83,390.0,21.84,9.13,0,106.0,3.6,International
CUST_00293,442.52,267.0,4.96,0.37,3,116.0,25.1,Standard
CUST_00294,502.09,414.0,11.85,,1,107.0,1.2,Standard
CUST_00295,50.0,265.0,8.32,0.43,8,165.0,1.8,Standard
CUST_00296,646.31,256.0,22.46,7.05,0,121.0,2.5,International
CUST_00297,235.79,315.0,6.95,0.73,5,92.0,11.3,Basic
CUST_00298,751.95,270.0,17.42,6.03,1,93.0,2.3,International
CUST_00299,196.26,113.0,2.22,0.05,1,50.0,2.8,Prepaid
CUST_00300,309.38,140.0,8.15,0.8,2,73.0,9.9,Basic
CUST_00301,1067.72,477.0,15.7,6.81,0,185.0,1.6,International
CUST_00302,140.32,94.0,1.9,0.01,0,68.0,0.9,Prepaid
CUST_00303,978.34,291.0,9.79,7.98,1,93.0,1.3,Standard
CUST_00304,313.71,302.0,11.58,0.21,2,187.0,3.8,Postpaid
CUST_00305,157.73,92.0,1.9,0.13,0,34.0,1.0,Basic
CUST_00306,1283.51,493.0,44.15,2.2,0,203.0,0.8,Premium
CUST_00307,310.13,207.0,7.33,0.62,3,104.0,19.0,Standard
CUST_00308,987.37,317.0,18.24,9.14,0,122.0,2.5,Standard
CUST_00309,147.85,55.0,1.09,0.08,0,61.0,0.0,Basic
CUST_00310,1297.55,705.0,51.2,2.14,2,287.0,0.8,Premium
CUST_00311,793.74,251.0,75.0,0.99,0,92.0,1.3,Data Plan
CUST_00312,503.81,202.0,5.82,0.37,6,90.0,10.8,Standard
CUST_00313,836.14,267.0,47.89,1.17,0,57.0,2.0,Unlimited
CUST_00314,679.36,517.0,10.41,9.12,2,108.0,4.6,International
CUST_00315,190.36,135.0,2.39,0.1,0,34.0,0.3,Basic
CUST_00316,708.54,497.0,17.03,7.48,2,140.0,3.2,International
CUST_00317,1598.67,468.0,60.04,1.57,2,212.0,1.0,Premium
CUST_00318,711.42,440.0,13.12,6.9,0,118.0,8.0,Standard
CUST_00319,360.79,276.0,6.97,0.59,2,50.0,17.7,Standard
CUST_00320,1422.12,635.0,52.34,2.7,1,182.0,2.3,Premium
CUST_00321,403.62,17.0,1.03,35.45,4,130.0,1.1,Basic
CUST_00322,411.08,289.0,10.22,0.28,2,134.0,7.0,Postpaid
CUST_00323,15.62,573.0,37.75,2.46,0,222.0,0.1,Premium
CUST_00324,935.88,216.0,82.98,0.73,0,71.0,0.1,Data Plan
CUST_00325,1040.42,404.0,16.26,11.54,1,105.0,0.2,International
CUST_00326,718.18,369.0,17.59,3.51,1,105.0,4.6,International
CUST_00327,385.87,327.0,7.71,0.21,0,189.0,0.4,Postpaid
CUST_00328,506.82,200.0,7.41,0.6,6,81.0,0.0,Standard
CUST_00329,541.85,172.0,9.44,0.69,6,160.0,15.4,Basic
CUST_00330,1126.62,449.0,35.22,1.68,0,246.0,0.1,Premium
CUST_00331,167.39,110.0,1.91,0.16,0,96.0,0.1,Prepaid
CUST_00332,485.44,322.0,7.91,0.26,0,174.0,2.2,Standard
CUST_00333,127.45,93.0,1.84,0.17,0,66.0,1.0,Basic
CUST_00334,425.74,285.0,10.39,0.27,0,180.0,1.8,Standard
CUST_00335,813.82,237.0,92.26,1.04,1,80.0,1.5,Data Plan
CUST_00336,1016.4,531.0,57.94,1.81,1,197.0,1.4,Unlimited
CUST_00337,337.15,252.0,9.13,0.21,0,83.0,3.5,Standard
CUST_00338,308.56,115.0,6.47,0.71,2,88.0,28.4,Basic
CUST_00339,919.23,335.0,13.9,7.54,3,138.0,2.2,International
CUST_00340,911.47,787.0,70.04,1.67,0,179.0,0.2,Premium
CUST_00341,1495.96,681.0,41.17,2.49,0,224.0,0.1,Unlimited
CUST_00342,361.36,139.0,8.79,0.79,3,138.0,8.8,Basic
CUST_00343,998.49,614.0,62.72,2.65,0,288.0,0.2,Unlimited
CUST_00344,272.35,273.0,7.53,0.64,0,95.0,0.5,Basic
CUST_00345,406.07,266.0,6.76,0.51,4,153.0,4.8,Basic
CUST_00346,153.68,81.0,1.36,0.06,1,28.0,0.2,Prepaid
CUST_00347,1036.08,896.0,40.97,1.78,0,260.0,0.2,Unlimited
CUST_00348,218.89,333.0,5.9,0.44,1,133.0,6.7,Basic
CUST_00349,962.64,412.0,15.68,7.0,2,108.0,3.6,International
CUST_00350,557.98,457.0,17.8,4.68,1,36.0,5.4,International
CUST_00351,694.39,345.0,13.55,0.56,5,110.0,0.7,Basic
CUST_00352,316.11,294.0,8.52,0.26,0,99.0,1.9,Postpaid
CUST_00353,178.51,122.0,2.07,0.14,0,42.0,0.3,Basic
CUST_00354,156.4,100.0,1.86,0.1,0,54.0,3.6,Basic
CUST_00355,904.68,134.0,80.29,0.46,0,79.0,0.8,Data Plan
CUST_00356,1427.56,709.0,49.31,1.95,0,251.0,,Unlimited
CUST_00357,1119.97,822.0,50.26,1.28,0,251.0,0.7,Unlimited
CUST_00358,349.21,298.0,9.76,,3,171.0,5.3,Standard
CUST_00359,815.81,305.0,59.92,0.71,1,115.0,2.2,Unlimited
CUST_00360,387.38,383.0,13.58,0.28,1,149.0,0.7,Postpaid
CUST_00361,415.82,265.0,12.54,0.39,0,145.0,4.1,Standard
CUST_00362,1532.68,623.0,63.05,2.65,1,119.0,0.5,Unlimited
CUST_00363,1391.06,746.0,54.07,2.21,0,206.0,0.5,Unlimited
CUST_00364,382.19,222.0,7.33,0.8,3,79.0,15.0,Basic
CUST_00365,1136.47,620.0,41.04,2.28,0,254.0,0.6,Unlimited
CUST_00366,324.46,322.0,6.4,0.48,1,154.0,7.5,Basic
CUST_00367,146.36,250.0,5.15,0.63,4,58.0,3.8,Standard
CUST_00368,909.37,196.0,93.17,1.03,0,78.0,0.8,Data Plan
CUST_00369,1356.66,586.0,52.63,1.79,1,223.0,0.7,Unlimited
CUST_00370,424.88,331.0,10.57,0.44,0,182.0,5.3,Standard
CUST_00371,442.28,263.0,5.23,0.33,0,185.0,0.5,Standard
CUST_00372,5502.08,327.0,4.33,26.56,8,155.0,3.9,Basic
CUST_00373,242.25,273.0,8.6,0.3,0,103.0,0.3,Postpaid
CUST_00374,185.61,85.0,1.78,0.06,0,61.0,0.3,Prepaid
CUST_00375,347.7,451.0,10.64,0.32,1,195.0,1.3,Postpaid
CUST_00376,260.53,202.0,5.66,0.69,2,118.0,2.9,Basic
CUST_00377,410.91,223.0,9.39,0.18,2,143.0,2.7,Basic
CUST_00378,321.25,154.0,11.64,0.26,1,114.0,2.3,Standard
CUST_00379,181.59,24.0,1.86,43.8,0,66.0,0.2,Prepaid
CUST_00380,148.93,107.0,1.02,0.03,0,57.0,2.0,Basic
CUST_00381,719.95,392.0,16.16,9.13,1,34.0,2.8,International
CUST_00382,1007.85,413.0,16.56,4.46,1,72.0,3.1,International
CUST_00383,422.53,395.0,10.22,0.35,0,201.0,0.4,Standard
CUST_00384,362.93,218.0,7.11,0.39,17,27.0,82.5,Standard
CUST_00385,161.22,126.0,1.26,0.15,0,44.0,1.2,Prepaid
CUST_00386,718.7,367.0,14.83,6.45,0,113.0,0.1,International
CUST_00387,620.89,179.0,65.94,0.77,1,41.0,0.3,Data Plan
CUST_00388,501.57,138.0,12.73,0.42,0,97.0,1.1,Standard
CUST_00389,446.95,326.0,15.69,0.31,0,147.0,0.2,Postpaid
CUST_00390,458.56,316.0,7.38,0.23,1,87.0,1.4,Postpaid
CUST_00391,655.39,416.0,18.46,9.69,0,128.0,0.7,International
CUST_00392,311.42,302.0,8.16,0.85,0,159.0,8.3,Basic
CUST_00393,400.82,204.0,8.88,0.42,1,130.0,1.3,Standard
CUST_00394,433.38,340.0,11.54,0.21,1,163.0,5.2,Postpaid
CUST_00395,1379.44,578.0,33.88,1.94,1,233.0,0.0,Premium
CUST_00396,1187.58,686.0,43.48,1.42,0,218.0,0.0,Premium
CUST_00397,1149.78,665.0,48.41,2.17,0,153.0,0.1,Unlimited
CUST_00398,282.24,326.0,8.27,0.18,0,147.0,2.5,Postpaid
CUST_00399,127.96,80.0,1.33,0.07,0,65.0,0.8,Basic
CUST_00400,98.25,121.0,1.96,0.12,0,42.0,0.4,Basic
CUST_00401,304.09,342.0,12.37,0.09,0,222.0,1.6,Standard
CUST_00402,993.22,519.0,11.18,10.45,0,110.0,2.2,International
CUST_00403,1038.04,201.0,80.24,1.25,1,82.0,6.0,Unlimited
CUST_00404,779.72,195.0,97.56,1.53,0,84.0,0.5,Data Plan
CUST_00405,911.71,640.0,41.0,2.67,0,242.0,2.0,Premium
CUST_00406,161.46,95.0,2.48,0.08,0,43.0,0.2,Basic
CUST_00407,953.79,600.0,40.34,2.65,0,216.0,0.2,Unlimited
CUST_00408,909.64,403.0,21.16,9.85,0,65.0,0.0,Standard
CUST_00409,438.87,376.0,10.61,0.36,0,129.0,0.2,Postpaid
CUST_00410,129.69,91.0,2.1,0.09,0,71.0,0.8,Prepaid
CUST_00411,275.59,225.0,8.98,0.46,4,117.0,7.7,Basic
CUST_00412,427.76,342.0,10.58,0.27,0,162.0,0.1,Standard
CUST_00413,416.63,379.0,11.49,0.35,1,198.0,0.5,Standard
CUST_00414,302.53,437.0,8.3,0.22,2,121.0,13.4,Standard
CUST_00415,895.92,209.0,63.18,0.94,0,87.0,1.2,Data Plan
CUST_00416,705.57,238.0,69.56,1.82,0,86.0,0.3,Data Plan
CUST_00417,119.27,73.0,1.85,0.12,0,63.0,0.2,Basic
CUST_00418,377.36,256.0,6.44,0.16,0,136.0,1.2,Postpaid
CUST_00419,892.99,92.0,68.07,0.93,1,66.0,1.5,Data Plan
CUST_00420,261.68,240.0,15.54,0.43,5,139.0,27.3,Basic
CUST_00421,1312.64,626.0,48.2,2.18,0,225.0,0.2,Unlimited
CUST_00422,180.72,95.0,0.9,0.0,11,71.0,56.4,Prepaid
CUST_00423,505.79,266.0,10.22,0.33,0,82.0,0.7,Postpaid
CUST_00424,472.92,285.0,12.59,0.32,0,144.0,1.7,Standard
CUST_00425,1216.78,237.0,,0.82,0,81.0,0.1,Data Plan
CUST_00426,4979.27,146.0,8.94,26.08,14,105.0,5.3,Basic
CUST_00427,252.29,261.0,6.82,0.67,3,120.0,9.7,Standard
CUST_00428,177.79,114.0,1.52,0.16,0,53.0,0.5,Prepaid
CUST_00429,930.24,279.0,92.12,0.67,0,56.0,3.8,Unlimited
CUST_00430,881.72,115.0,88.12,1.14,1,99.0,1.4,Data Plan
CUST_00431,424.18,253.0,8.48,0.3,0,191.0,0.5,Standard
CUST_00432,986.04,647.0,33.22,1.58,0,102.0,1.0,Premium
CUST_00433,150.38,57.0,2.02,0.0,0,42.0,1.6,Prepaid
CUST_00434,188.23,392.0,10.96,0.25,1,157.0,0.8,Standard
CUST_00435,462.41,199.0,9.59,0.19,2,178.0,0.4,Standard
CUST_00436,1253.42,646.0,37.42,1.53,1,216.0,0.8,Premium
CUST_00437,688.26,241.0,14.36,9.32,3,127.0,4.5,International
CUST_00438,309.55,289.0,9.45,0.42,0,76.0,2.2,Standard
CUST_00439,151.14,105.0,1.48,0.12,0,46.0,1.2,Basic
CUST_00440,1142.43,691.0,61.87,2.65,1,152.0,0.9,Premium
CUST_00441,1303.84,616.0,29.54,2.11,0,274.0,0.4,Premium
CUST_00442,958.48,378.0,12.29,7.95,2,84.0,1.2,International
CUST_00443,745.79,130.0,97.4,1.04,0,56.0,1.9,Data Plan
CUST_00444,135.75,121.0,1.13,0.07,0,44.0,2.3,Prepaid
CUST_00445,138.86,87.0,1.47,0.11,0,55.0,0.6,Basic
CUST_00446,1158.41,531.0,40.64,1.74,0,184.0,0.0,Premium
CUST_00447,1279.37,659.0,61.64,1.66,0,196.0,0.2,Unlimited
CUST_00448,1000.99,442.0,68.49,2.71,1,259.0,0.2,Premium
CUST_00449,98.92,78.0,2.24,0.07,0,57.0,1.9,Prepaid
CUST_00450,364.99,380.0,9.19,0.3,1,121.0,2.3,Standard
CUST_00451,93.88,121.0,2.73,0.11,0,51.0,1.3,Basic
CUST_00452,848.9,246.0,88.56,0.89,0,88.0,0.6,Data Plan
CUST_00453,404.41,371.0,6.63,0.4,0,121.0,0.3,Standard
CUST_00454,322.88,179.0,6.44,0.93,3,150.0,19.5,Standard
CUST_00455,194.78,97.0,1.99,0.06,0,38.0,0.3,Basic
CUST_00456,137.38,77.0,1.61,0.11,0,36.0,1.1,Prepaid
CUST_00457,421.58,345.0,8.92,0.32,0,136.0,1.3,Standard
CUST_00458,196.25,82.0,5.37,0.73,3,62.0,2.2,Standard
CUST_00459,168.31,106.0,2.35,0.16,0,20.0,0.5,Basic
CUST_00460,152.61,115.0,1.82,0.04,0,75.0,0.6,Basic
CUST_00461,835.86,322.0,12.55,6.7,1,79.0,6.5,Standard
CUST_00462,904.77,177.0,123.3,1.11,1,57.0,0.3,Data Plan
CUST_00463,107.92,123.0,1.49,0.04,0,55.0,0.3,Basic
CUST_00464,358.76,343.0,9.27,0.61,5,170.0,2.1,Basic
CUST_00465,330.93,257.0,12.49,0.82,3,123.0,9.0,Standard
CUST_00466,759.27,290.0,78.25,1.53,0,77.0,2.9,Data Plan
CUST_00467,307.35,264.0,8.17,0.6,5,100.0,0.4,Standard
CUST_00468,110.4,112.0,1.35,0.13,0,46.0,0.2,Basic
CUST_00469,251.36,359.0,10.85,0.19,0,168.0,3.3,Standard
CUST_00470,156.1,81.0,2.28,0.08,0,40.0,2.3,Basic
CUST_00471,346.26,264.0,9.02,0.27,1,182.0,1.7,Standard
CUST_00472,106.56,88.0,1.98,0.08,0,38.0,1.9,Basic
CUST_00473,1048.41,468.0,42.36,2.17,0,220.0,0.5,Premium
CUST_00474,276.56,258.0,4.53,0.43,1,130.0,5.6,Standard
CUST_00475,145.98,101.0,1.81,0.04,0,38.0,0.9,Basic
CUST_00476,1268.33,553.0,24.17,2.4,0,114.0,0.1,Unlimited
CUST_00477,420.65,408.0,17.06,7.53,2,125.0,8.0,International
CUST_00478,780.71,244.0,94.54,0.93,0,71.0,2.8,Data Plan
CUST_00479,1215.2,537.0,38.57,1.69,0,142.0,0.1,Unlimited
CUST_00480,742.68,478.0,13.62,8.06,1,147.0,0.7,International
CUST_00481,423.53,46.0,1.72,25.81,1,130.0,3.6,Postpaid
CUST_00482,195.69,92.0,2.24,0.07,0,40.0,0.6,Basic
CUST_00483,481.71,253.0,9.37,0.41,1,121.0,5.3,Standard
CUST_00484,1139.32,587.0,43.6,2.61,0,217.0,0.8,Premium
CUST_00485,125.03,82.0,2.44,0.11,1,81.0,0.8,Prepaid
CUST_00486,1004.59,486.0,14.68,4.07,0,39.0,1.8,Standard
CUST_00487,1266.03,519.0,74.87,1.56,0,135.0,0.7,Unlimited
CUST_00488,197.8,110.0,2.18,0.07,0,34.0,0.5,Basic
CUST_00489,143.76,143.0,2.25,0.09,0,52.0,0.4,Basic
CUST_00490,501.59,319.0,10.01,0.16,0,144.0,1.4,Standard
CUST_00491,70.47,114.0,1.57,0.12,0,39.0,0.8,Basic
CUST_00492,1003.36,140.0,62.68,0.65,0,87.0,0.1,Data Plan
CUST_00493,349.84,218.0,10.71,0.62,1,99.0,1.2,Standard
CUST_00494,1016.65,170.0,79.54,0.31,0,115.0,1.9,Data Plan
CUST_00495,124.61,84.0,2.43,0.06,0,66.0,0.9,Basic
CUST_00496,1312.08,672.0,53.27,0.73,0,265.0,0.5,Unlimited
CUST_00497,324.57,253.0,10.45,0.48,4,138.0,0.6,Standard
CUST_00498,439.22,252.0,8.94,0.4,0,224.0,2.9,Postpaid
CUST_00499,422.65,296.0,9.92,0.27,0,131.0,0.5,Standard
CUST_00500,517.39,438.0,17.11,8.72,0,41.0,0.9,International
CUST_00501,541.5,320.0,20.5,7.37,1,105.0,1.8,Standard
CUST_00502,888.61,420.0,17.47,8.13,1,71.0,1.7,International
CUST_00503,952.09,538.0,16.05,8.26,0,80.0,3.5,International
CUST_00504,400.4,224.0,4.52,0.49,4,112.0,11.8,Basic
CUST_00505,118.4,114.0,2.02,0.09,0,56.0,3.1,Basic
CUST_00506,148.12,77.0,1.75,0.09,0,56.0,0.8,Basic
CUST_00507,659.17,10.0,,37.72,0,84.0,0.1,International
CUST_00508,1343.3,256.0,98.35,0.95,0,97.0,0.2,Unlimited
CUST_00509,196.5,86.0,1.81,0.04,1,40.0,0.4,Basic
CUST_00510,106.27,86.0,2.3,0.1,1,51.0,0.2,Basic
CUST_00511,335.59,331.0,11.12,0.2,1,178.0,0.6,Standard
CUST_00512,207.62,330.0,11.05,,0,140.0,0.1,Postpaid
CUST_00513,266.24,225.0,9.73,0.31,1,122.0,9.4,Standard
CUST_00514,295.39,185.0,7.0,0.6,6,56.0,3.3,Basic
CUST_00515,890.72,381.0,12.39,4.57,0,61.0,8.1,International
CUST_00516,1375.12,669.0,44.23,1.96,0,250.0,0.5,Unlimited
CUST_00517,929.49,466.0,64.28,1.97,0,234.0,0.7,Premium
CUST_00518,893.99,535.0,38.84,2.73,0,250.0,0.1,Unlimited
CUST_00519,403.14,174.0,6.48,0.22,1,192.0,4.1,Postpaid
CUST_00520,746.7,392.0,13.98,10.04,1,142.0,0.3,International
CUST_00521,920.88,459.0,15.28,9.35,1,93.0,0.3,International
CUST_00522,1504.09,751.0,75.13,1.7,0,254.0,1.5,Premium
CUST_00523,148.02,114.0,2.25,0.18,1,36.0,1.1,Basic
CUST_00524,765.52,457.0,41.45,2.85,0,251.0,1.1,Premium
CUST_00525,344.13,188.0,8.04,0.37,0,71.0,0.6,Standard
CUST_00526,393.74,365.0,8.16,0.22,1,166.0,2.0,Standard
CUST_00527,283.8,370.0,10.42,0.46,0,59.0,0.1,Standard
CUST_00528,543.87,340.0,17.58,5.77,0,118.0,3.5,International
CUST_00529,149.63,93.0,2.34,0.17,0,44.0,1.2,Prepaid
CUST_00530,1082.13,685.0,42.59,2.24,0,185.0,0.2,Unlimited
CUST_00531,503.47,265.0,9.49,0.12,0,138.0,0.6,Standard
CUST_00532,506.92,396.0,3.25,0.29,0,160.0,1.1,Basic
CUST_00533,211.72,125.0,1.86,0.05,0,83.0,0.6,Basic
CUST_00534,693.97,173.0,74.66,0.76,1,113.0,0.1,Unlimited
CUST_00535,435.71,292.0,13.81,0.28,0,160.0,0.6,Standard
CUST_00536,1044.21,155.0,72.51,1.57,1,78.0,0.7,Data Plan
CUST_00537,358.61,245.0,3.06,0.49,3,173.0,20.2,Standard
CUST_00538,152.15,131.0,1.69,0.09,0,80.0,0.0,Basic
CUST_00539,148.37,65.0,1.98,0.05,0,39.0,0.2,Basic
CUST_00540,876.59,236.0,70.06,1.03,1,107.0,1.1,Unlimited
CUST_00541,458.06,212.0,5.5,0.93,2,129.0,16.5,Standard
CUST_00542,478.28,401.0,11.24,0.27,0,158.0,0.7,Standard
CUST_00543,900.24,199.0,77.73,1.06,0,108.0,1.1,Unlimited
CUST_00544,1214.03,498.0,70.93,2.7,1,280.0,0.3,Premium
CUST_00545,542.69,270.0,6.53,0.72,2,110.0,18.4,Standard
CUST_00546,925.84,279.0,82.73,0.92,1,100.0,4.9,Data Plan
CUST_00547,363.34,46.0,0.74,34.9,2,141.0,3.4,Postpaid
CUST_00548,722.85,189.0,85.33,0.4,0,48.0,0.5,Unlimited
CUST_00549,797.6,171.0,76.35,1.27,0,88.0,2.0,Data Plan
CUST_00550,127.44,92.0,1.95,0.16,0,58.0,3.8,Basic
CUST_00551,377.47,258.0,9.24,0.09,0,201.0,10.1,Standard
CUST_00552,296.58,342.0,9.46,0.52,3,111.0,4.8,Basic
CUST_00553,459.43,294.0,9.26,0.4,2,240.0,0.1,Standard
CUST_00554,344.01,231.0,14.04,0.5,0,141.0,0.7,Standard
CUST_00555,919.26,246.0,99.73,0.5,0,71.0,2.4,Data Plan
CUST_00556,712.01,414.0,18.14,6.48,1,124.0,3.5,International
CUST_00557,1314.12,555.0,44.7,1.71,0,158.0,0.6,Premium
CUST_00558,941.71,217.0,102.26,0.57,0,71.0,1.2,Data Plan
CUST_00559,926.77,138.0,86.99,0.84,0,64.0,1.5,Data Plan
CUST_00560,1113.53,639.0,43.92,2.02,0,173.0,0.5,Unlimited
CUST_00561,821.97,245.0,51.74,0.73,1,52.0,3.4,Data Plan
CUST_00562,1065.12,226.0,16.89,9.4,2,101.0,0.3,Standard
CUST_00563,515.66,253.0,13.62,0.17,2,126.0,1.4,Postpaid
CUST_00564,791.06,200.0,48.28,0.98,1,39.0,2.8,Unlimited
CUST_00565,1021.07,197.0,79.41,1.15,1,46.0,0.7,Unlimited
CUST_00566,498.61,276.0,10.85,0.2,0,229.0,0.9,Postpaid
CUST_00567,280.38,294.0,7.18,0.36,0,191.0,0.1,Postpaid
CUST_00568,1280.1,537.0,52.98,2.41,1,180.0,0.1,Premium
CUST_00569,390.55,329.0,11.41,0.35,0,191.0,1.2,Standard
CUST_00570,157.8,94.0,1.24,0.13,0,62.0,0.5,Basic
CUST_00571,1166.05,573.0,53.63,1.7,0,281.0,1.2,Premium
CUST_00572,191.68,316.0,10.16,0.62,2,115.0,3.3,Standard
CUST_00573,720.43,303.0,91.17,1.29,0,71.0,1.8,Data Plan
CUST_00574,1310.59,658.0,59.58,2.65,0,181.0,0.0,Premium
CUST_00575,872.19,161.0,67.44,0.89,0,89.0,0.7,Data Plan
CUST_00576,405.91,183.0,6.68,0.78,3,143.0,3.4,Standard
CUST_00577,961.07,207.0,105.98,1.32,1,83.0,2.9,Data Plan
CUST_00578,895.4,82.0,92.59,1.21,1,74.0,0.7,Data Plan
CUST_00579,846.27,376.0,14.01,8.46,0,79.0,2.3,International
CUST_00580,1094.77,233.0,106.28,1.14,0,71.0,2.2,Unlimited
CUST_00581,559.32,416.0,12.63,7.82,1,39.0,8.6,International
CUST_00582,392.73,283.0,10.26,0.28,1,143.0,0.5,Postpaid
CUST_00583,305.99,268.0,9.28,0.64,3,35.0,5.1,Standard
CUST_00584,355.33,239.0,11.03,0.32,1,167.0,6.0,Postpaid
CUST_00585,72.27,96.0,2.45,0.14,0,64.0,2.1,Prepaid
CUST_00586,1223.19,437.0,54.3,2.19,0,128.0,0.8,Unlimited
CUST_00587,1102.48,599.0,35.15,1.67,0,234.0,0.1,Premium
CUST_00588,1050.12,620.0,53.9,2.54,0,136.0,1.2,Premium
CUST_00589,1549.65,628.0,43.75,2.96,0,161.0,0.3,Unlimited
CUST_00590,143.3,121.0,1.93,0.18,1,19.0,0.3,Basic
CUST_00591,198.37,107.0,1.74,0.03,0,67.0,0.4,Prepaid
CUST_00592,844.94,285.0,15.17,7.53,1,128.0,1.0,International
CUST_00593,953.67,428.0,15.83,8.23,0,76.0,2.2,International
CUST_00594,1135.49,288.0,74.98,0.57,0,108.0,0.5,Data Plan
CUST_00595,320.74,223.0,13.47,0.41,0,164.0,0.3,Standard
CUST_00596,1079.48,242.0,72.48,1.05,0,107.0,0.5,Unlimited
CUST_00597,1296.94,648.0,31.43,2.0,0,179.0,0.6,Unlimited
CUST_00598,164.9,83.0,1.57,0.04,0,61.0,0.4,Basic
CUST_00599,189.13,91.0,1.72,0.08,0,75.0,0.0,Prepaid
CUST_00600,193.25,92.0,,0.09,0,75.0,0.5,Basic
CUST_00601,143.6,90.0,1.72,0.06,1,37.0,0.7,Basic
CUST_00602,693.46,304.0,11.89,7.76,0,109.0,6.2,International
CUST_00603,626.77,238.0,85.32,0.74,0,104.0,0.6,Unlimited
CUST_00604,384.1,325.0,6.52,0.34,0,173.0,4.0,Standard
CUST_00605,423.9,314.0,8.0,0.22,0,204.0,3.9,Standard
CUST_00606,118.94,106.0,1.33,0.15,0,51.0,0.8,Basic
CUST_00607,356.81,319.0,9.61,0.21,0,122.0,3.9,Postpaid
CUST_00608,292.62,146.0,5.71,0.39,4,76.0,1.4,Basic
CUST_00609,642.32,206.0,96.62,0.55,1,79.0,0.5,Data Plan
CUST_00610,463.93,241.0,5.65,0.36,0,80.0,3.1,Standard
CUST_00611,14.57,453.0,9.62,11.12,1,107.0,0.6,International
CUST_00612,5655.33,309.0,11.48,39.29,11,114.0,0.9,Standard
CUST_00613,152.06,100.0,2.0,0.07,0,58.0,0.4,Basic
CUST_00614,436.49,191.0,10.06,0.26,0,146.0,2.1,Postpaid
CUST_00615,108.84,136.0,1.45,0.08,0,39.0,1.0,Basic
CUST_00616,737.67,371.0,17.88,7.54,0,164.0,8.0,Standard
CUST_00617,986.16,509.0,46.73,1.73,0,241.0,0.1,Unlimited
CUST_00618,1403.54,805.0,48.52,1.9,0,119.0,0.3,Unlimited
CUST_00619,986.23,636.0,36.36,2.0,0,74.0,1.5,Unlimited
CUST_00620,214.95,79.0,2.44,0.12,0,69.0,2.3,Basic
CUST_00621,359.37,386.0,8.24,0.28,0,202.0,2.2,Standard
CUST_00622,151.78,121.0,3.08,0.19,0,47.0,0.5,Basic
CUST_00623,337.99,269.0,1.43,0.66,4,56.0,0.1,Basic
CUST_00624,319.85,424.0,8.65,0.13,0,172.0,0.1,Standard
CUST_00625,164.37,99.0,2.27,0.17,0,50.0,1.7,Basic
CUST_00626,779.77,186.0,83.24,0.63,0,113.0,1.1,Data Plan
CUST_00627,501.87,337.0,11.8,0.25,1,130.0,1.0,Standard
CUST_00628,438.58,318.0,11.12,0.31,0,113.0,0.7,Standard
CUST_00629,353.27,264.0,11.63,0.38,0,236.0,0.5,Standard
CUST_00630,1040.73,714.0,61.47,2.15,0,217.0,0.3,Premium
CUST_00631,405.42,372.0,10.99,0.36,0,98.0,3.8,Postpaid
CUST_00632,455.59,225.0,11.62,0.3,0,105.0,0.8,Standard
CUST_00633,704.85,414.0,12.52,8.45,1,58.0,2.2,International
CUST_00634,320.22,233.0,12.91,0.44,0,259.0,0.3,Standard
CUST_00635,1116.04,232.0,62.43,1.27,2,87.0,0.4,Unlimited
CUST_00636,967.27,208.0,92.37,1.63,1,71.0,0.0,Data Plan
CUST_00637,352.32,301.0,11.64,0.42,1,185.0,0.9,Standard
CUST_00638,1215.87,581.0,54.5,2.98,0,165.0,0.1,Unlimited
CUST_00639,1015.82,458.0,60.29,1.18,1,202.0,0.7,Unlimited
CUST_00640,149.42,50.0,2.51,0.08,0,39.0,0.7,Basic
CUST_00641,112.57,130.0,2.25,0.11,2,34.0,2.7,Basic
CUST_00642,1389.98,631.0,46.19,2.94,0,200.0,0.5,Premium
CUST_00643,362.0,246.0,7.57,0.77,5,108.0,1.1,Basic
CUST_00644,481.07,259.0,11.25,0.43,1,125.0,0.2,Standard
CUST_00645,153.66,80.0,2.33,0.09,0,57.0,2.2,Basic
CUST_00646,286.73,243.0,7.23,0.57,1,145.0,1.5,Standard
CUST_00647,411.79,153.0,6.14,0.57,3,144.0,2.8,Standard
CUST_00648,330.74,236.0,15.77,,1,155.0,0.2,Postpaid
CUST_00649,444.75,309.0,8.42,0.37,1,166.0,1.8,Standard
CUST_00650,228.48,293.0,9.5,0.38,1,154.0,2.1,Standard
CUST_00651,170.46,121.0,1.44,0.22,0,38.0,0.1,Basic
CUST_00652,428.94,282.0,7.22,0.53,2,156.0,6.9,Basic
CUST_00653,203.26,112.0,1.76,0.08,0,67.0,2.6,Prepaid
CUST_00654,264.42,190.0,10.31,0.37,0,198.0,0.8,Postpaid
CUST_00655,798.67,208.0,96.0,1.08,2,86.0,0.1,Unlimited
CUST_00656,1128.3,279.0,80.88,0.74,0,46.0,2.8,Data Plan
CUST_00657,195.02,106.0,2.17,0.13,0,43.0,2.7,Basic
CUST_00658,358.78,228.0,4.04,0.2,5,155.0,9.4,Basic
CUST_00659,234.7,266.0,8.14,0.33,2,108.0,2.8,Basic
CUST_00660,164.31,143.0,1.89,0.05,0,67.0,0.2,Basic
CUST_00661,125.93,128.0,2.44,0.12,0,27.0,0.9,Prepaid
CUST_00662,1335.4,741.0,43.02,2.01,1,258.0,0.2,Unlimited
CUST_00663,195.85,68.0,1.71,0.1,1,55.0,1.9,Basic
CUST_00664,119.8,104.0,2.69,0.14,0,55.0,0.1,Basic
CUST_00665,1095.84,573.0,58.71,1.01,0,137.0,0.3,Premium
CUST_00666,124.59,78.0,2.16,0.06,0,47.0,0.5,Basic
CUST_00667,684.56,326.0,18.04,9.79,0,92.0,5.0,Standard
CUST_00668,103.12,106.0,2.14,0.16,0,38.0,0.0,Basic
CUST_00669,157.16,130.0,2.25,0.01,0,33.0,0.5,Basic
CUST_00670,411.14,369.0,13.78,8.1,1,66.0,1.4,International
CUST_00671,821.27,191.0,87.72,0.9,0,107.0,0.5,Data Plan
CUST_00672,234.64,283.0,8.74,0.86,2,149.0,12.3,Standard
CUST_00673,476.6,244.0,10.57,0.44,2,112.0,15.6,Basic
CUST_00674,433.36,421.0,11.42,6.37,1,125.0,0.3,International
CUST_00675,869.8,120.0,71.42,,2,71.0,0.3,Unlimited
CUST_00676,796.32,237.0,54.27,0.81,1,44.0,1.6,Unlimited
CUST_00677,176.14,130.0,2.17,0.17,0,61.0,0.0,Basic
CUST_00678,1067.77,498.0,64.42,1.35,0,202.0,0.5,Unlimited
CUST_00679,583.18,202.0,9.66,0.21,0,158.0,1.3,Postpaid
CUST_00680,416.98,193.0,8.32,0.34,1,124.0,1.0,Standard
CUST_00681,159.73,131.0,2.02,0.18,0,29.0,1.7,Prepaid
CUST_00682,135.92,116.0,1.76,0.16,1,46.0,0.2,Prepaid
CUST_00683,582.61,429.0,12.89,9.57,2,39.0,2.9,Standard
CUST_00684,578.51,369.0,14.47,9.97,1,114.0,2.7,International
CUST_00685,377.01,430.0,11.64,0.25,1,146.0,4.9,Postpaid
CUST_00686,783.0,111.0,95.45,0.94,0,39.0,0.4,Data Plan
CUST_00687,604.65,385.0,17.65,9.55,1,91.0,0.7,International
CUST_00688,119.76,116.0,1.39,0.09,0,69.0,0.7,Basic
CUST_00689,841.95,319.0,68.54,0.95,0,74.0,0.5,Unlimited
CUST_00690,104.59,104.0,2.91,0.11,1,36.0,1.3,Basic
CUST_00691,925.04,273.0,90.18,0.73,0,83.0,0.7,Data Plan
CUST_00692,1399.85,737.0,48.68,2.23,0,88.0,0.2,Unlimited
CUST_00693,128.16,94.0,2.23,0.11,0,62.0,0.7,Basic
CUST_00694,315.33,96.0,4.45,0.53,4,118.0,8.9,Standard
CUST_00695,790.94,170.0,99.46,0.89,0,98.0,1.0,Data Plan
CUST_00696,344.7,350.0,9.88,0.33,0,128.0,1.7,Postpaid
CUST_00697,1067.33,381.0,68.66,2.6,0,217.0,0.1,Premium
CUST_00698,450.56,235.0,8.85,0.3,1,243.0,0.8,Standard
CUST_00699,803.28,184.0,68.71,0.73,1,93.0,1.8,Unlimited
CUST_00700,180.29,59.0,1.99,0.0,0,68.0,0.2,Prepaid
CUST_00701,672.94,313.0,,8.33,1,182.0,0.2,International
CUST_00702,844.66,135.0,66.11,0.99,0,47.0,1.1,Data Plan
CUST_00703,354.18,478.0,5.1,0.05,6,35.0,15.4,Standard
CUST_00704,396.51,294.0,10.88,0.68,1,84.0,0.1,Basic
CUST_00705,1323.97,480.0,45.97,1.52,0,147.0,1.0,Premium
CUST_00706,820.13,299.0,70.68,1.02,0,102.0,1.1,Data Plan
CUST_00707,947.99,377.0,13.61,4.59,0,69.0,0.2,International
CUST_00708,792.66,520.0,50.86,1.43,0,171.0,0.5,Unlimited
CUST_00709,153.16,90.0,1.68,0.11,0,58.0,0.1,Basic
CUST_00710,4740.08,260.0,8.67,16.7,8,130.0,6.5,Standard
CUST_00711,807.4,202.0,68.99,0.82,0,116.0,2.6,Unlimited
CUST_00712,169.28,79.0,1.84,,0,34.0,0.3,Prepaid
CUST_00713,275.39,249.0,0.97,0.64,6,158.0,24.6,Basic
CUST_00714,156.27,110.0,2.26,0.14,0,57.0,0.5,Basic
CUST_00715,282.57,234.0,,0.71,5,101.0,13.6,Standard
CUST_00716,338.88,110.0,6.58,0.4,4,149.0,8.4,Basic
CUST_00717,327.79,299.0,10.79,0.33,0,141.0,0.3,Standard
CUST_00718,560.46,378.0,19.18,9.87,0,116.0,1.1,International
CUST_00719,473.08,421.0,9.41,0.36,4,72.0,9.0,Standard
CUST_00720,976.98,235.0,63.45,0.95,0,96.0,1.0,Data Plan
CUST_00721,403.03,395.0,9.53,0.23,3,128.0,10.6,Standard
CUST_00722,877.87,483.0,13.43,5.78,1,92.0,0.1,International
CUST_00723,1397.09,593.0,63.04,1.82,0,149.0,0.4,Premium
CUST_00724,173.13,125.0,2.91,0.05,1,52.0,0.3,Basic
CUST_00725,1070.25,188.0,94.62,0.74,1,60.0,1.5,Data Plan
CUST_00726,460.61,363.0,,0.43,0,193.0,2.3,Standard
CUST_00727,569.63,112.0,6.18,0.45,3,186.0,6.5,Basic
CUST_00728,471.62,348.0,9.32,0.33,0,148.0,1.6,Postpaid
CUST_00729,442.61,208.0,8.75,0.34,1,159.0,2.8,Standard
CUST_00730,1022.66,483.0,51.37,1.55,1,276.0,1.0,Premium
CUST_00731,1155.46,215.0,54.89,0.28,2,75.0,1.0,Data Plan
CUST_00732,342.17,184.0,2.76,0.44,2,74.0,1.1,Basic
CUST_00733,158.61,64.0,2.41,0.09,0,66.0,0.8,Prepaid
CUST_00734,1008.99,218.0,90.66,1.03,0,74.0,0.5,Data Plan
CUST_00735,1036.49,539.0,37.48,2.11,0,197.0,0.7,Premium
CUST_00736,413.36,346.0,8.67,0.32,1,104.0,0.2,Standard
CUST_00737,195.92,123.0,1.73,0.25,0,50.0,0.4,Basic
CUST_00738,295.47,310.0,10.61,0.47,1,105.0,3.8,Standard
CUST_00739,401.12,357.0,8.21,0.26,1,95.0,0.5,Postpaid
CUST_00740,356.4,256.0,3.65,0.29,1,95.0,2.2,Basic
CUST_00741,1411.33,645.0,49.95,1.67,0,259.0,0.1,Premium
CUST_00742,152.2,124.0,1.39,0.03,0,52.0,0.5,Basic
CUST_00743,181.71,100.0,3.41,0.18,1,62.0,1.6,Basic
CUST_00744,359.41,320.0,11.22,0.12,0,137.0,1.9,Standard
CUST_00745,152.69,109.0,2.06,0.08,0,53.0,0.7,Prepaid
CUST_00746,475.65,325.0,9.96,0.28,1,185.0,5.4,Standard
CUST_00747,1189.34,629.0,43.71,2.11,1,177.0,0.1,Unlimited
CUST_00748,505.53,256.0,9.64,0.3,1,226.0,7.0,Standard
CUST_00749,186.26,269.0,6.72,0.27,0,155.0,1.0,Standard
CUST_00750,1137.18,195.0,63.23,1.16,0,101.0,3.5,Data Plan
CUST_00751,1127.7,221.0,89.21,0.73,1,74.0,3.1,Data Plan
CUST_00752,149.54,71.0,1.98,0.06,0,51.0,0.1,Basic
CUST_00753,1073.88,632.0,49.85,2.31,1,237.0,0.8,Premium
CUST_00754,724.96,241.0,84.98,1.21,0,46.0,2.1,Unlimited
CUST_00755,535.99,388.0,9.88,0.18,0,153.0,0.6,Postpaid
CUST_00756,711.85,355.0,9.1,7.63,3,120.0,7.5,Standard
CUST_00757,267.43,286.0,10.42,0.25,1,172.0,2.1,Standard
CUST_00758,1019.5,372.0,13.37,9.22,1,31.0,0.8,International
CUST_00759,141.58,81.0,2.9,0.12,0,42.0,1.0,Basic
CUST_00760,800.37,166.0,118.46,1.25,0,118.0,6.2,Data Plan
CUST_00761,593.72,333.0,10.58,0.34,0,170.0,1.2,Postpaid
CUST_00762,534.53,297.0,12.96,0.09,1,114.0,0.9,Postpaid
CUST_00763,585.11,232.0,8.09,0.4,1,127.0,4.9,Standard
CUST_00764,702.16,315.0,22.64,9.36,0,98.0,0.0,Standard
CUST_00765,193.2,94.0,1.88,0.13,0,55.0,0.7,Basic
CUST_00766,774.51,235.0,65.13,0.74,1,103.0,1.4,Data Plan
CUST_00767,131.26,101.0,2.0,0.02,1,48.0,0.3,Basic
CUST_00768,234.18,231.0,11.39,0.51,3,137.0,0.3,Standard
CUST_00769,424.5,337.0,10.46,0.14,0,130.0,2.6,Standard
CUST_00770,1110.31,361.0,59.99,1.59,0,158.0,0.4,Unlimited
CUST_00771,972.7,249.0,94.51,1.35,1,57.0,1.7,Unlimited
CUST_00772,1106.4,368.0,39.14,2.3,2,109.0,0.3,Premium
CUST_00773,706.84,217.0,80.13,1.61,1,89.0,1.9,Data Plan
CUST_00774,158.37,87.0,1.75,0.18,0,44.0,0.2,Prepaid
CUST_00775,379.86,361.0,8.45,0.34,0,171.0,0.5,Standard
CUST_00776,940.4,412.0,14.63,3.71,0,157.0,5.0,International
CUST_00777,409.7,361.0,8.86,0.28,1,185.0,1.2,Postpaid
CUST_00778,681.09,378.0,7.01,0.32,1,168.0,0.7,Standard
CUST_00779,662.18,132.0,67.61,1.39,0,96.0,1.3,Data Plan
CUST_00780,178.98,410.0,9.02,0.73,4,117.0,0.4,Basic
CUST_00781,439.71,308.0,12.49,0.49,12,115.0,66.7,Standard
CUST_00782,296.08,317.0,10.09,0.66,4,120.0,14.8,Basic
CUST_00783,626.51,226.0,98.43,0.7,0,89.0,0.2,Data Plan
CUST_00784,1007.4,549.0,47.86,1.71,0,266.0,0.4,Premium
CUST_00785,994.6,224.0,80.78,0.93,0,109.0,0.2,Unlimited
CUST_00786,1149.68,698.0,34.4,2.07,0,206.0,0.2,Unlimited
CUST_00787,1012.6,226.0,94.97,1.22,0,67.0,1.9,Data Plan
CUST_00788,997.02,549.0,10.98,6.14,0,35.0,12.6,Standard
CUST_00789,195.4,80.0,2.25,0.19,0,32.0,0.6,Basic
CUST_00790,1456.62,769.0,46.67,1.98,0,192.0,0.2,Premium
CUST_00791,269.49,160.0,7.25,0.71,1,32.0,18.6,Basic
CUST_00792,840.12,237.0,69.18,1.2,0,92.0,0.1,Data Plan
CUST_00793,434.03,250.0,7.72,0.5,2,92.0,26.8,Standard
CUST_00794,396.0,321.0,9.64,0.48,1,149.0,1.1,Postpaid
CUST_00795,136.22,67.0,2.51,0.17,0,77.0,1.5,Basic
CUST_00796,470.27,384.0,8.95,0.33,1,118.0,0.4,Standard
CUST_00797,130.82,256.0,9.53,0.36,3,130.0,2.5,Standard
CUST_00798,702.34,180.0,71.4,1.08,0,70.0,0.9,Data Plan
CUST_00799,131.31,86.0,0.69,0.04,1,72.0,0.5,Basic
CUST_00800,145.59,114.0,1.68,0.1,0,26.0,0.5,Basic
CUST_00801,695.33,405.0,19.41,5.04,0,140.0,0.0,International
CUST_00802,1021.47,215.0,57.48,1.69,0,79.0,1.6,Data Plan
CUST_00803,57.38,305.0,7.69,0.53,6,211.0,5.1,Basic
CUST_00804,324.73,353.0,9.13,0.32,1,199.0,0.9,Postpaid
CUST_00805,1115.33,562.0,45.66,3.03,0,154.0,0.1,Unlimited
CUST_00806,426.27,378.0,10.27,0.23,0,164.0,3.6,Standard
CUST_00807,396.56,253.0,11.33,0.24,1,59.0,2.6,Standard
CUST_00808,309.97,210.0,6.58,0.66,3,98.0,27.2,Basic
CUST_00809,999.49,601.0,43.45,2.94,0,192.0,0.4,Unlimited
CUST_00810,3469.36,67.0,2.39,0.09,0,48.0,1.5,Basic
CUST_00811,228.05,86.0,1.45,0.15,1,34.0,0.3,Basic
CUST_00812,114.63,115.0,1.72,0.15,0,14.0,1.4,Basic
CUST_00813,520.66,306.0,10.37,0.21,0,155.0,0.7,Standard
CUST_00814,1159.52,191.0,88.94,0.66,1,53.0,4.6,Data Plan
CUST_00815,1036.43,167.0,71.76,0.33,2,85.0,7.0,Data Plan
CUST_00816,132.02,76.0,2.09,0.03,0,68.0,0.5,Basic
CUST_00817,945.59,657.0,31.36,2.02,0,116.0,0.1,Unlimited
CUST_00818,1240.4,690.0,54.05,1.36,0,197.0,0.3,Unlimited
CUST_00819,950.11,218.0,68.91,0.77,0,91.0,0.6,Data Plan
CUST_00820,137.21,130.0,2.2,0.03,0,33.0,2.4,Prepaid
CUST_00821,100.17,105.0,1.91,0.13,1,49.0,0.7,Basic
CUST_00822,1000.06,511.0,57.06,2.21,0,207.0,0.3,Premium
CUST_00823,862.57,197.0,82.36,1.23,1,88.0,4.0,Data Plan
CUST_00824,339.66,341.0,8.44,0.37,1,59.0,0.4,Postpaid
CUST_00825,1343.88,711.0,35.21,1.37,0,155.0,0.2,Unlimited
CUST_00826,977.77,225.0,78.2,0.85,1,117.0,0.1,Unlimited
CUST_00827,892.68,449.0,41.64,2.79,0,161.0,0.7,Unlimited
CUST_00828,619.9,280.0,13.36,6.57,1,88.0,2.0,International
CUST_00829,326.37,381.0,11.16,0.16,0,181.0,1.4,Postpaid
CUST_00830,576.09,277.0,70.74,1.36,0,78.0,0.3,Data Plan
CUST_00831,529.03,237.0,4.34,0.42,3,93.0,1.3,Basic
CUST_00832,102.88,92.0,2.18,0.05,0,76.0,1.4,Prepaid
CUST_00833,824.14,414.0,13.1,9.39,1,104.0,3.5,Standard
CUST_00834,1236.92,667.0,38.4,1.13,1,276.0,0.5,Unlimited
CUST_00835,450.3,149.0,12.76,0.22,0,151.0,0.7,Standard
CUST_00836,410.28,334.0,8.64,0.34,0,198.0,7.0,Postpaid
CUST_00837,1254.83,663.0,58.39,2.28,0,280.0,0.1,Unlimited
CUST_00838,1520.26,749.0,65.34,2.48,0,150.0,0.2,Premium
CUST_00839,212.05,369.0,4.16,0.68,5,121.0,16.1,Basic
CUST_00840,1009.51,502.0,46.9,2.59,0,199.0,,Premium
CUST_00841,1003.49,129.0,78.5,0.77,1,85.0,3.8,Data Plan
CUST_00842,357.19,337.0,11.02,0.64,1,134.0,4.5,Standard
CUST_00843,1316.65,759.0,64.95,1.84,0,264.0,1.3,Unlimited
CUST_00844,155.4,124.0,2.11,0.12,0,30.0,0.5,Basic
CUST_00845,955.63,140.0,67.63,1.38,1,83.0,1.6,Data Plan
CUST_00846,247.58,414.0,9.49,0.33,3,89.0,4.5,Basic
CUST_00847,353.8,242.0,10.81,0.32,0,140.0,2.0,Postpaid
CUST_00848,747.02,191.0,101.77,0.31,0,71.0,3.7,Data Plan
CUST_00849,777.76,158.0,67.37,1.44,0,73.0,1.5,Data Plan
CUST_00850,698.8,427.0,9.33,5.85,1,72.0,1.1,International
CUST_00851,480.62,340.0,10.63,0.42,0,138.0,2.3,Standard
CUST_00852,149.53,326.0,6.43,0.56,5,94.0,13.3,Standard
CUST_00853,274.96,271.0,10.06,0.47,0,170.0,1.1,Standard
CUST_00854,271.78,341.0,8.8,0.5,0,49.0,0.2,Standard
CUST_00855,743.94,267.0,13.13,9.52,1,59.0,0.6,International
CUST_00856,161.41,70.0,1.15,0.1,0,68.0,0.3,Basic
CUST_00857,106.56,78.0,2.77,0.11,0,23.0,0.9,Basic
CUST_00858,762.3,298.0,12.88,10.08,0,95.0,1.4,Standard
CUST_00859,445.62,319.0,9.84,0.23,1,207.0,5.3,Standard
CUST_00860,819.49,454.0,13.41,6.23,0,87.0,1.2,International
CUST_00861,628.37,243.0,58.68,0.75,0,56.0,0.2,Data Plan
CUST_00862,129.36,35.0,1.68,24.13,0,45.0,0.7,Prepaid
CUST_00863,382.8,146.0,4.59,0.26,1,113.0,31.4,Basic
CUST_00864,2645.88,562.0,64.39,1.53,0,237.0,0.1,Premium
CUST_00865,1300.96,474.0,23.91,0.96,1,139.0,0.8,Premium
CUST_00866,279.47,228.0,12.2,0.25,0,159.0,4.5,Postpaid
CUST_00867,1096.88,165.0,77.1,1.66,0,58.0,1.0,Data Plan
CUST_00868,169.04,77.0,2.03,0.07,0,50.0,0.4,Basic
CUST_00869,448.46,377.0,14.44,0.28,0,150.0,1.0,Standard
CUST_00870,347.72,221.0,9.65,0.38,1,125.0,1.7,Standard
CUST_00871,283.7,272.0,10.23,0.15,7,131.0,2.1,Basic
CUST_00872,145.45,120.0,1.77,0.05,1,72.0,0.4,Basic
CUST_00873,159.69,66.0,2.45,0.08,0,17.0,0.3,Basic
CUST_00874,677.92,371.0,15.65,8.95,0,85.0,2.2,Standard
CUST_00875,425.88,360.0,6.87,0.54,5,183.0,1.7,Basic
CUST_00876,274.9,215.0,2.51,0.66,4,92.0,0.5,Standard
CUST_00877,434.31,276.0,9.4,0.4,0,154.0,0.7,Standard
CUST_00878,234.62,291.0,11.09,0.26,2,161.0,2.4,Basic
CUST_00879,340.9,242.0,13.87,0.46,2,121.0,0.3,Basic
CUST_00880,150.19,115.0,2.36,0.15,0,93.0,0.9,Basic
CUST_00881,636.04,648.0,33.55,1.62,0,136.0,0.1,Unlimited
CUST_00882,895.01,403.0,15.96,8.9,1,158.0,6.3,Standard
CUST_00883,140.22,106.0,2.11,0.17,0,26.0,1.5,Basic
CUST_00884,135.21,124.0,1.78,0.17,0,65.0,0.8,Prepaid
CUST_00885,1058.45,735.0,41.2,2.17,0,255.0,0.3,Premium
CUST_00886,431.75,199.0,13.72,0.65,5,68.0,4.0,Basic
CUST_00887,820.25,385.0,19.63,3.94,1,117.0,4.8,Standard
CUST_00888,127.39,112.0,1.64,0.12,0,62.0,3.7,Prepaid
CUST_00889,107.1,108.0,1.0,0.15,0,80.0,0.9,Basic
CUST_00890,812.79,584.0,66.17,1.74,1,159.0,1.5,Unlimited
CUST_00891,615.67,311.0,12.45,9.38,0,83.0,0.2,International
CUST_00892,434.25,247.0,5.85,0.34,1,120.0,0.5,Standard
CUST_00893,63.98,276.0,10.57,0.77,3,130.0,4.1,Basic
CUST_00894,150.63,111.0,2.5,0.14,0,35.0,0.7,Basic
CUST_00895,954.99,471.0,17.23,9.88,2,99.0,9.4,Standard
CUST_00896,551.48,121.0,97.86,1.07,0,101.0,1.1,Unlimited
CUST_00897,413.65,354.0,10.26,0.41,1,134.0,3.4,Standard
CUST_00898,139.96,103.0,1.23,0.12,0,55.0,2.7,Prepaid
CUST_00899,213.66,64.0,2.1,0.23,0,50.0,0.8,Basic
CUST_00900,156.52,93.0,3.27,0.11,1,48.0,0.5,Basic
CUST_00901,1387.39,755.0,42.05,2.46,1,343.0,0.5,Premium
CUST_00902,175.42,47.0,2.2,0.12,0,28.0,0.0,Basic
CUST_00903,159.72,46.0,0.66,39.51,0,77.0,0.1,Prepaid
CUST_00904,160.85,90.0,1.79,0.06,0,74.0,0.5,Prepaid
CUST_00905,439.39,161.0,4.67,0.4,1,129.0,11.0,Standard
CUST_00906,468.47,336.0,12.09,0.37,2,138.0,0.7,Standard
CUST_00907,730.66,283.0,11.34,8.65,0,72.0,2.3,International
CUST_00908,323.8,356.0,6.85,0.39,0,175.0,1.2,Standard
CUST_00909,108.62,48.0,1.38,0.03,0,19.0,0.2,Basic
CUST_00910,186.83,109.0,1.59,0.14,0,62.0,1.5,Prepaid
CUST_00911,1132.36,165.0,60.1,0.97,1,71.0,0.4,Data Plan
CUST_00912,1358.45,573.0,50.99,2.16,0,246.0,0.4,Premium
CUST_00913,1170.76,680.0,69.5,1.66,0,248.0,1.5,Premium
CUST_00914,393.53,255.0,6.6,0.62,3,120.0,3.1,Basic
CUST_00915,257.19,285.0,12.58,0.35,2,151.0,0.1,Standard
CUST_00916,792.66,675.0,54.93,1.57,0,176.0,0.6,Premium
CUST_00917,202.96,95.0,2.25,0.02,0,41.0,0.3,Basic
CUST_00918,400.72,379.0,18.82,7.3,1,57.0,12.5,International
CUST_00919,155.11,145.0,2.39,0.16,0,56.0,0.4,Basic
CUST_00920,733.68,288.0,10.91,6.1,3,52.0,2.2,International
CUST_00921,310.02,338.0,10.69,0.28,0,123.0,1.5,Postpaid
CUST_00922,134.13,123.0,1.5,0.07,0,73.0,1.6,Basic
CUST_00923,133.92,112.0,0.9,0.04,1,58.0,0.6,Prepaid
CUST_00924,487.22,303.0,5.44,0.06,13,165.0,47.3,Basic
CUST_00925,576.94,339.0,12.81,8.81,0,136.0,0.4,International
CUST_00926,425.79,345.0,8.29,0.27,1,188.0,0.5,Standard
CUST_00927,419.11,226.0,9.21,0.2,0,120.0,0.7,Standard
CUST_00928,453.66,297.0,11.44,0.28,0,115.0,4.9,Standard
CUST_00929,1326.07,605.0,56.9,1.62,0,226.0,0.0,Unlimited
CUST_00930,335.29,317.0,9.24,0.27,0,190.0,1.4,Standard
CUST_00931,233.15,154.0,7.54,0.73,4,189.0,4.8,Basic
CUST_00932,1192.93,615.0,64.65,1.61,1,218.0,0.0,Unlimited
CUST_00933,1059.29,249.0,65.76,1.36,0,45.0,2.4,Data Plan
CUST_00934,121.8,94.0,2.05,0.08,0,58.0,1.5,Basic
CUST_00935,279.32,144.0,8.77,,1,133.0,21.3,Basic
CUST_00936,912.76,225.0,54.01,0.71,2,93.0,2.6,Unlimited
CUST_00937,469.96,233.0,5.19,0.39,2,57.0,3.8,Basic
CUST_00938,153.7,117.0,2.1,0.13,0,43.0,0.3,Basic
CUST_00939,759.42,392.0,13.73,8.66,0,107.0,0.9,International
CUST_00940,1054.9,522.0,49.02,2.67,2,215.0,,Premium
CUST_00941,2790.34,239.0,8.41,0.33,0,154.0,1.4,Standard
CUST_00942,141.14,109.0,1.6,0.08,0,41.0,0.9,Basic
CUST_00943,267.81,217.0,12.06,0.2,0,100.0,0.3,Standard
CUST_00944,164.68,118.0,1.65,0.1,0,53.0,0.4,Prepaid
CUST_00945,385.69,302.0,9.27,0.27,1,137.0,2.4,Postpaid
CUST_00946,404.27,345.0,10.6,0.33,0,167.0,1.0,Standard
CUST_00947,151.06,119.0,2.92,0.04,0,63.0,0.6,Basic
CUST_00948,1017.65,614.0,50.18,2.15,0,229.0,0.7,Unlimited
CUST_00949,240.96,316.0,8.51,0.4,7,154.0,0.8,Basic
CUST_00950,3089.94,634.0,54.71,37.76,11,135.0,1.6,Unlimited
CUST_00951,919.23,251.0,74.86,0.85,0,77.0,2.3,Unlimited
CUST_00952,159.72,86.0,2.08,0.15,0,54.0,0.8,Prepaid
CUST_00953,2033.83,112.0,2.06,0.12,1,13.0,1.0,Basic
CUST_00954,1027.25,608.0,60.9,1.8,0,267.0,0.1,Unlimited
CUST_00955,154.1,98.0,2.07,0.08,0,61.0,0.2,Basic
CUST_00956,642.08,499.0,15.9,6.55,0,81.0,2.8,Standard
CUST_00957,133.46,84.0,2.27,0.11,0,28.0,1.4,Basic
CUST_00958,651.5,486.0,12.43,6.48,2,53.0,0.1,International
CUST_00959,176.17,91.0,0.81,0.12,0,46.0,2.3,Prepaid
CUST_00960,171.35,120.0,1.67,0.12,0,65.0,0.6,Prepaid
CUST_00961,189.51,91.0,1.97,0.17,0,67.0,1.7,Basic
CUST_00962,473.81,320.0,7.32,0.11,0,128.0,2.2,Postpaid
CUST_00963,19.78,101.0,2.24,0.06,0,61.0,0.1,Basic
CUST_00964,1280.56,570.0,62.49,2.62,0,195.0,0.0,Unlimited
CUST_00965,812.12,150.0,68.46,1.05,0,94.0,1.1,Data Plan
CUST_00966,1329.51,782.0,67.09,1.48,0,240.0,0.2,Premium
CUST_00967,1150.65,636.0,55.32,2.16,0,208.0,0.1,Unlimited
CUST_00968,737.42,446.0,16.14,8.53,1,126.0,1.3,Standard
CUST_00969,946.51,201.0,90.33,0.84,1,116.0,0.9,Unlimited
CUST_00970,395.68,197.0,2.0,0.41,3,110.0,10.1,Standard
CUST_00971,950.65,238.0,97.62,0.86,0,95.0,1.5,Data Plan
CUST_00972,1066.03,279.0,81.44,0.73,0,104.0,0.6,Data Plan
CUST_00973,138.25,71.0,1.68,0.12,0,62.0,0.0,Basic
CUST_00974,330.08,203.0,11.41,0.32,0,82.0,1.9,Postpaid
CUST_00975,320.1,217.0,9.16,0.76,6,139.0,4.0,Basic
CUST_00976,120.55,73.0,0.99,0.08,0,46.0,1.3,Basic
CUST_00977,29.82,334.0,11.45,0.23,0,166.0,1.0,Standard
CUST_00978,1338.0,419.0,44.62,2.8,2,162.0,0.2,Premium
CUST_00979,1330.34,50.0,1.69,49.81,1,169.0,0.3,Premium
CUST_00980,428.15,378.0,7.79,0.15,0,136.0,3.1,Standard
CUST_00981,326.85,367.0,9.61,0.73,2,112.0,9.0,Standard
CUST_00982,505.24,302.0,10.47,0.21,1,175.0,2.7,Standard
CUST_00983,348.97,237.0,8.18,0.46,1,118.0,8.5,Standard
CUST_00984,1017.51,212.0,75.85,0.22,1,46.0,0.5,Data Plan
CUST_00985,161.57,241.0,6.99,0.29,3,146.0,2.0,Basic
CUST_00986,471.12,332.0,8.72,0.14,0,210.0,2.1,Postpaid
CUST_00987,724.7,174.0,86.9,0.63,1,93.0,2.6,Data Plan
CUST_00988,448.69,321.0,13.1,0.24,1,145.0,1.5,Standard
CUST_00989,310.03,334.0,12.79,0.46,1,103.0,0.8,Standard
CUST_00990,1096.11,276.0,67.77,0.87,0,123.0,1.2,Data Plan
CUST_00991,858.38,220.0,106.84,1.15,0,68.0,0.4,Unlimited
CUST_00992,910.69,287.0,85.0,1.44,0,73.0,1.2,Data Plan
CUST_00993,327.02,247.0,2.9,0.55,4,105.0,0.0,Basic
CUST_00994,131.83,126.0,2.84,0.06,0,55.0,1.4,Basic
CUST_00995,459.42,266.0,12.14,0.22,0,133.0,0.0,Postpaid
CUST_00996,417.8,286.0,8.65,0.27,0,182.0,0.4,Standard
CUST_00997,857.22,225.0,16.25,8.34,0,106.0,1.9,International
CUST_00998,356.61,356.0,4.25,0.28,0,171.0,1.3,Standard
CUST_00999,138.25,131.0,2.39,0.11,0,50.0,1.8,Prepaid
CUST_01000,313.41,167.0,9.32,0.57,5,150.0,1.7,Standard
CUST_01001,1332.69,548.0,48.99,1.59,1,257.0,0.1,Premium
CUST_01002,1036.55,465.0,62.11,1.21,0,195.0,0.6,Premium
CUST_01003,211.85,120.0,1.94,0.07,1,59.0,0.7,Basic
CUST_01004,244.13,94.0,2.3,0.21,0,25.0,0.1,Basic
CUST_01005,808.24,279.0,66.94,0.29,0,36.0,0.7,Unlimited
CUST_01006,702.98,58.0,92.3,1.62,2,78.0,0.4,Data Plan
CUST_01007,437.87,207.0,7.46,0.35,3,149.0,11.9,Basic
CUST_01008,399.63,274.0,13.09,0.52,3,103.0,1.0,Standard
CUST_01009,468.1,337.0,10.49,0.25,0,89.0,0.0,Postpaid
CUST_01010,859.85,422.0,14.57,9.7,0,115.0,1.1,International
CUST_01011,122.77,94.0,1.53,0.08,0,21.0,0.2,Prepaid
CUST_01012,3063.27,263.0,13.48,24.03,12,166.0,3.1,Postpaid
CUST_01013,478.99,370.0,9.93,0.2,0,147.0,2.3,Postpaid
CUST_01014,190.92,111.0,2.46,0.03,0,30.0,0.4,Basic
CUST_01015,1529.72,591.0,76.6,2.5,0,204.0,0.0,Unlimited
CUST_01016,1004.03,278.0,85.87,1.17,0,85.0,2.2,Data Plan
CUST_01017,119.2,119.0,2.15,0.07,0,60.0,0.8,Basic
CUST_01018,1210.48,669.0,53.15,1.65,0,203.0,0.9,Premium
CUST_01019,1202.52,671.0,45.74,1.82,0,207.0,0.2,Premium
CUST_01020,103.3,119.0,2.02,0.14,1,44.0,0.8,Prepaid
CUST_01021,1031.01,368.0,14.57,8.82,0,78.0,4.5,Standard
CUST_01022,848.53,193.0,46.68,0.56,1,57.0,5.0,Data Plan
CUST_01023,139.0,122.0,2.02,0.0,1,79.0,0.9,Prepaid
CUST_01024,199.35,108.0,2.42,0.01,0,55.0,1.1,Basic
CUST_01025,877.55,181.0,62.31,1.18,0,55.0,1.7,Data Plan
CUST_01026,1053.41,163.0,67.46,1.69,1,51.0,0.7,Unlimited
CUST_01027,1398.66,569.0,51.17,2.27,0,233.0,0.1,Unlimited
CUST_01028,638.91,373.0,16.03,8.45,1,75.0,3.6,International
CUST_01029,338.29,404.0,11.85,0.27,1,171.0,,Standard
CUST_01030,1016.03,574.0,47.71,1.96,0,171.0,0.7,Premium
CUST_01031,375.71,398.0,9.95,0.36,2,206.0,3.0,Postpaid
CUST_01032,495.73,209.0,11.08,0.38,1,145.0,2.8,Postpaid
CUST_01033,1308.22,402.0,39.59,1.57,0,94.0,0.3,Premium
CUST_01034,1245.55,563.0,53.52,3.06,0,213.0,0.4,Premium
CUST_01035,874.07,167.0,74.81,1.2,0,106.0,0.3,Unlimited
CUST_01036,427.53,313.0,9.48,0.37,0,128.0,1.7,Standard
CUST_01037,392.51,218.0,9.04,0.33,2,155.0,1.9,Postpaid
CUST_01038,424.28,328.0,13.02,0.29,1,241.0,0.7,Postpaid
CUST_01039,491.4,261.0,9.99,0.31,0,154.0,1.9,Postpaid
CUST_01040,719.21,187.0,96.28,0.83,0,109.0,1.3,Data Plan
CUST_01041,123.46,103.0,2.79,0.07,0,45.0,0.1,Basic
CUST_01042,852.27,461.0,16.38,10.15,0,99.0,4.0,International
CUST_01043,238.23,279.0,9.67,0.46,0,127.0,0.5,Standard
CUST_01044,924.61,172.0,85.75,0.99,0,95.0,0.3,Data Plan
CUST_01045,139.99,97.0,0.74,0.04,0,53.0,0.3,Basic
CUST_01046,1190.44,663.0,52.59,2.52,1,198.0,0.4,Premium
CUST_01047,1205.02,484.0,59.25,1.59,0,259.0,0.0,Premium
CUST_01048,272.48,65.0,7.1,0.69,2,138.0,13.2,Standard
CUST_01049,170.14,94.0,2.07,0.08,0,64.0,1.0,Prepaid
CUST_01050,343.35,294.0,8.42,0.17,0,207.0,0.9,Postpaid
CUST_01051,847.62,386.0,14.87,5.27,1,126.0,4.8,International
CUST_01052,1309.28,772.0,37.71,1.94,1,187.0,0.3,Premium
CUST_01053,469.13,269.0,10.44,0.49,1,136.0,0.7,Postpaid
CUST_01054,144.94,113.0,1.5,0.09,0,51.0,0.3,Basic
CUST_01055,165.69,130.0,1.97,0.2,0,60.0,0.2,Basic
CUST_01056,168.18,126.0,1.94,0.04,1,47.0,0.8,Prepaid
CUST_01057,392.91,286.0,7.81,0.25,0,124.0,6.3,Postpaid
CUST_01058,1186.59,583.0,56.1,1.77,0,177.0,0.2,Premium
CUST_01059,689.73,330.0,18.4,6.51,1,96.0,1.3,International
CUST_01060,305.93,190.0,11.31,0.3,3,33.0,6.1,Basic
CUST_01061,169.36,89.0,2.13,0.06,0,38.0,0.2,Basic
CUST_01062,1181.65,504.0,55.0,2.1,0,194.0,0.1,Premium
CUST_01063,290.68,346.0,7.31,0.27,0,161.0,3.9,Standard
CUST_01064,865.35,255.0,102.45,1.3,1,37.0,1.0,Data Plan
CUST_01065,181.13,121.0,2.0,0.01,1,35.0,0.5,Basic
CUST_01066,1325.3,658.0,62.24,2.1,0,144.0,0.9,Premium
CUST_01067,161.52,144.0,1.32,0.01,0,59.0,0.2,Prepaid
CUST_01068,282.41,225.0,8.53,0.62,0,58.0,3.5,Standard
CUST_01069,419.27,309.0,10.69,0.22,1,177.0,3.8,Standard
CUST_01070,863.09,460.0,13.1,9.01,3,81.0,2.5,International
CUST_01071,136.1,60.0,2.01,0.1,10,16.0,57.6,Basic
CUST_01072,343.82,181.0,10.6,0.46,0,127.0,1.4,Standard
CUST_01073,851.75,179.0,90.45,1.05,0,55.0,0.1,Unlimited
CUST_01074,412.78,296.0,8.0,0.37,0,118.0,6.6,Standard
CUST_01075,471.86,309.0,12.6,0.5,0,129.0,0.5,Postpaid
CUST_01076,140.17,72.0,2.11,0.06,0,36.0,0.2,Basic
CUST_01077,1000.71,161.0,81.96,0.76,0,81.0,0.5,Data Plan
CUST_01078,424.82,222.0,13.0,0.36,0,175.0,7.3,Standard
CUST_01079,1463.33,532.0,56.7,2.17,0,134.0,0.5,Premium
CUST_01080,1466.72,574.0,66.39,2.12,1,218.0,0.3,Unlimited
CUST_01081,1383.88,542.0,48.31,2.63,1,153.0,1.5,Premium
CUST_01082,1231.92,624.0,54.57,2.32,0,197.0,0.0,Premium
CUST_01083,132.32,102.0,1.26,0.13,0,13.0,0.3,Basic
CUST_01084,225.09,257.0,3.99,0.55,1,76.0,8.9,Basic
CUST_01085,426.17,182.0,11.97,0.5,1,157.0,7.3,Basic
CUST_01086,881.13,692.0,45.79,2.4,0,267.0,0.4,Premium
CUST_01087,492.39,317.0,10.72,0.4,0,136.0,0.4,Standard
CUST_01088,982.9,558.0,12.17,7.98,1,60.0,5.5,Standard
CUST_01089,333.52,302.0,11.28,0.51,0,166.0,1.0,Standard
CUST_01090,124.7,100.0,1.84,0.1,0,67.0,0.6,Basic
CUST_01091,576.93,465.0,16.73,5.33,0,113.0,4.0,International
CUST_01092,143.72,106.0,2.19,0.12,0,57.0,0.1,Prepaid
CUST_01093,108.61,141.0,2.81,0.07,1,30.0,1.2,Prepaid
CUST_01094,801.43,108.0,75.36,1.2,1,106.0,1.5,Unlimited
CUST_01095,956.89,162.0,101.78,0.95,0,70.0,0.8,Unlimited
CUST_01096,502.6,367.0,10.57,0.36,1,147.0,1.5,Standard
CUST_01097,977.36,230.0,101.09,1.46,1,57.0,1.6,Data Plan
CUST_01098,419.37,323.0,10.26,0.35,1,106.0,6.5,Standard
CUST_01099,1220.93,775.0,63.84,2.6,1,246.0,0.1,Premium
CUST_01100,623.89,327.0,12.34,0.32,0,179.0,0.2,Postpaid
CUST_01101,560.65,317.0,9.9,0.39,0,143.0,3.6,Postpaid
CUST_01102,370.29,272.0,11.76,0.26,1,105.0,0.2,Postpaid
CUST_01103,243.15,282.0,7.18,0.37,6,92.0,4.1,Standard
CUST_01104,446.83,231.0,6.17,0.49,1,148.0,2.8,Standard
CUST_01105,1119.22,879.0,44.06,2.27,1,199.0,0.7,Premium
CUST_01106,388.13,319.0,7.93,0.17,0,105.0,2.4,Standard
CUST_01107,1395.36,643.0,49.16,1.97,0,144.0,0.1,Unlimited
CUST_01108,336.07,342.0,9.51,0.4,1,211.0,6.1,Postpaid
CUST_01109,504.45,200.0,8.82,0.39,7,123.0,11.0,Basic
CUST_01110,734.51,344.0,16.34,8.77,1,54.0,1.7,International
CUST_01111,1244.96,383.0,56.31,2.49,0,201.0,0.5,Premium
CUST_01112,1315.02,555.0,40.69,1.54,2,226.0,0.9,Unlimited
CUST_01113,855.36,169.0,106.35,0.65,0,108.0,0.1,Data Plan
CUST_01114,313.19,425.0,11.63,0.35,1,136.0,0.4,Postpaid
CUST_01115,161.8,103.0,1.37,0.1,0,48.0,1.2,Basic
CUST_01116,396.07,364.0,9.57,,1,140.0,1.9,Standard
CUST_01117,487.56,281.0,8.21,0.74,2,142.0,5.6,Basic
CUST_01118,335.43,273.0,11.65,0.24,0,185.0,1.7,Postpaid
CUST_01119,879.01,203.0,73.02,1.04,0,83.0,1.6,Unlimited
CUST_01120,459.46,292.0,9.46,0.25,1,89.0,4.4,Standard
CUST_01121,889.37,575.0,13.64,7.21,0,74.0,9.8,International
CUST_01122,372.0,256.0,9.0,0.33,0,89.0,1.4,Postpaid
CUST_01123,1337.53,630.0,44.52,2.19,0,248.0,0.3,Unlimited
CUST_01124,368.45,295.0,10.82,0.36,0,172.0,0.0,Standard
CUST_01125,1176.54,558.0,52.47,2.65,1,287.0,0.0,Unlimited
CUST_01126,598.54,443.0,12.61,8.16,1,96.0,3.8,International
CUST_01127,719.78,200.0,15.42,10.03,1,117.0,0.8,Standard
CUST_01128,134.32,110.0,1.5,0.16,0,64.0,0.7,Basic
CUST_01129,422.29,358.0,8.18,0.21,0,173.0,0.1,Standard
CUST_01130,437.53,164.0,6.64,0.64,0,25.0,11.7,Basic
CUST_01131,512.27,179.0,12.77,0.21,2,205.0,2.1,Standard
CUST_01132,373.03,278.0,9.29,0.44,1,141.0,0.1,Standard
CUST_01133,1361.91,585.0,39.93,2.88,0,198.0,0.4,Unlimited
CUST_01134,1103.83,229.0,59.57,1.21,0,45.0,0.6,Data Plan
CUST_01135,340.88,254.0,6.69,0.19,0,43.0,0.5,Postpaid
CUST_01136,206.11,304.0,10.36,0.51,0,127.0,0.3,Postpaid
CUST_01137,331.1,292.0,9.14,0.23,1,169.0,1.4,Standard
CUST_01138,425.19,351.0,12.92,0.39,0,127.0,1.7,Standard
CUST_01139,202.01,216.0,0.63,0.75,3,130.0,5.4,Standard
CUST_01140,791.5,407.0,13.91,8.7,1,70.0,0.9,International
CUST_01141,1097.84,79.0,92.36,1.23,0,79.0,0.3,Data Plan
CUST_01142,834.62,498.0,64.85,1.69,0,227.0,0.0,Unlimited
CUST_01143,286.32,246.0,10.32,0.88,3,113.0,31.0,Standard
CUST_01144,1277.91,667.0,40.78,2.6,0,217.0,1.1,Unlimited
CUST_01145,420.92,334.0,12.4,0.28,1,115.0,1.2,Standard
CUST_01146,1447.64,592.0,30.89,2.57,0,197.0,0.2,Unlimited
CUST_01147,131.71,128.0,1.9,0.12,0,71.0,0.4,Basic
CUST_01148,811.61,142.0,66.72,0.95,0,105.0,0.2,Unlimited
CUST_01149,1023.77,282.0,79.16,0.84,0,114.0,0.3,Unlimited
CUST_01150,726.07,295.0,11.87,8.37,1,93.0,2.5,International
CUST_01151,197.96,118.0,2.54,0.09,0,59.0,0.6,Basic
CUST_01152,326.22,165.0,7.33,0.57,4,148.0,3.1,Standard
CUST_01153,190.67,70.0,2.66,0.12,0,26.0,0.8,Basic
CUST_01154,489.66,312.0,12.25,0.42,0,190.0,0.5,Standard
CUST_01155,74.87,348.0,7.47,0.26,7,106.0,2.8,Standard
CUST_01156,204.94,84.0,1.73,0.07,0,40.0,0.1,Basic
CUST_01157,329.73,12.0,0.77,35.35,2,125.0,0.7,Postpaid
CUST_01158,688.41,199.0,100.89,1.37,1,73.0,0.6,Data Plan
CUST_01159,293.59,170.0,11.19,0.68,2,138.0,0.4,Basic
CUST_01160,980.29,730.0,38.99,2.58,1,322.0,0.3,Unlimited
CUST_01161,106.09,98.0,1.48,0.14,0,72.0,1.0,Basic
CUST_01162,86.34,109.0,2.0,0.07,0,46.0,0.7,Basic
CUST_01163,992.88,201.0,73.51,0.41,0,100.0,0.0,Unlimited
CUST_01164,1196.44,456.0,62.08,1.57,0,113.0,1.0,Unlimited
CUST_01165,104.23,77.0,1.64,0.11,0,59.0,0.4,Basic
CUST_01166,196.15,292.0,7.8,0.54,2,56.0,14.5,Standard
CUST_01167,544.99,260.0,10.43,0.37,0,185.0,0.1,Standard
CUST_01168,119.71,129.0,1.13,0.07,0,39.0,1.1,Prepaid
CUST_01169,778.09,173.0,52.49,0.8,0,78.0,0.3,Data Plan
CUST_01170,494.9,359.0,9.1,0.36,1,174.0,1.0,Standard
CUST_01171,1149.92,497.0,34.47,1.4,0,167.0,1.0,Premium
CUST_01172,680.87,441.0,12.14,6.53,2,60.0,4.1,Standard
CUST_01173,227.49,224.0,13.36,0.67,1,72.0,17.2,Basic
CUST_01174,408.13,253.0,14.52,0.25,0,148.0,1.7,Standard
CUST_01175,10.53,179.0,7.49,0.1,1,163.0,0.7,Standard
CUST_01176,1394.93,16.0,1.91,35.62,0,194.0,0.3,Premium
CUST_01177,440.86,365.0,9.95,0.33,0,153.0,4.6,Postpaid
CUST_01178,868.59,249.0,73.72,0.8,0,57.0,1.1,Data Plan
CUST_01179,529.13,198.0,5.98,0.54,2,53.0,3.6,Basic
CUST_01180,310.74,260.0,8.1,0.47,0,87.0,4.2,Postpaid
CUST_01181,377.91,303.0,9.72,0.43,0,190.0,1.5,Standard
CUST_01182,321.35,347.0,12.36,0.35,0,149.0,0.2,Postpaid
CUST_01183,916.79,222.0,49.39,0.86,1,93.0,0.5,Data Plan
CUST_01184,811.27,698.0,39.4,0.8,0,213.0,0.2,Unlimited
CUST_01185,525.49,334.0,8.92,0.37,0,115.0,1.7,Postpaid
CUST_01186,480.58,292.0,11.25,0.23,0,124.0,2.1,Postpaid
CUST_01187,107.63,69.0,1.96,0.15,0,55.0,0.7,Prepaid
CUST_01188,260.58,352.0,10.6,0.32,3,154.0,2.5,Postpaid
CUST_01189,1603.96,738.0,43.37,2.62,0,152.0,0.3,Unlimited
CUST_01190,267.91,296.0,8.9,0.49,1,124.0,4.0,Basic
CUST_01191,946.05,334.0,11.65,8.57,1,105.0,3.3,Standard
CUST_01192,1205.08,406.0,47.32,2.59,0,182.0,0.2,Premium
CUST_01193,861.5,201.0,67.55,0.99,0,34.0,0.2,Data Plan
CUST_01194,123.16,86.0,1.79,0.03,0,65.0,0.5,Basic
CUST_01195,393.98,331.0,10.19,0.51,2,133.0,5.8,Basic
CUST_01196,337.84,349.0,9.61,0.32,0,125.0,2.6,Postpaid
CUST_01197,157.18,60.0,2.04,0.16,0,50.0,0.1,Basic
CUST_01198,185.9,98.0,2.76,0.15,0,62.0,0.3,Prepaid
CUST_01199,308.52,274.0,12.95,0.67,2,168.0,19.2,Basic
CUST_01200,373.45,168.0,7.0,0.34,1,127.0,11.0,Basic
CUST_01201,493.27,291.0,5.71,0.33,1,113.0,0.0,Postpaid
CUST_01202,145.5,98.0,2.52,0.1,1,39.0,1.0,Basic
CUST_01203,165.03,104.0,2.1,0.11,0,58.0,0.5,Prepaid
CUST_01204,1148.76,623.0,39.52,2.56,1,260.0,0.7,Unlimited
CUST_01205,941.67,649.0,44.94,1.45,1,258.0,0.2,Premium
CUST_01206,411.99,208.0,9.05,0.33,3,96.0,5.2,Standard
CUST_01207,311.77,291.0,4.57,0.66,4,130.0,3.0,Standard
CUST_01208,338.76,334.0,9.34,0.14,1,140.0,6.4,Standard
CUST_01209,399.53,246.0,11.38,0.45,2,188.0,2.2,Standard
CUST_01210,149.25,70.0,1.86,0.08,0,33.0,0.3,Basic
CUST_01211,590.92,231.0,100.92,1.17,0,104.0,5.0,Data Plan
CUST_01212,537.03,357.0,14.66,7.54,0,22.0,5.4,International
CUST_01213,1164.62,393.0,12.21,6.97,0,125.0,4.2,International
CUST_01214,126.29,118.0,1.77,0.0,1,27.0,5.7,Prepaid
CUST_01215,551.83,272.0,12.33,0.4,0,116.0,0.1,Standard
CUST_01216,314.27,294.0,8.83,0.36,0,155.0,2.8,Postpaid
CUST_01217,968.78,524.0,18.67,6.53,0,52.0,3.9,Standard
CUST_01218,1012.97,289.0,64.06,0.36,2,78.0,1.7,Unlimited
CUST_01219,169.57,129.0,0.96,0.1,0,62.0,0.1,Basic
CUST_01220,1392.3,548.0,59.1,2.62,0,152.0,0.7,Unlimited
CUST_01221,901.71,196.0,74.05,0.51,0,89.0,1.8,Data Plan
CUST_01222,886.71,174.0,104.27,1.14,0,99.0,0.1,Data Plan
CUST_01223,150.78,114.0,2.21,0.03,0,53.0,0.3,Prepaid
CUST_01224,170.59,119.0,2.0,0.1,0,45.0,0.4,Prepaid
CUST_01225,129.02,372.0,8.6,0.42,0,105.0,0.6,Postpaid
CUST_01226,134.66,78.0,2.63,0.0,0,56.0,1.0,Basic
CUST_01227,861.62,265.0,64.41,1.19,0,74.0,2.1,Data Plan
CUST_01228,437.15,275.0,4.43,0.88,2,104.0,11.8,Standard
CUST_01229,1141.16,720.0,41.25,2.13,0,270.0,0.1,Premium
CUST_01230,1303.47,648.0,48.37,2.14,0,183.0,0.1,Premium
CUST_01231,383.43,240.0,9.23,0.37,1,229.0,0.7,Standard
CUST_01232,302.33,189.0,9.19,0.41,6,89.0,0.2,Standard
CUST_01233,850.03,211.0,60.96,0.87,1,76.0,0.7,Data Plan
CUST_01234,154.23,137.0,2.65,0.16,0,49.0,0.7,Basic
CUST_01235,1116.02,168.0,101.62,0.77,0,86.0,0.6,Data Plan
CUST_01236,145.2,66.0,1.16,0.14,0,64.0,2.2,Basic
CUST_01237,207.74,309.0,9.47,0.23,1,205.0,2.7,Standard
CUST_01238,281.24,340.0,7.67,0.47,4,72.0,26.3,Standard
CUST_01239,864.12,484.0,16.08,9.51,1,129.0,1.7,International
CUST_01240,821.58,472.0,13.33,7.3,1,109.0,3.1,Standard
CUST_01241,175.57,117.0,1.96,0.12,1,49.0,0.8,Basic
CUST_01242,370.16,329.0,7.68,0.15,1,104.0,1.9,Postpaid
CUST_01243,724.44,212.0,58.3,0.76,0,116.0,0.8,Data Plan
CUST_01244,773.62,482.0,18.13,7.47,1,69.0,1.7,Standard
CUST_01245,417.91,276.0,8.2,0.61,5,113.0,20.5,Standard
CUST_01246,486.6,298.0,10.88,0.42,0,164.0,0.3,Standard
CUST_01247,906.95,421.0,12.96,8.44,0,117.0,2.3,Standard
CUST_01248,1486.41,598.0,45.91,1.22,1,273.0,0.3,Unlimited
CUST_01249,1353.85,205.0,101.9,1.05,0,99.0,0.4,Data Plan
CUST_01250,136.88,135.0,2.55,0.08,0,39.0,0.4,Prepaid
CUST_01251,140.39,89.0,2.08,0.16,0,66.0,0.6,Basic
CUST_01252,347.5,254.0,6.28,0.35,0,154.0,1.0,Postpaid
CUST_01253,440.15,392.0,16.23,8.93,2,81.0,6.1,Standard
CUST_01254,1003.91,589.0,60.34,1.98,0,286.0,0.3,Premium
CUST_01255,307.72,144.0,7.19,0.84,3,129.0,4.9,Standard
CUST_01256,5725.71,127.0,2.04,15.39,13,60.0,2.6,Basic
CUST_01257,780.72,499.0,15.95,5.33,1,120.0,0.1,International
CUST_01258,804.89,229.0,85.28,0.67,0,98.0,3.4,Data Plan
CUST_01259,1358.91,605.0,59.31,1.83,0,167.0,0.1,Premium
CUST_01260,500.81,338.0,8.43,0.27,0,140.0,0.2,Standard
CUST_01261,22.54,324.0,12.35,0.16,1,172.0,5.8,Standard
CUST_01262,136.58,79.0,2.16,0.16,0,42.0,0.9,Basic
CUST_01263,835.32,487.0,17.09,3.75,1,148.0,1.5,Standard
CUST_01264,415.21,289.0,8.88,0.15,11,159.0,62.7,Standard
CUST_01265,398.43,289.0,11.26,0.3,0,184.0,10.1,Postpaid
CUST_01266,496.92,202.0,8.2,0.31,1,173.0,0.7,Standard
CUST_01267,175.81,113.0,2.05,0.12,0,31.0,1.6,Basic
CUST_01268,579.76,91.0,4.4,0.57,0,92.0,11.9,Standard
CUST_01269,938.86,245.0,94.31,0.9,0,85.0,1.4,Data Plan
CUST_01270,1048.82,188.0,72.13,1.3,0,77.0,0.1,Data Plan
CUST_01271,424.9,464.0,11.09,0.33,1,219.0,0.7,Standard
CUST_01272,142.9,98.0,1.76,0.04,0,52.0,1.8,Basic
CUST_01273,373.0,286.0,10.91,0.36,0,191.0,0.2,Standard
CUST_01274,284.03,219.0,10.94,0.22,2,37.0,2.7,Basic
CUST_01275,230.32,162.0,5.08,0.53,3,142.0,1.2,Standard
CUST_01276,135.5,101.0,2.36,0.18,0,81.0,1.0,Basic
CUST_01277,290.05,238.0,12.6,0.31,1,122.0,7.5,Standard
CUST_01278,415.61,255.0,13.88,0.22,1,88.0,1.0,Postpaid
CUST_01279,359.61,400.0,11.42,0.51,0,66.0,2.1,Standard
CUST_01280,923.44,486.0,14.29,2.99,0,96.0,0.4,International
CUST_01281,201.81,91.0,2.04,0.07,0,42.0,0.3,Prepaid
CUST_01282,109.2,90.0,1.75,0.04,1,49.0,1.2,Prepaid
CUST_01283,904.14,391.0,16.96,4.77,3,96.0,12.3,International
CUST_01284,1050.8,420.0,17.81,9.1,1,133.0,4.3,International
CUST_01285,1245.1,755.0,52.64,1.89,0,126.0,1.5,Premium
CUST_01286,397.72,353.0,8.72,0.31,0,134.0,1.2,Postpaid
CUST_01287,102.48,113.0,2.07,0.07,3,70.0,1.8,Basic
CUST_01288,363.25,293.0,9.49,0.48,8,131.0,27.0,Basic
CUST_01289,392.11,249.0,9.01,0.42,0,95.0,1.0,Standard
CUST_01290,802.77,568.0,40.94,1.94,1,255.0,0.1,Unlimited
CUST_01291,371.11,334.0,11.91,0.27,1,199.0,2.1,Postpaid
CUST_01292,767.59,196.0,70.35,0.47,0,65.0,0.8,Data Plan
CUST_01293,494.43,329.0,9.58,0.18,0,189.0,1.1,Standard
CUST_01294,185.57,105.0,2.27,0.09,0,62.0,1.4,Basic
CUST_01295,130.88,72.0,2.27,0.1,0,55.0,0.4,Prepaid
CUST_01296,405.03,243.0,9.48,0.29,0,167.0,1.1,Postpaid
CUST_01297,272.5,217.0,8.01,0.65,3,116.0,0.2,Standard
CUST_01298,357.55,292.0,12.68,0.92,1,177.0,3.1,Basic
CUST_01299,1349.16,606.0,34.17,2.61,0,214.0,0.5,Premium
CUST_01300,306.96,157.0,5.56,,0,115.0,33.4,Standard
CUST_01301,1195.97,585.0,44.79,1.45,0,261.0,0.1,Unlimited
CUST_01302,939.72,501.0,45.42,1.74,0,194.0,0.7,Premium
CUST_01303,925.8,170.0,74.14,1.03,2,85.0,0.4,Data Plan
CUST_01304,491.57,325.0,7.81,0.36,0,206.0,0.5,Standard
CUST_01305,873.77,478.0,15.18,9.8,0,195.0,3.8,International
CUST_01306,127.34,71.0,1.46,0.13,0,45.0,2.7,Basic
CUST_01307,298.48,365.0,8.07,0.41,1,133.0,1.3,Postpaid
CUST_01308,107.78,78.0,1.21,0.16,0,51.0,1.5,Basic
CUST_01309,401.15,290.0,10.87,0.32,2,69.0,,Standard
CUST_01310,5579.32,353.0,11.48,37.84,9,112.0,0.4,Standard
CUST_01311,419.31,411.0,8.66,0.21,2,152.0,0.3,Standard
CUST_01312,899.49,333.0,12.29,2.87,3,101.0,7.0,Standard
CUST_01313,1038.92,376.0,16.14,6.94,1,149.0,1.8,International
CUST_01314,275.02,235.0,13.77,0.21,1,219.0,0.6,Postpaid
CUST_01315,185.2,85.0,1.68,0.24,0,46.0,0.5,Basic
CUST_01316,1312.78,624.0,68.54,2.27,1,252.0,2.0,Unlimited
CUST_01317,942.41,137.0,75.83,0.79,0,79.0,3.0,Data Plan
CUST_01318,321.0,430.0,13.68,0.4,1,118.0,8.5,Postpaid
CUST_01319,872.51,353.0,15.79,9.44,4,83.0,3.1,International
CUST_01320,372.46,345.0,9.37,0.37,0,75.0,1.2,Standard
CUST_01321,379.11,379.0,9.61,0.51,0,202.0,0.4,Standard
CUST_01322,1291.06,512.0,42.27,2.01,0,174.0,0.5,Unlimited
CUST_01323,147.12,84.0,2.19,0.18,0,22.0,0.3,Basic
CUST_01324,762.04,298.0,10.6,8.0,0,143.0,4.2,International
CUST_01325,158.96,75.0,1.92,0.11,0,40.0,0.5,Prepaid
CUST_01326,169.01,134.0,1.89,0.09,0,67.0,0.9,Basic
CUST_01327,786.27,155.0,113.32,0.47,0,79.0,1.1,Data Plan
CUST_01328,714.66,350.0,9.85,9.06,2,130.0,2.0,International
CUST_01329,101.55,79.0,1.67,0.0,1,70.0,2.5,Prepaid
CUST_01330,947.78,156.0,80.99,1.26,1,66.0,1.1,Data Plan
CUST_01331,830.2,253.0,11.44,2.67,0,104.0,0.1,Standard
CUST_01332,358.55,315.0,10.36,0.33,0,128.0,1.7,Postpaid
CUST_01333,433.8,320.0,9.53,0.3,1,192.0,3.1,Standard
CUST_01334,87.54,91.0,2.48,0.17,0,45.0,2.6,Basic
CUST_01335,125.07,67.0,1.97,0.17,0,44.0,1.0,Basic
CUST_01336,314.3,299.0,11.52,0.4,1,145.0,0.9,Standard
CUST_01337,372.4,271.0,4.39,0.55,4,198.0,5.9,Basic
CUST_01338,513.11,399.0,17.42,8.07,0,52.0,1.9,International
CUST_01339,849.87,210.0,71.67,0.7,0,71.0,1.7,Data Plan
CUST_01340,741.22,509.0,16.8,6.13,1,79.0,4.5,International
CUST_01341,935.55,456.0,19.61,7.81,2,131.0,0.0,Standard
CUST_01342,223.87,169.0,9.07,0.56,3,73.0,2.0,Basic
CUST_01343,701.37,318.0,13.86,8.66,0,73.0,3.7,International
CUST_01344,362.37,288.0,12.12,0.24,1,216.0,0.3,Standard
CUST_01345,1282.17,615.0,45.27,1.63,0,265.0,0.0,Unlimited
CUST_01346,1104.32,325.0,16.19,11.0,1,74.0,1.5,International
CUST_01347,336.36,292.0,12.37,0.31,1,180.0,3.1,Standard
CUST_01348,147.1,138.0,2.3,0.17,0,77.0,0.4,Basic
CUST_01349,843.8,397.0,14.66,8.96,1,145.0,3.0,International
CUST_01350,974.67,188.0,83.8,0.94,0,45.0,3.7,Data Plan
CUST_01351,288.79,260.0,,0.47,4,56.0,20.0,Basic
CUST_01352,940.12,139.0,89.71,1.05,0,81.0,2.3,Unlimited
CUST_01353,133.65,112.0,2.2,0.17,0,56.0,0.0,Prepaid
CUST_01354,752.5,175.0,93.38,1.24,0,101.0,1.4,Unlimited
CUST_01355,113.28,119.0,1.99,0.07,0,40.0,2.1,Basic
CUST_01356,1117.13,220.0,55.7,0.97,0,71.0,0.1,Data Plan
CUST_01357,726.51,346.0,19.03,11.4,1,122.0,8.2,International
CUST_01358,1266.42,688.0,50.56,1.7,0,145.0,0.6,Unlimited
CUST_01359,183.1,47.0,1.98,0.12,1,47.0,0.6,Prepaid
CUST_01360,366.27,379.0,9.34,0.3,1,227.0,5.1,Postpaid
CUST_01361,347.64,324.0,10.11,0.09,1,73.0,1.4,Postpaid
CUST_01362,921.79,523.0,50.81,1.45,0,259.0,0.1,Unlimited
CUST_01363,931.98,261.0,61.38,0.82,0,74.0,1.2,Unlimited
CUST_01364,390.32,365.0,8.93,0.17,2,178.0,10.8,Standard
CUST_01365,226.55,257.0,6.68,0.88,4,74.0,4.4,Basic
CUST_01366,178.62,122.0,2.4,0.08,0,32.0,1.0,Basic
CUST_01367,956.03,197.0,58.76,0.85,1,94.0,1.7,Data Plan
CUST_01368,659.86,321.0,17.91,3.54,0,168.0,0.8,Standard
CUST_01369,189.52,98.0,2.8,0.11,0,51.0,1.0,Basic
CUST_01370,212.77,142.0,1.46,0.17,0,37.0,1.0,Prepaid
CUST_01371,1302.66,681.0,52.93,1.66,1,115.0,0.1,Unlimited
CUST_01372,999.01,507.0,56.67,1.78,0,100.0,0.8,Premium
CUST_01373,453.96,327.0,10.16,0.17,0,111.0,3.0,Postpaid
CUST_01374,179.25,122.0,2.24,0.09,0,50.0,0.5,Basic
CUST_01375,287.81,203.0,7.7,0.37,1,169.0,3.7,Basic
CUST_01376,375.46,352.0,12.36,0.29,1,76.0,7.4,Postpaid
CUST_01377,366.42,251.0,5.94,0.37,0,209.0,0.0,Standard
CUST_01378,704.67,361.0,10.72,10.22,0,97.0,0.3,International
CUST_01379,130.45,122.0,2.25,0.0,0,43.0,0.3,Prepaid
CUST_01380,1430.34,616.0,,1.08,0,188.0,0.4,Unlimited
CUST_01381,947.43,688.0,48.9,3.15,1,283.0,0.9,Premium
CUST_01382,476.48,255.0,10.88,0.35,4,52.0,1.6,Basic
CUST_01383,430.12,334.0,13.27,0.25,0,170.0,1.2,Standard
CUST_01384,393.08,189.0,12.63,0.17,0,147.0,1.6,Standard
CUST_01385,407.65,202.0,7.14,0.41,2,71.0,0.1,Basic
CUST_01386,836.94,499.0,14.15,9.39,0,107.0,5.0,Standard
CUST_01387,1184.53,573.0,42.66,1.57,0,191.0,0.4,Unlimited
CUST_01388,346.91,231.0,3.45,0.26,5,74.0,7.6,Basic
CUST_01389,188.69,100.0,1.48,0.07,0,45.0,0.4,Prepaid
CUST_01390,382.74,291.0,9.75,0.61,0,152.0,2.8,Standard
CUST_01391,264.92,266.0,10.3,0.29,1,261.0,4.5,Standard
CUST_01392,607.1,285.0,86.32,1.11,1,66.0,0.3,Unlimited
CUST_01393,168.65,88.0,0.84,0.05,1,59.0,0.0,Basic
CUST_01394,652.29,452.0,15.41,5.66,1,72.0,8.6,International
CUST_01395,126.05,111.0,2.68,0.13,1,53.0,0.6,Basic
CUST_01396,1041.31,280.0,75.56,1.33,2,91.0,2.8,Data Plan
CUST_01397,122.38,129.0,2.21,0.17,0,64.0,0.3,Basic
CUST_01398,1206.41,683.0,50.98,1.73,0,194.0,0.1,Unlimited
CUST_01399,354.33,269.0,9.18,0.44,0,126.0,2.7,Standard
CUST_01400,746.5,464.0,16.57,7.87,2,92.0,3.4,International
CUST_01401,839.03,205.0,95.9,1.08,0,111.0,5.8,Unlimited
CUST_01402,915.43,284.0,19.08,7.23,1,108.0,2.2,International
CUST_01403,114.37,74.0,2.89,0.16,0,55.0,3.0,Basic
CUST_01404,134.14,97.0,1.33,0.14,0,32.0,0.8,Basic
CUST_01405,345.04,250.0,9.53,0.22,0,69.0,2.8,Postpaid
CUST_01406,153.61,120.0,2.27,0.08,0,67.0,0.4,Prepaid
CUST_01407,314.26,45.0,1.0,44.61,0,130.0,3.8,Standard
CUST_01408,328.23,342.0,8.88,0.23,1,183.0,1.7,Postpaid
CUST_01409,318.9,373.0,6.38,0.51,0,114.0,0.6,Standard
CUST_01410,657.12,367.0,13.31,9.23,1,92.0,3.5,International
CUST_01411,315.83,244.0,10.95,0.38,3,180.0,2.2,Basic
CUST_01412,863.11,345.0,15.72,10.82,2,71.0,0.6,International
CUST_01413,655.88,415.0,19.29,4.98,1,95.0,0.0,Standard
CUST_01414,419.26,333.0,10.19,0.39,0,139.0,0.0,Standard
CUST_01415,5848.52,525.0,52.52,28.89,14,174.0,0.7,Premium
CUST_01416,763.08,145.0,74.67,0.57,1,68.0,2.6,Unlimited
CUST_01417,318.6,234.0,10.03,0.62,2,133.0,1.9,Basic
CUST_01418,1006.01,551.0,43.4,2.22,0,234.0,0.1,Unlimited
CUST_01419,178.95,108.0,0.8,0.03,0,34.0,0.9,Basic
CUST_01420,998.49,821.0,38.78,1.63,0,198.0,1.4,Unlimited
CUST_01421,117.97,96.0,2.71,0.13,0,72.0,0.1,Basic
CUST_01422,253.93,203.0,6.9,0.56,5,60.0,1.5,Standard
CUST_01423,1366.03,366.0,55.11,1.99,1,268.0,0.2,Premium
CUST_01424,325.67,240.0,10.24,0.3,1,169.0,0.0,Standard
CUST_01425,961.85,414.0,20.41,8.81,0,87.0,1.9,International
CUST_01426,317.73,323.0,10.14,0.17,0,85.0,0.8,Postpaid
CUST_01427,158.5,132.0,1.37,0.09,1,72.0,1.1,Basic
CUST_01428,1130.33,691.0,45.47,2.31,1,320.0,0.0,Unlimited
CUST_01429,191.23,309.0,7.62,0.83,0,114.0,0.0,Basic
CUST_01430,441.79,255.0,9.17,0.34,4,49.0,3.9,Basic
CUST_01431,927.02,384.0,10.79,7.53,0,125.0,13.2,Standard
CUST_01432,724.71,264.0,97.42,0.99,0,75.0,0.3,Unlimited
CUST_01433,490.72,165.0,7.98,0.77,1,103.0,13.8,Basic
CUST_01434,841.9,300.0,15.11,7.53,1,149.0,0.8,International
CUST_01435,319.23,251.0,8.05,0.47,5,127.0,2.5,Basic
CUST_01436,1237.59,204.0,90.62,1.13,0,58.0,0.5,Data Plan
CUST_01437,463.8,206.0,11.93,0.38,2,199.0,0.6,Postpaid
CUST_01438,809.64,544.0,10.21,9.83,1,110.0,,Standard
CUST_01439,350.41,323.0,9.44,0.47,0,157.0,2.3,Standard
CUST_01440,1465.97,455.0,41.76,2.62,0,230.0,0.1,Premium
CUST_01441,973.88,454.0,16.57,7.9,1,162.0,4.9,International
CUST_01442,772.59,495.0,14.91,12.22,3,87.0,1.8,International
CUST_01443,128.23,93.0,1.86,0.05,0,26.0,0.2,Basic
CUST_01444,156.33,80.0,1.7,0.15,0,40.0,0.4,Basic
CUST_01445,125.75,107.0,1.61,0.1,0,52.0,0.8,Prepaid
CUST_01446,860.48,224.0,66.12,1.27,17,105.0,32.5,Data Plan
CUST_01447,418.96,281.0,10.9,0.14,1,164.0,3.0,Standard
CUST_01448,798.99,189.0,94.48,0.91,0,116.0,1.4,Data Plan
CUST_01449,887.66,468.0,14.61,9.41,1,137.0,0.8,International
CUST_01450,913.71,261.0,103.2,1.41,0,24.0,5.6,Unlimited
CUST_01451,495.86,243.0,11.27,0.27,0,196.0,0.2,Standard
CUST_01452,455.45,239.0,9.28,0.49,0,116.0,1.0,Postpaid
CUST_01453,298.7,429.0,12.26,0.24,0,121.0,1.0,Postpaid
CUST_01454,393.06,279.0,,0.2,0,143.0,1.1,Postpaid
CUST_01455,479.04,336.0,11.44,0.27,4,173.0,2.0,Postpaid
CUST_01456,505.84,387.0,16.11,8.94,0,98.0,1.2,International
CUST_01457,1025.59,514.0,14.78,8.05,1,126.0,1.1,International
CUST_01458,313.14,320.0,6.96,0.22,0,76.0,0.2,Standard
CUST_01459,166.73,75.0,2.09,0.0,0,42.0,0.3,Basic
CUST_01460,980.67,188.0,72.84,1.08,0,85.0,0.8,Data Plan
CUST_01461,390.31,310.0,11.55,0.3,1,153.0,0.5,Standard
CUST_01462,588.9,259.0,11.42,0.32,0,127.0,2.2,Postpaid
CUST_01463,1146.91,700.0,57.93,2.25,0,171.0,0.7,Premium
CUST_01464,695.46,161.0,82.33,1.14,0,68.0,1.0,Data Plan
CUST_01465,110.06,138.0,2.21,0.05,0,60.0,0.1,Prepaid
CUST_01466,976.85,186.0,80.75,1.05,0,66.0,0.4,Data Plan
CUST_01467,175.92,127.0,2.62,0.91,2,157.0,19.3,Standard
CUST_01468,143.26,97.0,2.02,,1,56.0,0.2,Basic
CUST_01469,299.8,371.0,7.94,0.36,2,165.0,0.6,Standard
CUST_01470,809.52,217.0,88.87,1.2,0,88.0,1.6,Data Plan
CUST_01471,522.63,212.0,12.69,0.36,0,176.0,3.7,Postpaid
CUST_01472,407.84,291.0,8.74,0.52,0,155.0,4.9,Standard
CUST_01473,170.58,98.0,1.58,0.18,0,40.0,0.2,Basic
CUST_01474,116.8,126.0,2.31,0.12,1,71.0,0.9,Basic
CUST_01475,958.75,219.0,53.7,,0,79.0,0.4,Data Plan
CUST_01476,430.42,283.0,12.32,0.21,0,169.0,2.2,Standard
CUST_01477,408.53,318.0,11.18,0.51,1,144.0,4.2,Standard
CUST_01478,300.83,308.0,10.68,0.29,1,105.0,0.2,Postpaid
CUST_01479,976.64,622.0,48.98,1.72,0,281.0,0.0,Unlimited
CUST_01480,1033.53,195.0,85.23,1.2,0,75.0,1.2,Data Plan
CUST_01481,428.78,311.0,8.85,0.22,1,80.0,5.0,Standard
CUST_01482,554.81,356.0,9.94,0.5,0,154.0,1.1,Standard
CUST_01483,1051.08,338.0,16.36,10.09,0,39.0,0.3,International
CUST_01484,148.33,22.0,0.83,45.51,0,15.0,0.5,Prepaid
CUST_01485,410.94,239.0,8.67,0.51,2,138.0,0.1,Postpaid
CUST_01486,975.15,155.0,124.85,0.78,0,97.0,1.0,Data Plan
CUST_01487,713.14,169.0,92.19,0.63,1,58.0,0.3,Data Plan
CUST_01488,136.29,73.0,1.9,0.17,0,60.0,0.2,Basic
CUST_01489,889.78,202.0,101.89,1.11,1,84.0,3.7,Unlimited
CUST_01490,550.63,259.0,10.11,0.44,0,80.0,3.9,Postpaid
CUST_01491,160.13,78.0,1.96,0.09,0,56.0,1.9,Basic
CUST_01492,724.65,298.0,11.39,7.93,1,41.0,2.0,Standard
CUST_01493,148.49,114.0,2.53,0.14,0,57.0,1.0,Basic
CUST_01494,470.88,412.0,9.74,0.4,2,190.0,0.2,Postpaid
CUST_01495,487.5,345.0,11.32,0.51,1,114.0,11.4,Standard
CUST_01496,204.03,86.0,2.56,0.1,2,53.0,2.2,Basic
CUST_01497,1054.75,309.0,16.52,6.64,3,124.0,0.0,Standard
CUST_01498,767.24,358.0,16.27,6.97,1,57.0,5.1,International
CUST_01499,677.02,320.0,12.15,4.75,0,171.0,3.1,International
CUST_01500,271.45,297.0,10.65,0.25,0,134.0,4.3,Postpaid
CUST_01501,910.03,287.0,96.98,1.28,0,59.0,0.2,Data Plan
CUST_01502,405.94,324.0,11.41,0.33,0,196.0,1.5,Postpaid
CUST_01503,930.5,259.0,55.47,0.99,0,81.0,0.6,Data Plan
CUST_01504,464.8,316.0,15.66,5.97,0,46.0,,International
CUST_01505,511.51,264.0,7.57,0.24,2,130.0,0.2,Standard
CUST_01506,306.55,243.0,5.7,0.46,4,189.0,32.2,Standard
CUST_01507,706.39,228.0,11.06,10.33,2,134.0,5.1,International
CUST_01508,416.98,390.0,7.86,0.26,0,239.0,3.0,Postpaid
CUST_01509,750.08,240.0,95.82,1.06,2,85.0,0.2,Unlimited
CUST_01510,1013.29,425.0,22.95,,0,137.0,1.0,International
CUST_01511,207.42,53.0,2.04,0.12,0,45.0,1.1,Basic
CUST_01512,982.54,435.0,33.77,1.77,0,150.0,0.3,Premium
CUST_01513,276.35,202.0,8.61,0.44,5,100.0,0.6,Basic
CUST_01514,156.73,76.0,2.81,0.0,1,54.0,0.1,Prepaid
CUST_01515,102.21,62.0,1.08,0.14,1,32.0,3.2,Prepaid
CUST_01516,586.94,239.0,10.53,0.13,0,173.0,1.1,Postpaid
CUST_01517,795.12,181.0,54.35,1.31,0,81.0,1.4,Data Plan
CUST_01518,423.38,420.0,12.94,0.34,0,136.0,3.1,Standard
CUST_01519,741.82,720.0,39.63,3.11,0,242.0,0.1,Premium
CUST_01520,1055.15,144.0,80.96,0.72,0,37.0,1.5,Data Plan
CUST_01521,1012.89,715.0,54.86,2.27,0,309.0,1.3,Premium
CUST_01522,163.2,122.0,1.77,0.14,0,43.0,0.5,Basic
CUST_01523,550.24,437.0,19.71,7.45,0,101.0,4.4,International
CUST_01524,1090.98,529.0,38.99,1.92,0,142.0,0.5,Premium
CUST_01525,185.38,98.0,2.42,0.05,0,37.0,0.1,Prepaid
CUST_01526,1156.22,570.0,60.5,1.35,0,249.0,0.5,Unlimited
CUST_01527,696.0,117.0,89.23,1.25,0,114.0,0.3,Unlimited
CUST_01528,878.11,202.0,93.11,0.82,0,71.0,1.0,Data Plan
CUST_01529,1161.38,395.0,65.37,1.63,0,177.0,0.7,Unlimited
CUST_01530,872.81,291.0,78.0,0.74,1,104.0,1.1,Data Plan
CUST_01531,223.67,252.0,12.45,0.16,0,181.0,1.8,Standard
CUST_01532,141.29,76.0,2.38,0.05,0,57.0,1.1,Basic
CUST_01533,1146.16,687.0,30.24,2.2,0,261.0,0.8,Premium
CUST_01534,108.31,89.0,1.95,0.13,0,66.0,2.4,Basic
CUST_01535,493.54,323.0,10.24,0.4,1,134.0,0.1,Standard
CUST_01536,867.27,341.0,16.04,5.33,1,116.0,6.3,International
CUST_01537,196.3,152.0,2.01,0.08,1,42.0,0.4,Prepaid
CUST_01538,462.51,272.0,10.04,0.36,1,210.0,1.7,Standard
CUST_01539,473.19,326.0,6.78,0.37,0,164.0,1.5,Standard
CUST_01540,342.4,257.0,7.1,0.24,0,162.0,0.6,Standard
CUST_01541,159.94,107.0,2.48,0.23,0,67.0,0.1,Prepaid
CUST_01542,417.24,312.0,8.77,0.29,1,115.0,1.1,Standard
CUST_01543,1469.14,492.0,49.11,1.94,0,265.0,0.8,Premium
CUST_01544,794.21,452.0,11.39,6.98,0,46.0,1.2,International
CUST_01545,248.16,359.0,6.76,0.03,6,170.0,2.8,Basic
CUST_01546,1506.61,709.0,47.98,2.15,0,167.0,0.6,Unlimited
CUST_01547,1132.03,563.0,42.64,1.28,0,169.0,0.1,Unlimited
CUST_01548,895.69,369.0,13.44,9.05,2,79.0,14.8,International
CUST_01549,107.81,96.0,1.38,0.08,1,23.0,0.7,Basic
CUST_01550,1402.95,591.0,41.88,2.42,0,89.0,0.0,Unlimited
CUST_01551,1675.7,610.0,59.14,2.96,0,164.0,2.7,Unlimited
CUST_01552,687.62,377.0,21.81,11.6,0,104.0,0.8,Standard
CUST_01553,116.68,109.0,2.35,0.1,0,48.0,0.8,Basic
CUST_01554,421.39,226.0,11.03,0.55,1,129.0,2.3,Standard
CUST_01555,358.06,264.0,7.39,0.18,2,130.0,1.5,Standard
CUST_01556,213.11,262.0,12.53,0.52,3,120.0,4.4,Standard
CUST_01557,733.93,129.0,107.8,0.92,0,71.0,1.5,Unlimited
CUST_01558,259.4,302.0,4.86,0.39,2,130.0,3.0,Postpaid
CUST_01559,1170.05,547.0,56.85,1.9,0,226.0,0.1,Unlimited
CUST_01560,569.25,330.0,8.94,0.21,0,179.0,0.5,Standard
CUST_01561,451.66,327.0,9.77,0.27,0,207.0,3.1,Standard
CUST_01562,523.59,223.0,11.1,0.38,0,119.0,1.7,Standard
CUST_01563,407.46,293.0,7.3,0.8,0,148.0,0.9,Basic
CUST_01564,919.66,396.0,65.82,1.79,0,122.0,1.0,Unlimited
CUST_01565,1454.15,634.0,40.47,2.03,0,130.0,2.1,Premium
CUST_01566,158.58,79.0,2.1,0.15,0,48.0,0.7,Prepaid
CUST_01567,284.95,445.0,9.01,0.2,0,63.0,0.5,Postpaid
CUST_01568,1030.02,504.0,57.72,2.13,0,220.0,0.9,Unlimited
CUST_01569,1442.97,721.0,47.63,1.24,0,159.0,0.2,Premium
CUST_01570,783.69,150.0,85.1,0.62,1,83.0,1.9,Unlimited
CUST_01571,326.48,276.0,,0.37,0,145.0,0.8,Postpaid
CUST_01572,563.67,319.0,9.38,0.46,0,170.0,0.3,Postpaid
CUST_01573,693.45,253.0,82.97,0.96,0,59.0,2.5,Unlimited
CUST_01574,982.42,588.0,33.92,2.16,0,129.0,0.7,Unlimited
CUST_01575,248.65,238.0,7.42,0.5,2,129.0,1.0,Standard
CUST_01576,841.25,171.0,113.04,0.5,0,91.0,1.0,Data Plan
CUST_01577,1099.82,749.0,61.55,2.15,0,191.0,0.8,Unlimited
CUST_01578,879.88,138.0,70.46,0.74,1,41.0,1.3,Data Plan
CUST_01579,314.51,167.0,4.37,0.66,1,178.0,2.6,Basic
CUST_01580,1449.76,483.0,65.4,1.66,1,251.0,0.4,Unlimited
CUST_01581,112.68,130.0,2.05,0.22,1,27.0,0.1,Prepaid
CUST_01582,699.28,121.0,98.06,1.32,0,51.0,0.9,Data Plan
CUST_01583,435.98,287.0,10.85,0.34,0,164.0,1.8,Postpaid
CUST_01584,363.88,304.0,10.19,0.36,1,163.0,1.8,Postpaid
CUST_01585,358.23,308.0,11.06,0.36,1,159.0,2.3,Standard
CUST_01586,941.29,309.0,12.15,5.13,2,84.0,0.1,International
CUST_01587,320.47,266.0,9.03,0.55,0,148.0,0.5,Postpaid
CUST_01588,304.71,199.0,7.4,0.4,1,140.0,0.4,Standard
CUST_01589,662.31,364.0,11.45,10.71,0,137.0,13.4,Standard
CUST_01590,380.19,253.0,9.49,0.25,0,242.0,1.8,Postpaid
CUST_01591,1079.08,178.0,90.28,0.38,0,90.0,0.3,Data Plan
CUST_01592,171.77,102.0,0.58,0.22,0,44.0,2.5,Prepaid
CUST_01593,257.7,252.0,8.64,0.22,0,154.0,3.1,Postpaid
CUST_01594,981.2,730.0,43.58,1.08,0,265.0,0.2,Unlimited
CUST_01595,375.0,319.0,11.93,0.28,1,249.0,0.2,Standard
CUST_01596,335.08,255.0,8.5,0.28,2,127.0,1.3,Postpaid
CUST_01597,148.95,99.0,1.41,0.21,0,62.0,2.1,Prepaid
CUST_01598,2906.0,483.0,13.3,9.1,2,127.0,3.3,International
CUST_01599,1509.82,635.0,50.16,2.63,0,179.0,0.3,Premium
CUST_01600,315.1,385.0,9.2,0.41,2,179.0,1.0,Standard
CUST_01601,144.81,111.0,2.45,0.12,1,60.0,0.4,Prepaid
CUST_01602,360.35,253.0,11.01,0.22,0,196.0,0.5,Standard
CUST_01603,436.7,318.0,10.49,0.27,0,179.0,0.5,Standard
CUST_01604,129.01,112.0,2.42,0.09,0,31.0,1.8,Basic
CUST_01605,454.74,280.0,10.71,0.27,1,189.0,0.7,Standard
CUST_01606,1348.65,572.0,47.32,2.66,0,311.0,1.8,Unlimited
CUST_01607,471.54,252.0,9.21,0.28,1,43.0,3.8,Standard
CUST_01608,1165.3,216.0,17.01,7.3,0,153.0,8.2,International
CUST_01609,260.82,288.0,7.16,0.32,0,228.0,0.4,Standard
CUST_01610,1042.45,555.0,43.54,2.19,0,206.0,0.3,Premium
CUST_01611,1045.12,305.0,20.35,6.29,1,40.0,0.8,International
CUST_01612,373.93,205.0,10.42,0.39,1,86.0,0.3,Standard
CUST_01613,456.75,248.0,13.24,0.29,0,140.0,3.4,Postpaid
CUST_01614,321.73,307.0,9.54,0.69,1,88.0,1.1,Standard
CUST_01615,500.55,163.0,7.93,0.82,5,127.0,9.6,Basic
CUST_01616,137.39,124.0,2.46,0.09,0,45.0,0.4,Prepaid
CUST_01617,577.2,540.0,20.59,4.1,0,103.0,0.7,International
CUST_01618,402.72,275.0,9.6,0.0,3,168.0,0.3,Basic
CUST_01619,478.94,300.0,11.04,0.4,0,127.0,2.1,Postpaid
CUST_01620,1303.55,600.0,57.52,2.93,1,204.0,0.9,Unlimited
CUST_01621,869.04,176.0,87.29,1.01,1,48.0,1.8,Data Plan
CUST_01622,1040.11,213.0,86.19,1.14,0,81.0,0.4,Data Plan
CUST_01623,363.44,346.0,11.57,0.27,1,123.0,1.4,Standard
CUST_01624,275.25,229.0,12.64,0.67,3,110.0,3.5,Basic
CUST_01625,440.26,182.0,5.49,0.29,0,132.0,0.3,Standard
CUST_01626,193.97,101.0,3.08,0.11,1,31.0,0.1,Prepaid
CUST_01627,133.72,98.0,1.55,0.1,0,14.0,0.8,Basic
CUST_01628,679.21,363.0,10.03,5.38,1,95.0,3.7,International
CUST_01629,821.77,16.0,0.74,49.12,0,78.0,3.0,Unlimited
CUST_01630,293.58,310.0,6.82,0.37,0,83.0,10.8,Standard
CUST_01631,1024.46,648.0,56.81,1.7,0,277.0,0.0,Unlimited
CUST_01632,147.03,73.0,1.92,0.08,0,67.0,0.1,Prepaid
CUST_01633,420.23,230.0,8.88,0.05,2,172.0,0.8,Standard
CUST_01634,135.67,89.0,2.1,0.04,0,40.0,0.6,Prepaid
CUST_01635,107.35,117.0,1.23,0.08,1,52.0,2.4,Prepaid
CUST_01636,93.98,84.0,2.42,0.1,0,46.0,2.2,Prepaid
CUST_01637,989.19,494.0,34.22,1.95,0,137.0,0.3,Premium
CUST_01638,772.82,369.0,15.87,6.82,0,146.0,0.4,Standard
CUST_01639,457.13,365.0,15.04,0.33,0,180.0,12.5,Standard
CUST_01640,133.43,129.0,2.07,0.07,0,49.0,1.6,Prepaid
CUST_01641,172.8,71.0,3.05,0.23,1,61.0,0.5,Basic
CUST_01642,504.92,195.0,9.99,0.71,2,151.0,11.3,Basic
CUST_01643,929.19,428.0,17.12,8.31,0,84.0,,International
CUST_01644,132.13,85.0,2.27,0.17,0,40.0,2.3,Basic
CUST_01645,179.26,46.0,1.81,0.17,0,40.0,3.4,Basic
CUST_01646,405.46,198.0,10.75,0.28,1,206.0,1.4,Postpaid
CUST_01647,345.27,321.0,8.95,0.4,4,127.0,3.1,Standard
CUST_01648,907.93,236.0,91.7,0.95,0,60.0,0.1,Unlimited
CUST_01649,119.95,76.0,1.67,0.07,0,48.0,0.4,Basic
CUST_01650,1049.77,220.0,14.89,9.32,0,85.0,0.0,Standard
CUST_01651,2475.24,131.0,1.41,0.18,0,35.0,2.7,Prepaid
CUST_01652,922.24,212.0,20.2,7.61,0,116.0,8.6,Standard
CUST_01653,837.9,400.0,11.51,7.07,1,118.0,1.2,International
CUST_01654,592.8,347.0,15.18,5.82,2,106.0,1.8,International
CUST_01655,410.66,261.0,11.4,0.14,1,168.0,1.7,Standard
CUST_01656,478.68,402.0,9.84,0.13,0,110.0,5.9,Postpaid
CUST_01657,447.82,373.0,8.6,0.48,1,110.0,5.5,Postpaid
CUST_01658,1240.03,562.0,41.0,1.96,0,199.0,0.6,Premium
CUST_01659,385.38,263.0,11.12,0.42,0,164.0,4.4,Standard
CUST_01660,143.37,122.0,1.42,0.14,0,33.0,0.6,Basic
CUST_01661,668.58,374.0,12.64,5.73,0,72.0,1.8,Standard
CUST_01662,807.92,368.0,17.2,4.3,2,127.0,4.2,Standard
CUST_01663,186.05,173.0,12.72,0.51,5,184.0,19.5,Standard
CUST_01664,164.21,92.0,1.76,0.05,1,43.0,0.0,Basic
CUST_01665,500.06,306.0,10.61,0.46,1,88.0,2.6,Postpaid
CUST_01666,849.62,189.0,69.77,0.91,1,76.0,0.3,Data Plan
CUST_01667,1323.86,523.0,41.09,2.61,0,140.0,0.1,Unlimited
CUST_01668,171.42,138.0,2.18,0.06,0,26.0,1.3,Basic
CUST_01669,151.79,90.0,1.1,0.14,0,56.0,0.9,Prepaid
CUST_01670,798.21,158.0,85.43,1.17,1,100.0,1.5,Data Plan
CUST_01671,1379.76,444.0,24.77,2.21,0,164.0,0.1,Premium
CUST_01672,102.17,82.0,2.24,0.12,0,62.0,2.4,Prepaid
CUST_01673,915.6,373.0,15.68,9.06,1,112.0,6.3,Standard
CUST_01674,803.92,188.0,45.06,1.47,0,57.0,1.8,Data Plan
CUST_01675,785.89,225.0,82.11,1.04,0,102.0,0.5,Data Plan
CUST_01676,310.05,174.0,6.18,0.36,0,158.0,8.7,Standard
CUST_01677,1053.34,241.0,78.34,1.0,0,140.0,2.5,Data Plan
CUST_01678,300.02,169.0,2.29,0.55,0,140.0,2.1,Basic
CUST_01679,978.2,116.0,100.84,0.58,0,63.0,0.2,Data Plan
CUST_01680,379.1,202.0,10.37,0.6,5,181.0,12.0,Basic
CUST_01681,159.93,115.0,1.52,0.12,2,44.0,2.3,Basic
CUST_01682,532.71,336.0,10.38,0.26,0,123.0,0.9,Standard
CUST_01683,530.63,187.0,9.05,0.4,2,137.0,5.6,Basic
CUST_01684,179.27,105.0,1.88,0.13,0,61.0,0.3,Basic
CUST_01685,391.97,139.0,5.67,0.64,1,127.0,3.2,Basic
CUST_01686,164.87,70.0,1.3,0.05,0,49.0,2.6,Basic
CUST_01687,507.46,313.0,12.28,0.38,0,147.0,2.2,Standard
CUST_01688,887.92,233.0,74.37,0.92,0,117.0,2.9,Data Plan
CUST_01689,113.71,73.0,2.24,0.03,1,61.0,0.7,Basic
CUST_01690,1186.46,867.0,40.02,1.19,0,288.0,0.1,Premium
CUST_01691,966.52,354.0,11.49,6.79,2,134.0,0.7,International
CUST_01692,379.75,317.0,11.77,0.19,21,201.0,35.5,Postpaid
CUST_01693,1414.05,609.0,73.88,1.54,0,207.0,0.2,Unlimited
CUST_01694,629.99,427.0,14.41,11.08,0,132.0,8.2,International
CUST_01695,817.94,191.0,90.75,0.91,2,66.0,3.5,Data Plan
CUST_01696,437.61,197.0,5.93,0.44,5,143.0,0.9,Basic
CUST_01697,419.57,275.0,5.77,0.42,5,115.0,12.2,Standard
CUST_01698,1217.12,422.0,65.37,2.26,2,238.0,0.1,Premium
CUST_01699,147.0,87.0,1.51,0.12,0,49.0,0.7,Basic
CUST_01700,133.94,88.0,1.93,0.17,2,42.0,0.6,Basic
CUST_01701,285.46,263.0,10.37,0.17,1,142.0,1.0,Standard
CUST_01702,821.77,115.0,62.57,1.68,0,79.0,1.8,Data Plan
CUST_01703,760.7,123.0,87.43,0.64,0,81.0,0.8,Unlimited
CUST_01704,329.72,239.0,8.68,1.04,1,124.0,0.4,Standard
CUST_01705,469.5,347.0,9.2,0.21,1,90.0,0.8,Postpaid
CUST_01706,386.51,271.0,12.48,0.29,1,104.0,0.0,Standard
CUST_01707,479.69,311.0,9.32,0.29,1,96.0,0.1,Postpaid
CUST_01708,420.31,281.0,10.41,0.18,0,77.0,0.4,Standard
CUST_01709,1015.98,182.0,82.35,0.76,0,95.0,0.5,Data Plan
CUST_01710,1527.89,634.0,72.07,1.05,1,224.0,0.0,Premium
CUST_01711,163.21,53.0,1.79,0.11,0,56.0,0.7,Basic
CUST_01712,744.87,250.0,95.14,0.6,0,98.0,0.4,Data Plan
CUST_01713,185.65,95.0,2.48,0.02,0,53.0,0.9,Prepaid
CUST_01714,734.89,449.0,13.41,11.84,1,150.0,7.4,Standard
CUST_01715,421.04,326.0,12.21,0.26,2,102.0,3.5,Postpaid
CUST_01716,440.66,292.0,11.14,0.35,0,161.0,2.7,Standard
CUST_01717,376.36,250.0,12.85,0.13,0,222.0,1.0,Standard
CUST_01718,296.08,270.0,6.79,0.39,0,191.0,0.9,Standard
CUST_01719,802.66,466.0,20.48,6.47,2,96.0,0.5,Standard
CUST_01720,544.84,314.0,8.85,0.34,0,145.0,8.8,Standard
CUST_01721,1259.21,586.0,57.5,1.82,0,228.0,0.7,Unlimited
CUST_01722,181.32,111.0,2.24,0.09,1,31.0,0.0,Basic
CUST_01723,982.38,634.0,59.53,2.3,0,259.0,0.0,Unlimited
CUST_01724,846.86,383.0,12.83,9.49,0,68.0,0.6,International
CUST_01725,754.38,149.0,54.01,1.25,2,83.0,0.1,Data Plan
CUST_01726,184.07,115.0,1.73,0.11,0,58.0,0.2,Basic
CUST_01727,516.9,258.0,12.33,0.24,2,167.0,1.3,Standard
CUST_01728,377.95,152.0,9.51,0.08,0,186.0,0.1,Postpaid
CUST_01729,1168.04,571.0,43.1,2.46,0,227.0,0.4,Premium
CUST_01730,476.19,284.0,9.55,0.38,1,101.0,0.1,Standard
CUST_01731,989.2,180.0,108.64,1.14,1,55.0,4.8,Data Plan
CUST_01732,1048.29,580.0,54.55,2.1,0,248.0,0.4,Premium
CUST_01733,164.73,68.0,2.17,0.02,0,63.0,1.0,Basic
CUST_01734,172.73,101.0,2.21,0.08,0,84.0,0.9,Basic
CUST_01735,1092.3,550.0,40.87,1.98,16,288.0,40.4,Unlimited
CUST_01736,384.16,335.0,9.72,0.42,1,134.0,2.9,Standard
CUST_01737,1065.98,561.0,44.66,1.87,1,113.0,0.3,Premium
CUST_01738,808.44,231.0,98.74,1.17,2,72.0,8.1,Unlimited
CUST_01739,159.78,127.0,2.26,0.15,0,43.0,0.3,Prepaid
CUST_01740,443.16,124.0,10.68,0.64,5,147.0,5.8,Basic
CUST_01741,886.46,175.0,75.13,0.34,0,31.0,2.2,Data Plan
CUST_01742,429.84,371.0,5.56,0.86,2,106.0,42.0,Standard
CUST_01743,782.91,203.0,82.11,1.19,0,81.0,0.6,Data Plan
CUST_01744,150.31,91.0,1.67,0.04,0,72.0,0.5,Basic
CUST_01745,293.14,281.0,9.93,0.15,0,145.0,1.2,Postpaid
CUST_01746,420.43,333.0,8.98,0.36,2,94.0,0.6,Postpaid
CUST_01747,824.49,360.0,12.63,5.58,2,93.0,11.6,International
CUST_01748,417.09,372.0,9.32,0.31,1,166.0,2.0,Standard
CUST_01749,147.14,117.0,1.36,0.15,0,54.0,2.1,Prepaid
CUST_01750,157.26,81.0,1.51,0.11,0,52.0,0.1,Basic
CUST_01751,991.34,123.0,78.14,1.08,1,72.0,0.7,Data Plan
CUST_01752,953.47,465.0,21.16,5.16,1,136.0,9.8,International
CUST_01753,165.41,117.0,1.47,0.08,1,47.0,1.1,Basic
CUST_01754,157.68,92.0,1.6,0.14,0,41.0,0.5,Basic
CUST_01755,182.53,199.0,12.32,0.41,3,98.0,0.2,Basic
CUST_01756,688.0,171.0,92.99,1.36,0,102.0,0.0,Data Plan
CUST_01757,165.12,82.0,2.15,0.07,21,35.0,87.5,Prepaid
CUST_01758,465.42,301.0,12.14,0.26,0,96.0,1.1,Standard
CUST_01759,161.32,105.0,2.12,0.04,1,64.0,0.8,Basic
CUST_01760,683.92,360.0,14.93,6.73,1,108.0,2.7,International
CUST_01761,274.79,187.0,3.96,0.31,2,121.0,10.2,Standard
CUST_01762,1127.82,203.0,90.95,1.47,0,97.0,0.7,Data Plan
CUST_01763,770.98,340.0,13.83,4.9,1,88.0,1.0,International
CUST_01764,91.21,87.0,1.89,0.02,0,46.0,1.7,Basic
CUST_01765,892.87,747.0,59.48,2.31,0,128.0,0.4,Premium
CUST_01766,390.99,405.0,8.36,0.4,0,148.0,5.9,Standard
CUST_01767,308.12,225.0,7.22,0.78,1,141.0,1.7,Basic
CUST_01768,488.11,285.0,76.61,0.89,0,83.0,1.8,Data Plan
CUST_01769,667.36,405.0,11.49,10.15,0,111.0,2.7,International
CUST_01770,111.59,125.0,2.29,0.08,1,37.0,1.9,Basic
CUST_01771,338.01,258.0,9.9,0.41,4,99.0,3.2,Basic
CUST_01772,953.81,370.0,9.35,10.81,0,104.0,3.6,Standard
CUST_01773,1137.34,260.0,78.7,0.86,0,122.0,2.4,Unlimited
CUST_01774,426.64,273.0,13.25,0.26,0,162.0,0.6,Postpaid
CUST_01775,372.72,251.0,7.53,0.27,2,196.0,3.5,Postpaid
CUST_01776,357.8,411.0,12.33,0.3,1,236.0,0.6,Postpaid
CUST_01777,503.36,328.0,7.81,0.6,3,66.0,5.6,Basic
CUST_01778,199.96,139.0,1.32,0.25,0,48.0,2.2,Prepaid
CUST_01779,180.19,26.0,0.75,23.4,0,59.0,1.2,Prepaid
CUST_01780,408.68,258.0,11.68,0.28,0,189.0,1.8,Postpaid
CUST_01781,462.76,283.0,13.76,0.18,0,109.0,0.8,Standard
CUST_01782,118.59,112.0,1.41,0.07,0,51.0,1.0,Prepaid
CUST_01783,386.91,213.0,7.16,0.2,0,210.0,3.4,Standard
CUST_01784,1189.68,796.0,32.63,1.51,1,129.0,0.2,Unlimited
CUST_01785,359.08,296.0,12.09,0.35,1,153.0,3.7,Postpaid
CUST_01786,349.92,262.0,10.62,0.28,1,146.0,2.2,Postpaid
CUST_01787,1153.65,188.0,72.95,1.04,0,105.0,1.2,Unlimited
CUST_01788,1085.63,466.0,52.99,2.13,0,189.0,0.3,Unlimited
CUST_01789,365.83,254.0,13.05,0.39,0,159.0,3.3,Standard
CUST_01790,1317.76,715.0,43.41,1.84,0,164.0,0.8,Unlimited
CUST_01791,940.21,237.0,65.25,1.44,2,94.0,0.5,Data Plan
CUST_01792,380.36,278.0,5.65,0.57,2,89.0,1.0,Basic
CUST_01793,753.72,136.0,82.33,1.29,0,94.0,0.0,Unlimited
CUST_01794,165.26,51.0,1.82,0.19,0,50.0,0.8,Basic
CUST_01795,1117.8,676.0,44.58,2.03,0,250.0,0.0,Premium
CUST_01796,361.64,266.0,13.09,0.31,0,140.0,0.9,Standard
CUST_01797,342.33,307.0,9.29,0.17,0,237.0,0.9,Standard
CUST_01798,401.27,212.0,8.3,0.3,0,145.0,2.4,Postpaid
CUST_01799,820.42,271.0,17.58,11.45,0,45.0,1.0,International
CUST_01800,549.01,177.0,4.72,0.51,3,50.0,25.6,Basic
CUST_01801,569.6,290.0,18.53,9.08,1,116.0,0.6,International
CUST_01802,519.17,241.0,8.75,0.3,1,136.0,1.2,Standard
CUST_01803,292.8,239.0,8.15,0.25,1,135.0,0.3,Postpaid
CUST_01804,428.71,347.0,9.64,0.15,1,242.0,0.8,Standard
CUST_01805,1237.58,702.0,52.29,2.32,0,210.0,0.0,Premium
CUST_01806,387.98,294.0,6.39,0.36,2,62.0,0.6,Basic
CUST_01807,646.43,534.0,13.82,9.99,0,11.0,0.3,International
CUST_01808,1257.42,587.0,44.35,2.73,0,140.0,0.3,Unlimited
CUST_01809,201.32,66.0,2.05,0.13,0,71.0,2.7,Basic
CUST_01810,1465.78,427.0,39.87,2.67,0,227.0,0.6,Premium
CUST_01811,1253.88,534.0,51.3,3.08,1,187.0,0.5,Premium
CUST_01812,491.31,359.0,12.71,0.21,0,122.0,7.1,Postpaid
CUST_01813,415.18,271.0,7.86,0.49,0,116.0,0.2,Standard
CUST_01814,1537.41,566.0,40.09,1.97,0,242.0,0.6,Premium
CUST_01815,791.98,133.0,92.14,0.91,2,85.0,4.0,Data Plan
CUST_01816,163.26,129.0,1.16,0.16,0,48.0,0.3,Basic
CUST_01817,384.91,366.0,9.5,0.42,0,161.0,4.7,Postpaid
CUST_01818,414.26,435.0,10.25,0.22,0,131.0,3.3,Postpaid
CUST_01819,780.82,215.0,83.06,0.99,0,98.0,3.0,Data Plan
CUST_01820,862.97,241.0,83.55,0.83,0,96.0,2.0,Data Plan
CUST_01821,428.71,32.0,1.69,21.6,0,191.0,2.5,Postpaid
CUST_01822,1399.62,581.0,54.62,2.06,0,172.0,0.7,Unlimited
CUST_01823,771.77,299.0,17.09,9.8,0,111.0,6.9,International
CUST_01824,1185.86,667.0,33.59,1.63,1,228.0,0.1,Premium
CUST_01825,727.38,468.0,14.31,7.78,0,73.0,0.1,International
CUST_01826,421.72,156.0,4.46,0.59,2,144.0,5.4,Basic
CUST_01827,383.09,256.0,7.98,0.64,3,139.0,11.9,Standard
CUST_01828,485.01,290.0,12.23,0.32,0,150.0,1.4,Postpaid
CUST_01829,311.5,342.0,5.64,0.45,5,146.0,1.4,Basic
CUST_01830,868.93,235.0,67.4,0.48,0,71.0,0.5,Data Plan
CUST_01831,854.51,226.0,62.22,1.21,1,56.0,1.4,Unlimited
CUST_01832,458.66,302.0,11.65,0.46,0,130.0,3.6,Standard
CUST_01833,299.74,291.0,7.95,0.4,1,133.0,0.2,Postpaid
CUST_01834,1277.06,474.0,58.6,1.47,0,234.0,0.5,Premium
CUST_01835,503.75,212.0,5.26,0.92,4,126.0,4.5,Basic
CUST_01836,347.41,212.0,13.15,0.14,0,126.0,1.8,Postpaid
CUST_01837,425.3,221.0,4.93,0.85,4,144.0,4.8,Basic
CUST_01838,73.38,93.0,,0.06,0,72.0,0.5,Prepaid
CUST_01839,808.64,466.0,14.78,4.42,2,97.0,0.5,International
CUST_01840,679.38,188.0,69.07,0.82,0,108.0,0.2,Data Plan
CUST_01841,1315.63,565.0,43.93,1.59,0,267.0,0.3,Unlimited
CUST_01842,275.12,231.0,10.92,0.37,2,140.0,5.9,Basic
CUST_01843,153.45,90.0,0.75,0.06,0,35.0,3.2,Prepaid
CUST_01844,416.7,341.0,10.18,0.35,4,125.0,15.5,Standard
CUST_01845,811.63,166.0,76.47,0.69,1,90.0,0.7,Data Plan
CUST_01846,1152.77,184.0,72.48,1.31,0,92.0,1.2,Unlimited
CUST_01847,336.02,303.0,12.83,0.18,0,137.0,2.2,Postpaid
CUST_01848,746.8,158.0,71.26,0.8,1,76.0,2.6,Data Plan
CUST_01849,316.56,247.0,13.14,0.19,1,227.0,1.8,Standard
CUST_01850,365.39,415.0,13.11,0.15,1,208.0,1.4,Postpaid
CUST_01851,198.2,385.0,6.76,0.59,3,59.0,2.7,Basic
CUST_01852,126.97,93.0,2.31,0.11,0,43.0,3.3,Basic
CUST_01853,659.67,463.0,10.34,9.04,0,124.0,0.9,Standard
CUST_01854,406.97,29.0,0.92,20.08,1,158.0,3.8,Postpaid
CUST_01855,212.65,331.0,5.81,0.61,2,125.0,15.4,Standard
CUST_01856,29.84,286.0,14.55,0.35,1,208.0,3.2,Postpaid
CUST_01857,546.17,276.0,8.77,0.25,0,163.0,2.8,Standard
CUST_01858,109.4,165.0,8.94,0.24,3,160.0,14.7,Standard
CUST_01859,755.02,503.0,9.43,8.08,0,113.0,0.8,International
CUST_01860,418.05,304.0,10.28,0.43,0,141.0,2.2,Postpaid
CUST_01861,390.11,283.0,8.03,0.32,1,143.0,,Standard
CUST_01862,362.24,273.0,11.7,0.29,1,152.0,0.4,Standard
CUST_01863,386.33,237.0,12.77,0.35,0,176.0,0.0,Standard
CUST_01864,909.69,135.0,84.15,0.57,0,80.0,0.3,Unlimited
CUST_01865,1253.77,597.0,59.03,1.18,0,145.0,0.3,Premium
CUST_01866,845.56,183.0,88.55,0.76,2,81.0,0.1,Unlimited
CUST_01867,780.65,210.0,74.03,1.49,0,84.0,0.4,Unlimited
CUST_01868,1031.65,182.0,57.4,0.73,0,59.0,2.3,Data Plan
CUST_01869,125.71,45.0,1.63,0.16,1,56.0,0.9,Basic
CUST_01870,166.57,53.0,,0.09,0,55.0,0.1,Basic
CUST_01871,611.45,300.0,16.92,4.76,0,70.0,5.6,International
CUST_01872,718.49,273.0,100.79,0.66,0,113.0,1.2,Unlimited
CUST_01873,491.57,339.0,8.51,0.18,0,180.0,6.0,Standard
CUST_01874,1034.69,455.0,12.3,11.38,0,98.0,0.0,International
CUST_01875,141.7,128.0,1.11,0.02,1,37.0,0.0,Prepaid
CUST_01876,932.65,509.0,11.89,5.24,2,157.0,7.5,International
CUST_01877,5752.8,245.0,8.9,36.8,9,197.0,0.2,Standard
CUST_01878,164.03,67.0,1.21,0.22,0,55.0,1.4,Basic
CUST_01879,1222.54,519.0,50.69,2.19,0,169.0,0.0,Unlimited
CUST_01880,312.95,202.0,5.39,0.47,2,134.0,2.2,Basic
CUST_01881,808.47,320.0,16.13,4.34,0,81.0,6.0,International
CUST_01882,110.31,91.0,1.74,0.13,0,57.0,0.0,Basic
CUST_01883,1106.4,469.0,19.24,9.32,2,92.0,0.5,Standard
CUST_01884,861.88,422.0,17.28,6.73,1,60.0,6.1,Standard
CUST_01885,531.48,278.0,10.01,0.26,0,149.0,3.0,Standard
CUST_01886,1373.74,470.0,71.29,2.33,0,238.0,0.3,Unlimited
CUST_01887,736.23,305.0,12.73,7.49,0,110.0,0.6,Standard
CUST_01888,434.44,264.0,8.23,0.24,0,152.0,1.7,Standard
CUST_01889,326.83,360.0,7.75,0.33,1,145.0,9.6,Standard
CUST_01890,1079.22,246.0,78.56,0.9,0,95.0,0.4,Data Plan
CUST_01891,491.42,316.0,6.56,0.38,0,158.0,0.6,Standard
CUST_01892,327.46,270.0,,0.28,1,124.0,4.1,Standard
CUST_01893,948.43,276.0,13.51,9.51,1,79.0,1.0,International
CUST_01894,206.3,95.0,1.87,0.01,0,43.0,0.1,Basic
CUST_01895,207.75,316.0,6.99,0.56,3,151.0,10.0,Standard
CUST_01896,1174.35,685.0,53.06,1.75,1,165.0,0.3,Premium
CUST_01897,390.64,329.0,8.6,0.29,0,154.0,0.2,Postpaid
CUST_01898,450.73,337.0,9.28,0.25,0,148.0,4.2,Standard
CUST_01899,138.01,98.0,2.02,0.08,0,50.0,1.9,Basic
CUST_01900,1012.25,558.0,38.4,2.66,0,174.0,0.3,Premium
CUST_01901,365.28,259.0,10.05,0.35,1,185.0,2.7,Postpaid
CUST_01902,930.37,133.0,85.12,0.27,1,57.0,3.0,Data Plan
CUST_01903,336.99,209.0,3.95,0.51,3,122.0,16.3,Basic
CUST_01904,489.63,317.0,6.33,0.41,2,165.0,0.3,Postpaid
CUST_01905,211.69,106.0,2.48,0.08,1,51.0,1.9,Basic
CUST_01906,118.88,93.0,1.6,0.15,0,94.0,0.3,Prepaid
CUST_01907,412.51,331.0,10.92,0.27,1,137.0,1.3,Standard
CUST_01908,868.93,131.0,120.53,1.02,0,76.0,0.7,Unlimited
CUST_01909,124.25,72.0,1.67,0.2,0,40.0,0.9,Prepaid
CUST_01910,120.05,141.0,1.62,0.01,1,11.0,0.9,Prepaid
CUST_01911,285.54,356.0,9.97,0.28,0,104.0,3.7,Standard
CUST_01912,550.34,273.0,9.64,0.33,2,89.0,2.1,Standard
CUST_01913,149.27,90.0,1.91,0.07,0,72.0,2.4,Basic
CUST_01914,665.71,200.0,75.69,1.05,2,55.0,1.0,Unlimited
CUST_01915,1311.18,597.0,47.27,2.25,0,263.0,0.1,Premium
CUST_01916,1319.47,448.0,59.14,1.26,1,288.0,0.2,Premium
CUST_01917,185.18,105.0,2.01,0.1,0,43.0,0.1,Basic
CUST_01918,715.27,71.0,89.26,0.43,0,81.0,0.0,Data Plan
CUST_01919,624.09,480.0,13.21,5.81,2,146.0,7.6,International
CUST_01920,427.43,257.0,9.51,0.33,0,63.0,17.3,Basic
CUST_01921,995.96,173.0,72.93,0.77,0,106.0,1.3,Unlimited
CUST_01922,496.86,382.0,9.91,0.21,1,186.0,4.0,Postpaid
CUST_01923,442.44,311.0,11.3,0.27,1,106.0,0.1,Postpaid
CUST_01924,281.09,260.0,9.73,0.32,0,159.0,0.1,Standard
CUST_01925,436.05,295.0,13.68,0.32,0,105.0,0.2,Postpaid
CUST_01926,131.93,134.0,1.82,0.15,2,44.0,0.9,Prepaid
CUST_01927,635.6,323.0,14.85,8.42,0,102.0,1.1,Standard
CUST_01928,171.28,95.0,2.28,0.09,0,44.0,0.6,Prepaid
CUST_01929,210.22,182.0,8.5,0.23,2,127.0,3.2,Standard
CUST_01930,303.63,278.0,6.99,0.5,5,170.0,11.5,Basic
CUST_01931,754.68,259.0,15.84,3.14,1,113.0,1.9,Standard
CUST_01932,155.13,149.0,1.96,0.08,1,76.0,0.2,Basic
CUST_01933,968.91,394.0,16.65,5.91,2,165.0,8.9,International
CUST_01934,324.65,215.0,7.86,0.45,4,63.0,8.9,Basic
CUST_01935,998.95,532.0,56.41,2.24,0,263.0,0.2,Unlimited
CUST_01936,127.37,133.0,1.99,0.13,0,63.0,4.9,Basic
CUST_01937,505.55,324.0,10.15,0.13,0,165.0,4.0,Standard
CUST_01938,1172.83,718.0,64.31,2.16,0,252.0,1.4,Unlimited
CUST_01939,912.62,767.0,40.18,1.7,2,232.0,0.6,Premium
CUST_01940,4408.66,383.0,14.08,33.7,14,85.0,1.7,International
CUST_01941,688.5,342.0,17.81,8.87,1,56.0,0.7,International
CUST_01942,956.69,229.0,71.38,0.56,0,56.0,1.8,Data Plan
CUST_01943,856.42,540.0,17.04,6.73,1,92.0,3.0,International
CUST_01944,1054.96,552.0,40.07,1.82,1,217.0,2.2,Unlimited
CUST_01945,735.5,94.0,106.87,0.9,0,67.0,0.3,Data Plan
CUST_01946,455.43,216.0,9.28,0.36,1,176.0,0.5,Standard
CUST_01947,945.2,323.0,22.85,9.19,2,124.0,2.1,International
CUST_01948,158.91,59.0,2.12,0.11,0,47.0,1.9,Basic
CUST_01949,431.16,338.0,7.84,0.59,1,105.0,35.0,Standard
CUST_01950,424.24,399.0,11.95,0.46,0,230.0,0.3,Standard
CUST_01951,932.46,620.0,56.06,2.14,0,187.0,0.0,Unlimited
CUST_01952,480.01,312.0,6.14,0.25,1,185.0,1.1,Postpaid
CUST_01953,415.06,421.0,9.85,0.37,0,220.0,0.7,Standard
CUST_01954,782.54,213.0,76.74,1.07,0,42.0,2.5,Data Plan
CUST_01955,170.24,62.0,2.04,0.07,0,59.0,0.0,Basic
CUST_01956,239.09,266.0,6.62,0.64,3,82.0,18.7,Standard
CUST_01957,661.38,500.0,18.74,9.87,0,129.0,6.6,International
CUST_01958,861.65,177.0,73.95,0.73,1,59.0,2.3,Data Plan
CUST_01959,414.91,346.0,17.01,11.39,0,71.0,4.9,International
CUST_01960,372.36,348.0,8.73,0.18,2,159.0,0.4,Postpaid
CUST_01961,209.31,209.0,5.26,0.31,1,138.0,12.4,Basic
CUST_01962,339.69,365.0,6.46,0.69,3,107.0,13.6,Standard
CUST_01963,418.08,175.0,7.62,0.35,1,157.0,6.2,Basic
CUST_01964,975.93,319.0,8.29,7.83,4,87.0,1.0,Standard
CUST_01965,1099.39,85.0,91.01,1.32,0,76.0,0.7,Data Plan
CUST_01966,413.56,245.0,4.0,0.53,0,99.0,6.6,Standard
CUST_01967,4897.27,98.0,2.05,17.17,12,25.0,0.5,Prepaid
CUST_01968,172.44,106.0,2.08,0.16,0,39.0,0.6,Basic
CUST_01969,961.99,333.0,16.6,8.58,0,141.0,1.2,Standard
CUST_01970,341.72,321.0,11.15,0.24,0,133.0,0.6,Standard
CUST_01971,1210.49,580.0,67.52,1.81,0,223.0,1.0,Unlimited
CUST_01972,384.14,284.0,13.06,0.22,0,90.0,3.2,Postpaid
CUST_01973,445.02,289.0,7.59,0.21,1,147.0,0.4,Standard
CUST_01974,152.6,60.0,2.7,0.1,2,56.0,0.8,Basic
CUST_01975,146.87,82.0,2.17,0.14,0,71.0,2.0,Basic
CUST_01976,1051.02,540.0,42.1,2.31,0,319.0,0.3,Unlimited
CUST_01977,128.43,97.0,2.09,0.06,0,38.0,0.3,Basic
CUST_01978,1090.29,680.0,58.74,3.0,0,208.0,0.4,Unlimited
CUST_01979,1446.53,655.0,41.41,1.6,0,194.0,0.1,Unlimited
CUST_01980,487.78,375.0,9.46,0.18,0,183.0,0.4,Postpaid
CUST_01981,159.43,50.0,2.35,0.11,0,40.0,0.4,Basic
CUST_01982,151.31,125.0,2.94,0.14,0,35.0,1.6,Basic
CUST_01983,135.78,104.0,0.87,0.13,0,39.0,2.5,Basic
CUST_01984,333.69,320.0,9.47,0.39,1,163.0,0.4,Standard
CUST_01985,147.61,75.0,0.58,0.08,1,39.0,1.2,Prepaid
CUST_01986,470.47,197.0,9.48,0.79,3,116.0,6.9,Basic
CUST_01987,382.46,267.0,6.66,0.25,1,171.0,5.2,Standard
CUST_01988,943.15,235.0,64.5,0.9,16,57.0,39.3,Data Plan
CUST_01989,774.66,285.0,81.17,1.21,1,97.0,0.6,Data Plan
CUST_01990,113.67,77.0,1.56,0.16,0,40.0,0.8,Prepaid
CUST_01991,118.13,117.0,2.54,0.19,0,54.0,,Prepaid
CUST_01992,513.19,206.0,7.69,0.81,1,75.0,4.3,Standard
CUST_01993,445.85,253.0,4.21,0.29,4,69.0,15.2,Basic
CUST_01994,147.31,131.0,1.67,0.11,0,57.0,0.5,Basic
CUST_01995,602.49,198.0,72.87,1.11,1,95.0,1.0,Unlimited
CUST_01996,757.61,364.0,20.36,6.22,1,102.0,1.6,Standard
CUST_01997,423.0,29.0,5.63,0.27,7,145.0,6.6,Standard
CUST_01998,331.58,288.0,9.0,0.4,3,132.0,1.4,Basic
CUST_01999,147.58,132.0,1.83,0.01,1,54.0,0.1,Prepaid
CUST_02000,899.19,373.0,18.32,6.62,1,153.0,0.2,Standard
CUST_02001,1140.47,210.0,71.35,0.82,0,70.0,0.0,Data Plan
CUST_02002,127.58,81.0,1.99,0.04,0,47.0,0.4,Prepaid
CUST_02003,142.83,126.0,3.25,0.14,1,57.0,0.8,Basic
CUST_02004,748.53,310.0,14.43,6.49,2,131.0,0.4,International
CUST_02005,1097.1,373.0,14.82,7.61,2,110.0,5.2,Standard
CUST_02006,1044.05,573.0,43.07,2.73,1,214.0,0.2,Premium
CUST_02007,959.31,179.0,69.01,1.28,0,101.0,7.3,Unlimited
CUST_02008,375.37,180.0,9.15,0.46,3,121.0,1.0,Basic
CUST_02009,344.83,298.0,10.79,0.44,1,82.0,0.1,Standard
CUST_02010,572.69,252.0,6.52,0.29,0,176.0,1.4,Standard
CUST_02011,1217.19,496.0,61.0,1.61,0,228.0,0.5,Premium
CUST_02012,142.64,94.0,2.49,0.09,0,82.0,0.2,Basic
CUST_02013,480.88,363.0,12.48,0.33,0,167.0,0.6,Standard
CUST_02014,1190.75,582.0,47.7,2.12,0,169.0,0.1,Premium
CUST_02015,772.09,175.0,70.23,1.0,0,68.0,1.0,Data Plan
CUST_02016,811.7,502.0,17.33,9.4,0,142.0,7.1,International
CUST_02017,331.54,310.0,10.11,0.54,4,128.0,11.5,Standard
CUST_02018,945.59,154.0,70.58,0.75,0,104.0,0.2,Data Plan
CUST_02019,1226.07,808.0,59.65,1.26,0,263.0,0.3,Unlimited
CUST_02020,976.89,169.0,102.79,1.03,1,61.0,4.5,Unlimited
CUST_02021,623.93,182.0,92.62,0.73,0,81.0,2.3,Data Plan
CUST_02022,782.29,440.0,15.28,,0,115.0,8.3,International
CUST_02023,948.09,373.0,19.03,8.87,2,132.0,1.2,International
CUST_02024,830.59,103.0,110.37,1.4,0,44.0,1.1,Unlimited
CUST_02025,899.52,242.0,14.49,6.53,0,172.0,4.4,Standard
CUST_02026,848.52,225.0,58.63,0.76,0,60.0,0.1,Data Plan
CUST_02027,167.13,69.0,1.87,0.15,0,49.0,0.5,Basic
CUST_02028,1183.05,797.0,50.7,2.27,0,251.0,1.1,Unlimited
CUST_02029,135.84,99.0,1.45,0.12,0,54.0,1.3,Basic
CUST_02030,4163.64,85.0,2.36,31.7,8,34.0,0.0,Basic
CUST_02031,1274.72,510.0,39.63,2.11,0,162.0,0.0,Premium
CUST_02032,4194.27,260.0,3.34,39.06,8,74.0,0.7,Standard
CUST_02033,158.02,71.0,2.35,0.06,0,46.0,1.4,Basic
CUST_02034,979.79,106.0,88.07,1.38,0,83.0,1.0,Data Plan
CUST_02035,1183.85,605.0,46.31,1.89,0,276.0,0.2,Unlimited
CUST_02036,371.15,211.0,8.85,0.2,1,170.0,1.2,Standard
CUST_02037,673.8,189.0,114.73,1.07,0,40.0,0.2,Unlimited
CUST_02038,511.88,278.0,6.09,0.12,0,235.0,3.5,Standard
CUST_02039,771.14,133.0,83.14,0.7,0,95.0,2.2,Data Plan
CUST_02040,471.61,188.0,11.05,0.39,2,131.0,24.0,Standard
CUST_02041,361.93,307.0,10.39,0.33,1,172.0,1.6,Postpaid
CUST_02042,165.24,95.0,2.68,0.15,0,23.0,1.8,Basic
CUST_02043,386.88,344.0,9.3,0.17,0,184.0,8.9,Postpaid
CUST_02044,819.4,341.0,12.75,9.57,0,140.0,3.0,International
CUST_02045,303.03,221.0,13.23,0.36,2,181.0,1.6,Postpaid
CUST_02046,1469.81,555.0,37.58,1.34,0,197.0,0.1,Premium
CUST_02047,1120.0,221.0,72.27,1.07,0,28.0,1.2,Data Plan
CUST_02048,375.04,257.0,8.46,0.36,0,194.0,3.6,Standard
CUST_02049,385.26,332.0,12.88,0.23,1,198.0,0.9,Postpaid
CUST_02050,1189.73,692.0,49.29,1.88,0,155.0,0.5,Unlimited
CUST_02051,799.29,232.0,70.7,1.07,1,98.0,0.5,Data Plan
CUST_02052,383.21,310.0,9.96,0.3,1,147.0,2.4,Postpaid
CUST_02053,932.41,230.0,88.59,1.07,1,81.0,0.5,Data Plan
CUST_02054,533.73,289.0,10.94,0.2,0,176.0,8.3,Standard
CUST_02055,1013.1,676.0,57.65,1.72,2,151.0,0.2,Premium
CUST_02056,832.07,341.0,16.15,4.42,2,110.0,3.3,Standard
CUST_02057,377.06,229.0,16.3,0.12,1,89.0,0.5,Basic
CUST_02058,118.22,83.0,2.75,0.12,0,34.0,1.1,Basic
CUST_02059,238.84,279.0,13.86,0.28,1,200.0,5.3,Standard
CUST_02060,1101.72,422.0,49.96,1.79,1,188.0,1.1,Premium
CUST_02061,144.39,97.0,2.38,0.12,0,70.0,1.3,Basic
CUST_02062,481.14,305.0,10.46,0.38,0,88.0,0.1,Postpaid
CUST_02063,916.99,222.0,73.99,1.29,0,56.0,1.3,Unlimited
CUST_02064,1679.08,550.0,55.7,2.01,0,216.0,0.2,Premium
CUST_02065,281.07,377.0,10.24,0.4,5,209.0,16.8,Standard
CUST_02066,1011.38,467.0,17.21,8.62,0,89.0,4.6,International
CUST_02067,388.83,262.0,4.62,0.64,3,140.0,13.3,Basic
CUST_02068,162.59,47.0,1.99,0.11,0,42.0,1.8,Basic
CUST_02069,93.74,115.0,1.19,0.11,0,13.0,0.4,Basic
CUST_02070,453.77,354.0,12.07,0.22,1,106.0,1.7,Standard
CUST_02071,134.26,92.0,2.74,0.14,1,55.0,2.7,Basic
CUST_02072,476.79,262.0,12.27,0.24,1,159.0,0.5,Postpaid
CUST_02073,475.99,244.0,98.79,1.05,0,75.0,0.2,Unlimited
CUST_02074,415.13,498.0,7.81,0.33,0,174.0,0.6,Standard
CUST_02075,795.99,393.0,12.8,6.84,1,110.0,6.6,International
CUST_02076,914.07,196.0,93.82,0.35,0,116.0,0.8,Unlimited
CUST_02077,382.61,134.0,10.61,0.31,3,153.0,13.9,Basic
CUST_02078,339.11,137.0,5.52,0.34,2,61.0,22.3,Standard
CUST_02079,366.74,347.0,5.78,0.54,2,104.0,6.7,Basic
CUST_02080,136.18,100.0,2.35,0.1,0,52.0,0.5,Basic
CUST_02081,131.95,120.0,2.43,0.02,0,68.0,0.8,Basic
CUST_02082,279.31,24.0,1.28,29.14,4,156.0,63.1,Basic
CUST_02083,958.28,397.0,14.53,7.34,1,130.0,10.1,International
CUST_02084,114.12,89.0,1.84,0.08,1,43.0,1.3,Basic
CUST_02085,149.31,69.0,1.28,0.13,0,47.0,0.7,Basic
CUST_02086,151.71,121.0,1.81,0.14,0,71.0,4.0,Prepaid
CUST_02087,903.8,411.0,11.94,7.4,0,33.0,0.2,International
CUST_02088,891.89,428.0,47.94,2.16,0,154.0,1.3,Premium
CUST_02089,418.66,282.0,11.68,0.3,0,184.0,0.6,Standard
CUST_02090,430.24,229.0,10.08,0.06,0,212.0,1.9,Standard
CUST_02091,767.9,342.0,100.95,1.38,0,106.0,0.4,Unlimited
CUST_02092,97.24,92.0,1.76,0.08,0,64.0,0.1,Basic
CUST_02093,1306.32,381.0,53.22,1.29,0,149.0,0.5,Premium
CUST_02094,379.86,211.0,6.29,0.19,1,102.0,2.7,Standard
CUST_02095,154.51,81.0,1.8,0.16,1,51.0,1.4,Basic
CUST_02096,138.91,123.0,2.42,0.05,1,35.0,0.1,Basic
CUST_02097,527.95,351.0,9.41,0.39,0,209.0,0.1,Standard
CUST_02098,191.01,65.0,2.27,0.0,0,30.0,3.8,Basic
CUST_02099,395.59,300.0,10.79,0.4,0,174.0,1.9,Postpaid
CUST_02100,829.03,496.0,17.39,6.48,2,71.0,2.6,International
CUST_02101,677.79,433.0,13.0,7.75,1,76.0,0.6,Standard
CUST_02102,129.85,79.0,1.44,0.01,1,47.0,0.4,Basic
CUST_02103,491.14,301.0,11.29,0.27,1,143.0,0.7,Standard
CUST_02104,1235.63,611.0,53.03,2.07,0,182.0,0.6,Premium
CUST_02105,1029.99,553.0,31.2,2.54,0,229.0,0.9,Unlimited
CUST_02106,1015.73,592.0,43.43,1.9,0,201.0,0.1,Unlimited
CUST_02107,136.81,84.0,1.04,0.03,0,18.0,2.2,Basic
CUST_02108,723.98,646.0,52.27,2.32,1,263.0,1.1,Premium
CUST_02109,891.19,366.0,13.21,7.01,0,101.0,0.5,International
CUST_02110,511.5,312.0,7.6,0.39,0,92.0,0.1,Standard
CUST_02111,1039.81,282.0,49.18,,1,72.0,4.7,Data Plan
CUST_02112,882.78,300.0,15.33,10.91,0,83.0,4.1,Standard
CUST_02113,149.2,96.0,1.61,0.04,0,33.0,0.0,Basic
CUST_02114,965.07,142.0,70.97,1.09,0,121.0,1.9,Data Plan
CUST_02115,157.15,95.0,2.18,0.06,1,27.0,1.1,Basic
CUST_02116,407.19,322.0,13.89,0.38,1,135.0,11.4,Basic
CUST_02117,157.22,97.0,2.85,0.05,0,31.0,0.7,Basic
CUST_02118,146.1,72.0,1.83,0.09,0,21.0,3.1,Basic
CUST_02119,1115.04,118.0,,1.21,1,81.0,2.3,Data Plan
CUST_02120,311.51,334.0,8.91,0.26,1,168.0,4.7,Standard
CUST_02121,117.82,91.0,2.32,0.04,0,66.0,1.0,Prepaid
CUST_02122,1244.12,654.0,45.31,2.28,1,218.0,0.6,Premium
CUST_02123,873.65,151.0,80.69,0.96,3,108.0,0.1,Data Plan
CUST_02124,340.38,250.0,11.27,0.45,0,126.0,2.7,Postpaid
CUST_02125,461.0,219.0,7.96,0.32,0,196.0,3.6,Standard
CUST_02126,1104.32,620.0,55.05,2.79,1,196.0,0.2,Premium
CUST_02127,1334.75,550.0,40.98,,1,125.0,0.5,Unlimited
CUST_02128,330.71,289.0,6.37,0.32,2,68.0,0.3,Standard
CUST_02129,366.6,369.0,12.24,0.2,0,191.0,3.3,Postpaid
CUST_02130,164.82,93.0,2.17,0.15,0,51.0,0.1,Basic
CUST_02131,413.58,314.0,9.43,0.4,0,154.0,0.9,Postpaid
CUST_02132,1094.75,176.0,80.25,0.61,0,53.0,0.6,Data Plan
CUST_02133,142.96,120.0,2.04,0.06,1,60.0,1.6,Prepaid
CUST_02134,369.79,295.0,7.01,0.4,4,53.0,6.4,Standard
CUST_02135,172.6,127.0,1.69,0.05,0,55.0,0.4,Basic
CUST_02136,528.99,218.0,6.26,0.22,3,167.0,4.0,Standard
CUST_02137,446.29,309.0,13.27,0.44,0,107.0,0.1,Standard
CUST_02138,829.25,387.0,17.29,10.61,1,111.0,3.5,Standard
CUST_02139,1404.04,784.0,51.89,2.62,0,155.0,0.4,Premium
CUST_02140,453.44,268.0,12.81,0.23,1,200.0,4.6,Standard
CUST_02141,355.59,341.0,7.2,0.2,1,123.0,3.0,Standard
CUST_02142,386.43,311.0,9.5,0.36,0,211.0,3.9,Postpaid
CUST_02143,955.07,200.0,68.86,0.92,0,88.0,3.2,Data Plan
CUST_02144,958.82,352.0,15.02,5.98,1,105.0,7.7,International
CUST_02145,376.3,275.0,7.81,0.57,1,109.0,4.5,Standard
CUST_02146,130.69,86.0,1.65,0.21,0,58.0,1.4,Prepaid
CUST_02147,175.07,82.0,1.48,0.11,0,68.0,0.7,Prepaid
CUST_02148,1391.88,642.0,41.59,2.33,0,165.0,0.9,Unlimited
CUST_02149,391.86,15.0,5.98,0.51,3,101.0,9.7,Basic
CUST_02150,402.21,301.0,9.46,0.22,1,160.0,1.0,Postpaid
CUST_02151,121.52,98.0,1.73,0.0,0,25.0,0.1,Prepaid
CUST_02152,574.27,303.0,10.8,0.3,1,154.0,0.4,Standard
CUST_02153,475.1,361.0,6.35,0.29,0,146.0,0.4,Postpaid
CUST_02154,772.69,661.0,36.75,1.61,1,183.0,0.6,Premium
CUST_02155,1093.52,284.0,104.18,1.44,0,132.0,1.8,Data Plan
CUST_02156,374.24,225.0,11.54,0.34,0,184.0,2.9,Standard
CUST_02157,533.23,274.0,8.05,0.36,0,126.0,1.2,Postpaid
CUST_02158,411.51,300.0,12.37,0.28,1,124.0,0.3,Standard
CUST_02159,801.14,413.0,13.32,10.61,0,70.0,0.2,International
CUST_02160,283.86,224.0,5.23,0.47,3,129.0,8.0,Standard
CUST_02161,251.65,153.0,4.58,0.47,3,131.0,16.8,Standard
CUST_02162,328.78,277.0,6.4,0.61,5,179.0,5.6,Basic
CUST_02163,1011.07,209.0,78.01,1.42,2,79.0,1.9,Data Plan
CUST_02164,975.15,394.0,12.15,9.73,0,130.0,4.6,International
CUST_02165,423.92,344.0,8.51,0.67,1,150.0,12.2,Basic
CUST_02166,455.94,304.0,8.97,0.58,3,203.0,3.9,Standard
CUST_02167,122.34,115.0,2.47,0.1,0,56.0,0.1,Basic
CUST_02168,1096.96,138.0,100.47,1.16,2,77.0,0.1,Unlimited
CUST_02169,790.03,248.0,86.12,1.01,1,64.0,0.7,Data Plan
CUST_02170,983.68,326.0,11.42,7.69,0,125.0,7.2,International
CUST_02171,759.77,459.0,51.33,1.33,0,179.0,0.0,Unlimited
CUST_02172,894.94,250.0,62.6,0.83,0,57.0,0.3,Data Plan
CUST_02173,847.66,677.0,62.68,2.62,1,194.0,0.2,Unlimited
CUST_02174,144.82,118.0,2.41,0.14,0,51.0,3.7,Prepaid
CUST_02175,422.55,192.0,8.12,0.23,4,104.0,3.9,Standard
CUST_02176,125.9,103.0,2.52,0.1,0,44.0,0.3,Basic
CUST_02177,318.21,264.0,9.37,0.26,1,125.0,1.1,Postpaid
CUST_02178,406.81,194.0,10.04,0.16,1,200.0,3.0,Postpaid
CUST_02179,168.77,95.0,2.14,0.15,0,51.0,0.1,Basic
CUST_02180,435.05,373.0,8.12,0.44,0,157.0,1.0,Standard
CUST_02181,155.39,94.0,2.31,0.14,0,51.0,1.8,Basic
CUST_02182,204.78,82.0,1.72,0.12,0,67.0,1.0,Basic
CUST_02183,404.76,360.0,11.34,0.62,1,168.0,1.0,Basic
CUST_02184,1029.44,182.0,42.4,0.94,1,83.0,2.4,Data Plan
CUST_02185,164.43,111.0,1.99,0.03,1,34.0,1.0,Basic
CUST_02186,415.89,267.0,10.35,0.22,0,207.0,3.8,Postpaid
CUST_02187,1068.49,288.0,96.59,1.22,1,58.0,0.0,Data Plan
CUST_02188,144.51,79.0,1.91,0.09,0,69.0,0.7,Basic
CUST_02189,1039.74,518.0,49.13,2.22,0,235.0,0.4,Unlimited
CUST_02190,245.79,118.0,0.72,0.05,0,60.0,0.8,Basic
CUST_02191,1265.36,450.0,44.75,1.56,0,308.0,0.2,Premium
CUST_02192,803.72,194.0,98.53,0.79,0,86.0,0.4,Data Plan
CUST_02193,451.97,301.0,10.91,0.08,0,219.0,0.9,Standard
CUST_02194,406.13,273.0,7.87,0.28,1,131.0,0.3,Standard
CUST_02195,1148.87,491.0,57.62,2.12,0,165.0,0.1,Premium
CUST_02196,1383.0,503.0,46.3,2.74,0,185.0,0.7,Premium
CUST_02197,979.08,511.0,22.85,2.37,1,260.0,0.3,Unlimited
CUST_02198,1335.64,578.0,57.48,1.57,0,269.0,0.7,Unlimited
CUST_02199,1283.17,447.0,39.71,1.46,1,233.0,0.2,Unlimited
CUST_02200,484.19,296.0,11.82,0.58,5,109.0,14.0,Basic
CUST_02201,922.25,581.0,46.18,2.27,0,96.0,0.3,Premium
CUST_02202,1300.46,548.0,47.84,2.54,0,317.0,1.7,Unlimited
CUST_02203,282.02,335.0,6.18,0.74,1,96.0,21.8,Basic
CUST_02204,144.96,124.0,2.32,0.07,0,34.0,0.5,Basic
CUST_02205,401.86,310.0,2.83,0.0,4,116.0,0.2,Standard
CUST_02206,944.21,573.0,46.89,1.43,0,125.0,0.0,Unlimited
CUST_02207,1028.99,663.0,43.58,1.77,0,244.0,0.1,Premium
CUST_02208,816.92,364.0,12.86,7.65,0,81.0,8.7,International
CUST_02209,355.93,332.0,9.83,0.16,0,120.0,2.3,Standard
CUST_02210,239.28,326.0,3.68,0.71,3,153.0,18.9,Basic
CUST_02211,871.23,259.0,75.54,1.35,0,63.0,0.5,Unlimited
CUST_02212,419.69,224.0,7.47,0.38,0,156.0,0.5,Standard
CUST_02213,159.08,52.0,1.86,0.1,0,39.0,1.0,Basic
CUST_02214,451.57,157.0,10.39,0.36,0,87.0,1.8,Standard
CUST_02215,1127.5,48.0,1.92,42.27,0,231.0,0.1,Unlimited
CUST_02216,336.26,205.0,8.39,0.35,0,137.0,3.6,Standard
CUST_02217,268.39,278.0,6.45,0.33,2,222.0,0.1,Standard
CUST_02218,147.89,61.0,2.54,0.08,0,43.0,1.6,Prepaid
CUST_02219,126.02,100.0,2.49,0.06,1,45.0,0.2,Basic
CUST_02220,417.77,185.0,13.01,0.27,2,96.0,5.1,Basic
CUST_02221,329.45,223.0,11.43,0.61,1,138.0,9.1,Basic
CUST_02222,231.21,325.0,8.27,0.28,0,133.0,0.6,Standard
CUST_02223,1307.55,666.0,53.0,2.09,0,147.0,1.2,Premium
CUST_02224,234.88,229.0,10.92,0.23,1,167.0,0.1,Standard
CUST_02225,1170.13,587.0,52.34,2.38,1,162.0,0.5,Premium
CUST_02226,761.71,47.0,1.24,49.98,0,108.0,6.2,Unlimited
CUST_02227,455.21,241.0,7.36,0.07,3,110.0,1.9,Standard
CUST_02228,917.4,394.0,9.64,5.57,1,54.0,0.5,International
CUST_02229,141.87,68.0,2.39,0.09,0,93.0,0.4,Basic
CUST_02230,1712.76,513.0,51.44,0.99,20,285.0,82.0,Unlimited
CUST_02231,381.38,235.0,9.93,0.78,0,152.0,1.9,Standard
CUST_02232,391.3,312.0,10.03,0.41,1,144.0,7.2,Postpaid
CUST_02233,1041.03,199.0,84.72,1.46,0,115.0,2.1,Data Plan
CUST_02234,319.84,409.0,9.19,0.3,1,107.0,0.0,Standard
CUST_02235,332.32,322.0,7.57,0.83,5,120.0,11.2,Standard
CUST_02236,132.7,85.0,1.73,0.17,0,47.0,0.7,Prepaid
CUST_02237,128.4,128.0,1.79,0.08,0,31.0,0.7,Basic
CUST_02238,792.1,245.0,,0.93,0,98.0,0.7,Unlimited
CUST_02239,131.65,110.0,1.57,0.07,0,53.0,0.2,Basic
CUST_02240,5202.56,290.0,3.5,34.29,13,108.0,3.8,Basic
CUST_02241,586.82,230.0,11.32,0.22,0,216.0,2.9,Postpaid
CUST_02242,1081.42,654.0,67.11,1.96,0,254.0,0.1,Premium
CUST_02243,1193.29,641.0,59.69,1.92,1,222.0,0.0,Premium
CUST_02244,389.12,299.0,7.38,0.31,1,197.0,11.1,Postpaid
CUST_02245,351.79,328.0,10.24,0.28,1,135.0,1.6,Standard
CUST_02246,432.97,431.0,9.28,0.89,2,141.0,6.6,Standard
CUST_02247,965.37,670.0,32.33,2.31,0,165.0,0.2,Premium
CUST_02248,651.1,419.0,14.75,8.17,3,70.0,1.8,International
CUST_02249,1099.58,709.0,51.02,1.3,1,98.0,0.2,Premium
CUST_02250,349.79,170.0,5.47,0.62,4,162.0,10.5,Basic
CUST_02251,1176.21,664.0,66.02,3.08,1,251.0,0.3,Unlimited
CUST_02252,362.88,232.0,10.13,0.16,2,177.0,0.7,Standard
CUST_02253,364.29,334.0,11.2,0.45,5,98.0,7.1,Standard
CUST_02254,645.84,404.0,16.67,7.78,1,94.0,2.4,International
CUST_02255,378.4,385.0,3.39,0.0,2,167.0,12.3,Basic
CUST_02256,272.98,186.0,9.08,0.57,3,54.0,0.8,Basic
CUST_02257,909.84,255.0,73.77,1.31,0,104.0,0.4,Unlimited
CUST_02258,867.84,145.0,70.89,1.1,0,85.0,1.5,Unlimited
CUST_02259,128.61,112.0,2.36,,0,61.0,0.9,Basic
CUST_02260,394.77,384.0,11.82,0.33,1,171.0,0.9,Postpaid
CUST_02261,416.61,399.0,9.79,0.38,3,129.0,1.2,Postpaid
CUST_02262,288.86,388.0,13.42,0.34,1,227.0,0.3,Postpaid
CUST_02263,863.35,93.0,77.57,0.56,1,101.0,0.2,Data Plan
CUST_02264,511.19,252.0,8.36,0.27,2,182.0,3.3,Postpaid
CUST_02265,126.67,51.0,1.52,0.14,0,57.0,1.6,Basic
CUST_02266,989.54,172.0,89.16,1.45,0,84.0,0.1,Data Plan
CUST_02267,1282.95,595.0,50.47,2.07,2,266.0,0.5,Unlimited
CUST_02268,463.99,161.0,4.23,0.55,4,64.0,26.8,Basic
CUST_02269,165.63,101.0,2.02,0.06,0,50.0,0.7,Basic
CUST_02270,146.14,85.0,2.18,0.1,0,24.0,0.1,Prepaid
CUST_02271,869.52,316.0,17.43,7.54,0,117.0,3.9,Standard
CUST_02272,863.53,126.0,89.94,1.57,0,72.0,0.4,Data Plan
CUST_02273,327.25,300.0,8.68,0.35,0,121.0,0.7,Standard
CUST_02274,393.08,150.0,7.49,0.7,4,186.0,6.6,Basic
CUST_02275,1641.61,552.0,64.65,1.45,0,187.0,1.0,Unlimited
CUST_02276,543.11,304.0,9.03,0.43,1,180.0,1.9,Standard
CUST_02277,240.47,318.0,5.84,0.64,3,203.0,0.8,Standard
CUST_02278,322.67,376.0,12.88,0.41,0,150.0,1.1,Standard
CUST_02279,1023.2,383.0,14.38,9.69,2,52.0,7.9,International
CUST_02280,1335.93,423.0,43.72,1.46,0,231.0,0.9,Unlimited
CUST_02281,116.26,138.0,1.97,0.1,0,57.0,2.1,Prepaid
CUST_02282,116.24,100.0,1.74,0.21,0,30.0,0.3,Basic
CUST_02283,846.87,401.0,15.54,9.07,2,86.0,1.4,International
CUST_02284,1367.54,464.0,67.73,0.99,0,259.0,0.4,Premium
CUST_02285,159.22,112.0,1.66,0.1,0,80.0,0.5,Basic
CUST_02286,394.59,298.0,14.38,0.39,0,182.0,6.7,Standard
CUST_02287,990.93,180.0,83.58,1.32,0,113.0,0.1,Data Plan
CUST_02288,324.7,129.0,10.91,0.11,2,134.0,0.4,Standard
CUST_02289,979.44,595.0,53.56,2.19,0,72.0,0.2,Premium
CUST_02290,703.29,599.0,15.7,7.28,0,86.0,12.5,Standard
CUST_02291,158.06,105.0,1.01,0.05,0,61.0,1.3,Basic
CUST_02292,645.72,44.0,0.95,23.02,0,102.0,2.7,International
CUST_02293,162.4,84.0,1.45,0.1,0,66.0,0.1,Basic
CUST_02294,117.23,122.0,1.4,0.15,0,46.0,1.3,Prepaid
CUST_02295,372.72,258.0,7.97,0.25,0,223.0,0.2,Standard
CUST_02296,786.86,343.0,16.39,9.28,1,136.0,3.2,International
CUST_02297,1107.23,230.0,59.3,0.8,0,54.0,0.4,Unlimited
CUST_02298,130.4,21.0,0.57,36.19,0,41.0,1.3,Basic
CUST_02299,818.56,238.0,51.61,0.93,1,69.0,2.1,Data Plan
CUST_02300,131.2,179.0,3.0,0.1,0,67.0,3.2,Prepaid
CUST_02301,359.02,304.0,11.19,0.48,1,172.0,1.5,Standard
CUST_02302,1257.13,561.0,49.48,2.46,0,166.0,0.7,Unlimited
CUST_02303,115.71,112.0,2.29,0.08,0,45.0,0.5,Prepaid
CUST_02304,107.33,121.0,1.2,0.22,0,49.0,0.3,Prepaid
CUST_02305,926.16,290.0,13.41,6.55,1,89.0,1.5,Standard
CUST_02306,905.84,134.0,102.15,1.01,0,56.0,0.7,Data Plan
CUST_02307,126.21,137.0,2.14,0.05,0,28.0,2.1,Prepaid
CUST_02308,1057.19,61.0,93.63,1.25,1,41.0,0.5,Data Plan
CUST_02309,921.39,198.0,80.69,1.14,0,54.0,0.1,Data Plan
CUST_02310,856.34,300.0,12.98,9.48,0,41.0,10.1,Standard
CUST_02311,142.21,143.0,2.86,,0,57.0,0.7,Basic
CUST_02312,963.35,342.0,17.36,8.2,1,136.0,16.2,International
CUST_02313,952.93,531.0,10.25,7.57,1,118.0,1.1,Standard
CUST_02314,163.68,261.0,15.13,0.94,2,193.0,8.9,Standard
CUST_02315,935.46,571.0,56.88,2.44,1,216.0,0.0,Premium
CUST_02316,1247.8,645.0,44.51,1.32,0,305.0,0.1,Unlimited
CUST_02317,1186.93,752.0,60.07,1.84,0,211.0,0.6,Unlimited
CUST_02318,196.43,72.0,1.66,0.2,0,59.0,1.2,Basic
CUST_02319,472.99,280.0,8.16,0.27,0,225.0,3.3,Standard
CUST_02320,129.24,25.0,1.33,0.14,0,60.0,0.6,Basic
CUST_02321,1198.43,661.0,47.47,1.89,1,196.0,0.2,Premium
CUST_02322,161.99,117.0,2.38,0.01,0,49.0,3.3,Basic
CUST_02323,154.01,78.0,1.68,0.06,0,89.0,0.5,Prepaid
CUST_02324,397.55,411.0,8.78,0.11,1,177.0,0.8,Standard
CUST_02325,1087.44,141.0,76.28,1.42,0,99.0,3.8,Data Plan
CUST_02326,313.77,140.0,4.06,0.76,7,136.0,7.4,Standard
CUST_02327,1116.93,599.0,59.31,1.86,1,169.0,0.6,Unlimited
CUST_02328,222.62,270.0,7.77,0.37,2,136.0,0.8,Standard
CUST_02329,355.66,240.0,10.53,0.35,2,205.0,1.5,Standard
CUST_02330,418.25,388.0,10.24,0.39,0,219.0,1.1,Postpaid
CUST_02331,1111.32,823.0,36.66,1.25,0,109.0,0.3,Premium
CUST_02332,792.25,175.0,45.56,0.6,0,71.0,1.7,Data Plan
CUST_02333,161.8,67.0,1.36,0.14,0,13.0,0.5,Basic
CUST_02334,1483.64,466.0,40.21,1.85,0,184.0,0.7,Premium
CUST_02335,341.04,258.0,7.69,0.4,21,149.0,46.7,Standard
CUST_02336,668.12,435.0,18.72,7.63,0,146.0,0.4,International
CUST_02337,455.65,219.0,10.39,0.36,0,109.0,1.0,Postpaid
CUST_02338,351.42,379.0,8.04,0.08,0,112.0,1.5,Postpaid
CUST_02339,471.0,294.0,8.54,0.37,0,167.0,1.7,Standard
CUST_02340,437.59,324.0,12.75,0.37,0,270.0,0.8,Standard
CUST_02341,1347.09,873.0,51.22,2.31,0,266.0,1.7,Unlimited
CUST_02342,170.39,125.0,2.0,0.07,0,54.0,0.6,Prepaid
CUST_02343,295.93,244.0,10.34,0.38,0,151.0,0.6,Standard
CUST_02344,462.5,275.0,12.67,0.27,0,139.0,1.2,Postpaid
CUST_02345,593.59,442.0,14.94,7.58,0,103.0,2.8,Standard
CUST_02346,402.06,189.0,10.29,0.48,3,104.0,3.8,Basic
CUST_02347,154.5,180.0,12.4,0.35,1,72.0,5.2,Basic
CUST_02348,365.5,354.0,5.95,0.49,4,128.0,6.9,Basic
CUST_02349,265.58,100.0,1.44,0.07,0,47.0,0.0,Basic
CUST_02350,385.62,191.0,8.89,0.21,0,120.0,0.3,Postpaid
CUST_02351,404.95,260.0,6.17,0.58,4,164.0,1.7,Basic
CUST_02352,566.93,402.0,11.26,0.35,0,170.0,0.4,Postpaid
CUST_02353,888.14,364.0,16.01,5.98,2,99.0,2.3,International
CUST_02354,740.44,423.0,16.78,10.09,1,103.0,1.0,International
CUST_02355,161.02,70.0,2.07,0.12,1,22.0,0.8,Prepaid
CUST_02356,274.72,204.0,11.56,0.21,0,188.0,11.1,Postpaid
CUST_02357,140.36,101.0,2.25,0.08,0,52.0,0.5,Basic
CUST_02358,1104.95,742.0,54.98,2.09,0,213.0,0.1,Premium
CUST_02359,580.17,488.0,15.57,4.24,1,155.0,0.5,Standard
CUST_02360,228.08,248.0,11.05,0.85,4,153.0,2.3,Basic
CUST_02361,373.02,198.0,7.06,0.26,2,57.0,2.4,Standard
CUST_02362,151.31,79.0,1.79,0.1,0,39.0,0.2,Prepaid
CUST_02363,412.95,347.0,1.93,0.63,1,98.0,14.9,Standard
CUST_02364,967.47,297.0,21.92,10.39,2,151.0,0.9,International
CUST_02365,474.4,291.0,11.22,0.31,1,98.0,1.6,Standard
CUST_02366,1562.27,700.0,66.85,1.98,0,148.0,1.3,Unlimited
CUST_02367,276.61,308.0,,0.37,2,166.0,11.7,Standard
CUST_02368,388.32,298.0,9.07,0.48,0,162.0,3.0,Postpaid
CUST_02369,841.23,344.0,15.68,8.88,0,130.0,2.2,International
CUST_02370,388.83,362.0,11.37,0.4,1,181.0,1.3,Standard
CUST_02371,135.48,29.0,3.02,0.06,0,59.0,0.9,Basic
CUST_02372,1105.71,226.0,100.2,1.27,1,108.0,2.5,Data Plan
CUST_02373,518.06,142.0,10.34,0.49,1,130.0,0.5,Postpaid
CUST_02374,1224.43,652.0,51.63,2.25,0,178.0,0.0,Unlimited
CUST_02375,183.03,71.0,2.59,0.12,1,41.0,0.3,Prepaid
CUST_02376,159.33,126.0,0.98,0.24,1,52.0,0.2,Prepaid
CUST_02377,1321.8,774.0,40.33,2.74,1,205.0,0.2,Unlimited
CUST_02378,399.18,302.0,11.82,0.23,0,147.0,1.6,Standard
CUST_02379,229.33,102.0,2.84,0.09,0,45.0,0.4,Basic
CUST_02380,787.99,389.0,18.88,6.78,1,117.0,0.8,International
CUST_02381,1024.49,593.0,50.39,1.47,1,174.0,0.7,Premium
CUST_02382,186.04,78.0,2.4,0.1,0,52.0,0.1,Prepaid
CUST_02383,119.53,148.0,2.82,0.1,0,49.0,2.4,Basic
CUST_02384,969.49,915.0,53.57,2.18,1,209.0,0.1,Unlimited
CUST_02385,497.36,296.0,7.35,0.47,1,169.0,0.2,Standard
CUST_02386,893.95,292.0,15.49,7.24,1,125.0,1.2,International
CUST_02387,1294.82,653.0,57.06,1.79,1,173.0,1.0,Unlimited
CUST_02388,384.93,272.0,10.57,0.48,1,179.0,0.2,Standard
CUST_02389,160.95,106.0,2.26,0.08,0,52.0,1.6,Basic
CUST_02390,353.64,390.0,9.62,0.18,2,127.0,2.1,Standard
CUST_02391,313.85,405.0,9.79,0.4,1,158.0,1.1,Standard
CUST_02392,749.0,837.0,36.66,2.43,2,203.0,0.2,Premium
CUST_02393,101.87,175.0,7.08,0.44,2,115.0,8.5,Basic
CUST_02394,4266.87,121.0,1.91,0.19,0,19.0,1.1,Basic
CUST_02395,1007.89,405.0,11.86,6.34,2,82.0,0.6,International
CUST_02396,506.83,323.0,11.53,0.27,1,150.0,0.1,Standard
CUST_02397,4568.57,449.0,37.31,37.36,8,134.0,0.1,Premium
CUST_02398,160.71,115.0,1.65,0.12,1,43.0,5.1,Basic
CUST_02399,164.6,106.0,2.11,0.11,0,53.0,0.0,Prepaid
CUST_02400,900.62,277.0,90.91,0.84,0,129.0,0.5,Data Plan
CUST_02401,5044.31,117.0,1.74,15.65,14,34.0,1.3,Basic
CUST_02402,122.44,77.0,1.41,0.06,1,42.0,0.9,Basic
CUST_02403,544.59,288.0,10.87,0.35,10,184.0,87.9,Postpaid
CUST_02404,968.13,258.0,87.3,0.79,0,86.0,0.6,Unlimited
CUST_02405,369.31,392.0,9.52,0.3,1,117.0,1.9,Standard
CUST_02406,1326.89,696.0,45.2,1.88,0,95.0,0.1,Premium
CUST_02407,404.53,182.0,8.19,0.48,4,155.0,6.1,Basic
CUST_02408,227.69,89.0,2.47,0.05,0,52.0,1.3,Basic
CUST_02409,488.25,429.0,10.41,0.19,1,135.0,1.8,Standard
CUST_02410,998.99,115.0,60.07,1.57,0,100.0,0.0,Data Plan
CUST_02411,500.18,258.0,12.52,0.24,1,85.0,1.0,Postpaid
CUST_02412,231.55,265.0,8.7,0.25,0,145.0,2.4,Postpaid
CUST_02413,516.65,584.0,10.55,7.19,0,80.0,1.0,International
CUST_02414,1072.94,344.0,18.97,8.25,0,110.0,3.4,International
CUST_02415,1411.69,468.0,39.56,2.61,0,113.0,0.5,Unlimited
CUST_02416,408.49,276.0,11.08,0.2,0,164.0,5.9,Standard
CUST_02417,296.22,297.0,13.11,0.23,1,195.0,0.7,Standard
CUST_02418,107.8,95.0,2.05,0.09,0,67.0,0.2,Basic
CUST_02419,886.82,680.0,69.44,1.9,0,238.0,0.8,Premium
CUST_02420,477.98,317.0,10.23,0.26,1,58.0,0.6,Postpaid
CUST_02421,1284.66,596.0,50.12,2.54,0,172.0,1.0,Premium
CUST_02422,919.46,268.0,84.16,1.65,0,48.0,1.2,Data Plan
CUST_02423,528.49,260.0,6.61,0.47,5,90.0,24.4,Basic
CUST_02424,410.75,198.0,11.35,0.3,4,173.0,8.5,Basic
CUST_02425,470.82,360.0,10.11,0.17,1,219.0,1.7,Standard
CUST_02426,798.74,365.0,8.05,6.79,0,133.0,2.6,International
CUST_02427,328.35,328.0,11.47,0.34,1,83.0,0.2,Basic
CUST_02428,171.04,93.0,1.67,0.17,0,50.0,0.7,Basic
CUST_02429,421.57,201.0,8.7,0.39,1,104.0,1.2,Standard
CUST_02430,346.89,355.0,11.41,0.58,1,139.0,0.2,Postpaid
CUST_02431,388.46,335.0,10.04,0.09,0,165.0,2.7,Standard
CUST_02432,1211.24,543.0,53.73,2.43,0,191.0,0.3,Unlimited
CUST_02433,1035.63,201.0,94.99,0.85,0,68.0,2.2,Data Plan
CUST_02434,779.53,236.0,75.83,0.52,0,53.0,1.6,Data Plan
CUST_02435,1441.21,565.0,58.96,2.95,0,148.0,0.4,Premium
CUST_02436,13.36,93.0,2.0,0.05,0,57.0,0.8,Basic
CUST_02437,147.69,92.0,1.76,0.08,1,70.0,,Basic
CUST_02438,1025.55,311.0,10.77,7.75,0,59.0,5.7,International
CUST_02439,434.75,367.0,15.27,0.41,1,176.0,1.5,Standard
CUST_02440,1200.69,665.0,56.33,2.96,0,178.0,0.4,Premium
CUST_02441,888.27,414.0,40.35,2.45,1,234.0,0.3,Premium
CUST_02442,927.05,498.0,12.49,10.08,1,109.0,0.7,Standard
CUST_02443,934.68,356.0,15.93,6.87,0,91.0,1.5,Standard
CUST_02444,1148.06,570.0,54.47,2.17,0,109.0,0.0,Premium
CUST_02445,426.12,337.0,10.61,0.31,0,82.0,3.6,Standard
CUST_02446,178.59,126.0,1.45,0.13,0,44.0,0.6,Basic
CUST_02447,799.29,256.0,102.89,0.67,0,91.0,0.5,Data Plan
CUST_02448,858.82,485.0,44.91,2.37,0,216.0,0.5,Premium
CUST_02449,618.55,208.0,67.8,0.93,0,77.0,0.3,Data Plan
CUST_02450,1063.14,227.0,83.43,0.59,1,96.0,1.1,Unlimited
CUST_02451,474.97,335.0,7.42,0.28,1,162.0,1.2,Standard
CUST_02452,434.33,371.0,9.38,0.41,1,117.0,14.7,Basic
CUST_02453,771.86,196.0,93.39,0.62,0,108.0,1.2,Data Plan
CUST_02454,148.96,94.0,1.04,0.12,0,35.0,0.8,Basic
CUST_02455,796.25,354.0,13.49,,0,60.0,0.8,International
CUST_02456,376.72,38.0,1.73,41.65,0,151.0,0.2,Postpaid
CUST_02457,1042.73,123.0,99.92,1.15,0,97.0,0.2,Unlimited
CUST_02458,217.76,313.0,7.21,0.52,4,157.0,4.9,Standard
CUST_02459,517.27,302.0,,0.34,0,182.0,0.3,Standard
CUST_02460,190.69,85.0,1.68,0.09,1,61.0,0.0,Prepaid
CUST_02461,369.56,296.0,10.13,0.23,2,105.0,1.5,Postpaid
CUST_02462,1639.04,621.0,59.03,1.76,0,192.0,1.3,Premium
CUST_02463,709.16,266.0,89.3,1.27,0,77.0,0.4,Data Plan
CUST_02464,149.43,130.0,2.2,0.0,0,54.0,1.3,Basic
CUST_02465,414.39,296.0,8.56,0.47,5,137.0,18.4,Basic
CUST_02466,416.32,444.0,9.05,0.16,0,124.0,4.5,Standard
CUST_02467,1048.69,221.0,80.62,1.13,0,64.0,0.8,Unlimited
CUST_02468,302.19,307.0,9.8,0.35,1,158.0,0.3,Postpaid
CUST_02469,979.27,424.0,15.49,12.45,1,75.0,0.3,Standard
CUST_02470,401.53,228.0,11.84,0.52,0,141.0,5.7,Postpaid
CUST_02471,413.54,182.0,9.97,0.29,0,26.0,0.0,Postpaid
CUST_02472,447.59,261.0,1.25,0.1,1,111.0,4.7,Basic
CUST_02473,1195.66,650.0,47.1,2.69,0,214.0,0.2,Premium
CUST_02474,104.54,80.0,2.65,0.11,0,54.0,0.6,Basic
CUST_02475,286.0,265.0,9.73,0.45,0,149.0,0.1,Standard
CUST_02476,975.2,224.0,74.74,1.79,0,94.0,0.1,Data Plan
CUST_02477,402.41,372.0,7.31,0.3,0,215.0,1.1,Postpaid
CUST_02478,301.41,366.0,12.0,0.34,1,210.0,0.8,Postpaid
CUST_02479,169.76,113.0,2.07,0.07,0,58.0,1.4,Prepaid
CUST_02480,853.94,141.0,89.14,0.92,0,94.0,5.1,Data Plan
CUST_02481,794.08,207.0,80.0,0.71,1,79.0,1.3,Data Plan
CUST_02482,336.55,307.0,6.99,0.23,1,167.0,1.7,Postpaid
CUST_02483,1085.57,317.0,13.53,10.16,0,106.0,0.8,International
CUST_02484,369.44,298.0,8.96,0.24,0,183.0,3.4,Standard
CUST_02485,1011.8,618.0,41.63,1.48,1,188.0,0.2,Premium
CUST_02486,515.25,150.0,100.19,0.8,0,59.0,1.3,Data Plan
CUST_02487,1503.17,555.0,46.8,1.48,0,257.0,1.6,Unlimited
CUST_02488,1544.63,602.0,57.55,1.55,0,119.0,2.7,Unlimited
CUST_02489,974.13,159.0,68.54,0.79,2,93.0,0.0,Data Plan
CUST_02490,135.19,145.0,2.05,0.16,0,35.0,1.3,Basic
CUST_02491,280.54,176.0,10.83,0.22,0,99.0,6.8,Standard
CUST_02492,996.25,488.0,13.06,4.69,1,38.0,0.5,International
CUST_02493,800.0,271.0,78.48,0.98,0,71.0,3.9,Data Plan
CUST_02494,193.0,296.0,7.63,0.5,3,164.0,2.7,Standard
CUST_02495,833.61,466.0,47.01,2.45,1,199.0,0.5,Unlimited
CUST_02496,883.8,695.0,58.36,3.22,0,51.0,0.1,Unlimited
CUST_02497,919.99,472.0,15.75,6.43,1,78.0,1.6,International
CUST_02498,352.66,290.0,9.5,0.47,4,167.0,16.8,Basic
CUST_02499,735.96,359.0,21.5,6.53,0,73.0,1.9,International
CUST_02500,196.94,105.0,1.93,0.12,0,47.0,2.5,Prepaid
CUST_02501,1364.25,633.0,55.56,2.63,0,247.0,0.0,Unlimited
CUST_02502,221.42,344.0,9.41,0.36,3,127.0,1.8,Standard
CUST_02503,897.42,451.0,10.92,7.8,0,127.0,1.5,Standard
CUST_02504,790.56,132.0,83.77,1.18,0,76.0,3.0,Unlimited
CUST_02505,63.11,121.0,2.25,0.09,1,47.0,0.6,Basic
CUST_02506,709.5,218.0,97.58,1.23,0,103.0,2.3,Data Plan
CUST_02507,403.35,302.0,9.45,0.49,1,87.0,10.8,Standard
CUST_02508,1148.35,665.0,48.78,2.21,0,139.0,0.4,Unlimited
CUST_02509,16.42,598.0,58.16,2.57,0,152.0,0.6,Premium
CUST_02510,184.28,36.0,1.77,0.13,0,47.0,1.1,Prepaid
CUST_02511,450.56,292.0,12.13,0.3,0,151.0,3.1,Standard
CUST_02512,1012.85,118.0,73.73,0.71,0,77.0,0.0,Data Plan
CUST_02513,494.68,271.0,10.39,0.18,0,106.0,0.7,Postpaid
CUST_02514,468.99,249.0,12.33,0.25,0,202.0,1.3,Standard
CUST_02515,385.72,420.0,12.0,0.21,1,131.0,2.6,Postpaid
CUST_02516,488.22,219.0,76.27,1.18,0,37.0,0.5,Data Plan
CUST_02517,438.21,313.0,10.17,0.38,1,174.0,4.3,Standard
CUST_02518,214.35,118.0,1.4,0.01,0,63.0,0.8,Basic
CUST_02519,840.72,179.0,66.54,0.74,1,75.0,1.6,Unlimited
CUST_02520,833.58,597.0,18.41,8.48,2,87.0,3.6,International
CUST_02521,431.26,271.0,9.75,0.38,1,115.0,0.8,Standard
CUST_02522,374.9,294.0,12.48,0.48,1,143.0,1.9,Standard
CUST_02523,485.52,339.0,9.27,0.42,1,165.0,0.1,Standard
CUST_02524,537.21,291.0,9.32,0.27,1,171.0,3.3,Postpaid
CUST_02525,423.54,254.0,8.87,0.22,1,134.0,2.3,Postpaid
CUST_02526,515.73,380.0,8.58,0.37,2,128.0,0.8,Postpaid
CUST_02527,488.45,271.0,14.85,0.15,1,181.0,3.8,Postpaid
CUST_02528,996.14,149.0,86.08,0.94,0,101.0,1.8,Data Plan
CUST_02529,193.61,105.0,2.15,0.04,1,16.0,0.0,Basic
CUST_02530,163.57,99.0,2.68,0.1,0,44.0,1.8,Basic
CUST_02531,817.77,256.0,69.81,1.04,0,91.0,2.4,Data Plan
CUST_02532,349.28,408.0,11.89,0.39,2,185.0,2.1,Standard
CUST_02533,194.14,58.0,2.22,0.12,0,55.0,0.2,Basic
CUST_02534,165.39,125.0,1.78,0.09,0,24.0,0.3,Basic
CUST_02535,435.95,340.0,13.24,0.28,0,139.0,1.1,Standard
CUST_02536,502.83,276.0,9.26,0.19,0,162.0,3.4,Standard
CUST_02537,536.43,294.0,7.93,0.27,0,111.0,2.9,Postpaid
CUST_02538,159.86,96.0,2.04,0.02,0,44.0,1.7,Basic
CUST_02539,491.52,308.0,13.37,0.36,0,84.0,3.8,Standard
CUST_02540,1190.65,208.0,115.48,0.94,1,92.0,0.2,Data Plan
CUST_02541,151.41,93.0,2.17,0.13,0,75.0,1.6,Basic
CUST_02542,810.07,122.0,79.15,,0,55.0,1.2,Unlimited
CUST_02543,336.28,281.0,8.79,0.1,1,195.0,1.4,Standard
CUST_02544,800.41,365.0,12.34,6.83,1,137.0,6.1,International
CUST_02545,740.97,603.0,17.97,8.94,2,73.0,2.0,International
CUST_02546,428.55,357.0,9.95,0.28,0,115.0,2.7,Standard
CUST_02547,394.17,284.0,10.45,0.13,0,214.0,5.1,Standard
CUST_02548,305.87,312.0,5.41,0.13,0,150.0,0.7,Standard
CUST_02549,153.6,111.0,1.78,0.04,0,64.0,0.4,Basic
CUST_02550,901.93,139.0,94.02,1.35,1,68.0,0.4,Data Plan
CUST_02551,182.18,98.0,1.4,0.1,0,57.0,1.2,Basic
CUST_02552,342.7,321.0,12.57,0.23,0,135.0,0.9,Postpaid
CUST_02553,418.57,314.0,7.78,0.25,0,135.0,10.2,Standard
CUST_02554,936.25,214.0,85.87,0.58,1,69.0,0.4,Data Plan
CUST_02555,155.76,102.0,1.61,0.1,1,49.0,1.2,Basic
CUST_02556,786.97,307.0,14.65,3.14,2,96.0,2.9,International
CUST_02557,1423.54,519.0,58.51,2.23,0,218.0,0.3,Unlimited
CUST_02558,1160.25,711.0,46.56,1.93,0,192.0,0.3,Premium
CUST_02559,18.92,114.0,2.12,0.1,0,32.0,1.2,Basic
CUST_02560,64.54,92.0,2.52,0.13,0,65.0,2.0,Basic
CUST_02561,1268.9,513.0,45.69,1.96,0,153.0,1.6,Unlimited
CUST_02562,1064.21,676.0,41.19,2.78,0,226.0,0.6,Unlimited
CUST_02563,755.17,428.0,14.83,8.2,1,55.0,0.3,Standard
CUST_02564,1074.63,120.0,87.87,1.22,0,94.0,3.6,Data Plan
CUST_02565,125.45,101.0,2.08,0.14,1,33.0,0.2,Prepaid
CUST_02566,845.47,201.0,97.51,1.36,1,60.0,1.7,Data Plan
CUST_02567,1045.6,208.0,71.23,0.38,0,56.0,0.1,Unlimited
CUST_02568,783.86,159.0,86.02,1.01,0,99.0,0.0,Data Plan
CUST_02569,859.47,159.0,45.57,0.95,0,101.0,1.2,Data Plan
CUST_02570,852.22,554.0,47.84,1.79,0,166.0,0.3,Premium
CUST_02571,178.07,102.0,2.43,0.07,1,58.0,0.7,Basic
CUST_02572,1223.82,601.0,44.66,2.1,0,252.0,0.8,Unlimited
CUST_02573,298.66,287.0,5.85,0.43,6,75.0,1.9,Basic
CUST_02574,113.83,350.0,9.29,1.08,3,94.0,10.4,Basic
CUST_02575,139.72,78.0,2.68,0.04,1,78.0,1.8,Basic
CUST_02576,163.7,94.0,2.53,0.19,0,36.0,2.8,Basic
CUST_02577,814.16,169.0,69.98,0.82,0,71.0,1.3,Data Plan
CUST_02578,474.06,380.0,10.74,0.32,0,119.0,2.4,Postpaid
CUST_02579,694.2,158.0,55.4,0.87,0,49.0,0.5,Unlimited
CUST_02580,927.44,553.0,11.29,6.83,3,104.0,1.2,International
CUST_02581,412.08,207.0,10.58,0.28,2,113.0,1.3,Postpaid
CUST_02582,376.83,345.0,11.42,0.44,1,218.0,0.6,Postpaid
CUST_02583,1037.07,425.0,13.6,6.22,1,66.0,0.8,Standard
CUST_02584,486.49,247.0,6.2,0.64,3,138.0,10.5,Basic
CUST_02585,426.42,299.0,10.63,0.19,0,187.0,1.0,Postpaid
CUST_02586,408.69,300.0,9.65,0.33,0,44.0,0.4,Standard
CUST_02587,319.33,203.0,11.33,0.4,1,66.0,4.0,Standard
CUST_02588,980.8,131.0,76.41,1.17,1,76.0,1.4,Data Plan
CUST_02589,334.59,229.0,10.08,0.54,4,151.0,18.1,Standard
CUST_02590,1173.73,669.0,30.74,1.58,1,163.0,0.2,Unlimited
CUST_02591,149.12,111.0,2.58,0.14,0,41.0,1.3,Basic
CUST_02592,666.01,616.0,9.53,9.66,0,138.0,6.7,Standard
CUST_02593,386.91,356.0,9.25,0.25,0,210.0,1.8,Standard
CUST_02594,258.06,252.0,7.16,0.83,1,106.0,2.8,Standard
CUST_02595,435.0,235.0,8.16,0.38,0,145.0,0.8,Standard
CUST_02596,1096.88,686.0,39.95,2.71,1,231.0,1.1,Premium
CUST_02597,674.8,377.0,13.63,6.11,3,48.0,3.5,International
CUST_02598,943.76,116.0,80.4,1.03,0,97.0,1.6,Data Plan
CUST_02599,431.54,339.0,9.5,0.28,0,119.0,0.9,Postpaid
CUST_02600,157.79,151.0,1.97,0.1,0,76.0,0.1,Prepaid
CUST_02601,227.39,148.0,1.87,0.14,0,40.0,1.0,Basic
CUST_02602,168.62,112.0,0.41,0.09,0,53.0,0.3,Prepaid
CUST_02603,1131.9,605.0,36.36,1.41,0,268.0,0.6,Premium
CUST_02604,354.8,329.0,11.45,0.3,1,147.0,1.4,Postpaid
CUST_02605,760.8,239.0,93.35,1.07,1,91.0,0.5,Unlimited
CUST_02606,145.97,89.0,2.62,0.2,0,36.0,1.3,Basic
CUST_02607,327.18,299.0,7.54,0.44,3,142.0,12.2,Basic
CUST_02608,457.66,167.0,5.35,0.03,3,237.0,22.8,Basic
CUST_02609,1246.63,480.0,40.32,1.83,0,192.0,0.4,Unlimited
CUST_02610,374.38,341.0,8.7,0.29,0,84.0,0.7,Postpaid
CUST_02611,185.67,51.0,1.5,0.18,0,55.0,0.6,Prepaid
CUST_02612,504.4,233.0,4.35,0.44,3,168.0,6.5,Standard
CUST_02613,440.15,158.0,8.1,0.56,1,106.0,4.4,Basic
CUST_02614,1303.14,484.0,56.87,1.97,1,137.0,0.4,Unlimited
CUST_02615,398.06,232.0,6.44,0.46,3,134.0,31.4,Standard
CUST_02616,390.31,248.0,13.83,0.49,3,163.0,30.7,Basic
CUST_02617,371.53,252.0,11.09,0.16,0,160.0,1.6,Postpaid
CUST_02618,727.78,401.0,10.52,10.86,1,136.0,7.5,International
CUST_02619,1259.92,687.0,39.02,1.85,0,203.0,0.7,Unlimited
CUST_02620,898.47,296.0,84.69,1.16,2,51.0,2.5,Unlimited
CUST_02621,109.59,113.0,2.12,0.17,0,56.0,0.4,Prepaid
CUST_02622,434.8,307.0,6.73,0.27,0,137.0,3.2,Standard
CUST_02623,1176.28,632.0,37.84,2.09,0,214.0,0.4,Unlimited
CUST_02624,351.45,285.0,11.28,0.24,0,137.0,4.8,Standard
CUST_02625,182.36,85.0,1.91,0.12,0,43.0,1.5,Basic
CUST_02626,322.7,185.0,6.32,0.33,0,119.0,3.5,Postpaid
CUST_02627,201.38,197.0,8.05,0.52,3,57.0,9.0,Basic
CUST_02628,128.77,89.0,2.71,0.03,1,67.0,0.2,Basic
CUST_02629,310.32,305.0,10.71,0.33,7,93.0,7.2,Basic
CUST_02630,1091.46,243.0,68.34,1.12,0,88.0,1.9,Data Plan
CUST_02631,290.48,327.0,5.23,0.67,4,69.0,13.2,Standard
CUST_02632,1292.51,679.0,64.99,2.52,1,176.0,0.0,Premium
CUST_02633,470.93,332.0,9.08,0.22,0,64.0,5.5,Standard
CUST_02634,321.96,194.0,6.98,1.13,1,78.0,0.1,Basic
CUST_02635,166.89,85.0,2.21,0.03,0,53.0,0.7,Prepaid
CUST_02636,946.93,450.0,42.78,2.19,0,326.0,0.6,Premium
CUST_02637,702.06,199.0,110.68,0.7,0,85.0,5.8,Data Plan
CUST_02638,105.45,141.0,2.84,0.05,0,33.0,0.3,Basic
CUST_02639,83.69,303.0,11.16,0.62,3,145.0,1.3,Basic
CUST_02640,1102.68,616.0,41.99,2.4,0,260.0,0.4,Premium
CUST_02641,403.71,353.0,9.54,0.22,0,151.0,5.4,Standard
CUST_02642,1075.86,545.0,41.46,1.46,0,152.0,2.0,Unlimited
CUST_02643,193.53,104.0,1.45,0.16,0,56.0,1.1,Basic
CUST_02644,258.12,12.0,9.89,0.57,1,67.0,6.8,Standard
CUST_02645,381.92,392.0,8.77,0.13,2,166.0,1.3,Postpaid
CUST_02646,348.13,335.0,8.51,0.3,0,117.0,5.1,Standard
CUST_02647,278.9,284.0,11.12,0.32,0,231.0,1.9,Standard
CUST_02648,433.5,266.0,8.57,0.36,2,123.0,3.2,Standard
CUST_02649,327.59,292.0,10.41,0.35,5,44.0,10.2,Basic
CUST_02650,305.99,291.0,11.6,0.36,0,199.0,1.1,Standard
CUST_02651,799.21,460.0,16.74,7.59,1,124.0,1.2,International
CUST_02652,968.0,288.0,91.02,0.91,0,83.0,0.3,Data Plan
CUST_02653,169.23,69.0,3.56,0.07,0,56.0,0.4,Prepaid
CUST_02654,467.18,266.0,7.74,0.57,5,88.0,9.2,Standard
CUST_02655,375.52,221.0,13.81,0.31,0,166.0,4.6,Postpaid
CUST_02656,99.21,63.0,1.35,0.16,0,74.0,3.5,Prepaid
CUST_02657,145.33,53.0,2.42,0.16,0,21.0,0.1,Basic
CUST_02658,165.53,37.0,2.8,0.05,0,41.0,0.3,Basic
CUST_02659,310.7,304.0,6.63,0.54,6,166.0,4.4,Standard
CUST_02660,1070.36,681.0,38.29,1.29,1,216.0,1.6,Premium
CUST_02661,489.03,336.0,9.7,0.23,0,116.0,0.9,Postpaid
CUST_02662,757.45,159.0,77.32,0.2,0,89.0,0.9,Unlimited
CUST_02663,403.13,338.0,14.3,0.46,3,153.0,11.1,Standard
CUST_02664,400.41,328.0,8.72,0.3,0,212.0,4.9,Standard
CUST_02665,794.55,435.0,9.9,10.91,1,90.0,8.8,International
CUST_02666,444.66,150.0,14.17,0.91,5,131.0,3.4,Standard
CUST_02667,353.14,220.0,6.12,0.52,4,82.0,3.4,Standard
CUST_02668,794.06,214.0,99.29,1.61,0,86.0,0.6,Data Plan
CUST_02669,816.58,489.0,13.7,9.41,1,77.0,1.7,International
CUST_02670,1350.5,587.0,54.64,2.33,1,168.0,0.1,Unlimited
CUST_02671,1044.95,143.0,83.6,1.31,0,117.0,1.8,Data Plan
CUST_02672,512.5,338.0,9.96,0.36,2,127.0,7.0,Postpaid
CUST_02673,168.48,97.0,2.26,0.12,0,53.0,0.2,Basic
CUST_02674,429.23,311.0,7.33,0.3,0,211.0,0.4,Postpaid
CUST_02675,824.2,369.0,16.02,6.89,1,31.0,6.5,International
CUST_02676,120.99,118.0,2.14,0.09,0,49.0,0.2,Basic
CUST_02677,1682.41,531.0,36.77,2.11,0,191.0,0.5,Unlimited
CUST_02678,90.37,89.0,1.85,0.17,0,80.0,0.6,Prepaid
CUST_02679,309.55,226.0,8.66,0.27,2,124.0,1.2,Postpaid
CUST_02680,825.72,371.0,16.03,5.75,0,89.0,4.0,Standard
CUST_02681,815.56,206.0,89.23,0.69,0,93.0,1.8,Data Plan
CUST_02682,1256.21,253.0,62.66,1.2,0,119.0,1.4,Data Plan
CUST_02683,410.72,239.0,9.76,0.23,0,173.0,0.2,Standard
CUST_02684,448.0,399.0,8.52,0.19,0,171.0,0.3,Standard
CUST_02685,1162.48,284.0,9.85,8.75,0,112.0,1.1,International
CUST_02686,369.07,115.0,6.68,0.49,3,134.0,1.4,Basic
CUST_02687,375.59,225.0,11.21,0.19,0,92.0,0.9,Standard
CUST_02688,802.3,440.0,17.95,9.24,0,42.0,0.3,Standard
CUST_02689,458.01,343.0,8.89,0.34,0,146.0,2.4,Standard
CUST_02690,170.09,107.0,1.62,0.06,0,52.0,0.3,Basic
CUST_02691,1230.92,510.0,63.87,2.29,0,140.0,0.1,Premium
CUST_02692,418.77,271.0,9.42,0.1,0,130.0,2.9,Standard
CUST_02693,1005.46,131.0,70.63,0.96,0,100.0,2.2,Unlimited
CUST_02694,829.42,480.0,17.19,7.25,1,128.0,1.8,International
CUST_02695,482.0,287.0,10.65,0.21,0,94.0,1.2,Standard
CUST_02696,164.68,136.0,1.89,0.04,1,64.0,0.6,Basic
CUST_02697,426.27,214.0,9.01,0.38,0,111.0,1.3,Postpaid
CUST_02698,160.85,136.0,1.41,0.14,0,23.0,0.4,Prepaid
CUST_02699,167.84,98.0,1.62,0.15,1,68.0,0.0,Basic
CUST_02700,160.31,92.0,1.95,0.03,1,49.0,1.4,Basic
CUST_02701,157.82,80.0,1.86,0.12,0,69.0,0.7,Basic
CUST_02702,403.3,273.0,10.45,0.19,0,186.0,1.4,Postpaid
CUST_02703,225.81,44.0,2.5,0.11,0,72.0,0.5,Basic
CUST_02704,398.63,243.0,8.23,0.08,0,226.0,0.1,Standard
CUST_02705,212.92,156.0,8.76,0.67,3,135.0,3.9,Standard
CUST_02706,568.03,233.0,7.32,0.42,1,127.0,0.6,Standard
CUST_02707,1496.26,468.0,48.0,1.98,0,268.0,0.4,Premium
CUST_02708,161.84,103.0,2.12,0.08,0,48.0,0.7,Basic
CUST_02709,288.56,328.0,10.67,0.53,2,114.0,21.0,Standard
CUST_02710,1115.42,625.0,58.59,2.26,0,195.0,0.8,Premium
CUST_02711,136.05,364.0,11.73,0.35,0,165.0,3.2,Standard
CUST_02712,970.52,446.0,15.71,9.7,0,58.0,7.9,Standard
CUST_02713,128.09,83.0,1.21,0.11,0,31.0,2.3,Basic
CUST_02714,151.7,105.0,2.11,0.13,0,41.0,0.8,Basic
CUST_02715,155.14,90.0,2.38,0.16,1,61.0,1.0,Basic
CUST_02716,142.57,94.0,2.6,0.12,0,44.0,0.5,Basic
CUST_02717,1106.31,216.0,75.29,1.18,1,87.0,1.4,Data Plan
CUST_02718,362.53,147.0,13.9,0.29,3,13.0,10.7,Standard
CUST_02719,205.15,42.0,1.97,0.11,0,20.0,0.3,Prepaid
CUST_02720,405.59,291.0,9.08,0.08,0,185.0,0.7,Standard
CUST_02721,184.31,144.0,2.42,0.01,1,47.0,0.4,Basic
CUST_02722,818.81,205.0,76.02,0.88,0,113.0,0.4,Data Plan
CUST_02723,1126.04,696.0,38.41,1.56,0,121.0,0.1,Premium
CUST_02724,379.88,209.0,7.43,0.43,3,211.0,1.0,Basic
CUST_02725,589.7,173.0,0.0,0.01,4,204.0,16.2,Basic
CUST_02726,226.75,95.0,2.51,0.06,1,54.0,0.0,Basic
CUST_02727,1060.18,342.0,88.12,0.98,1,78.0,0.0,Unlimited
CUST_02728,1365.08,530.0,46.67,2.17,0,140.0,0.2,Premium
CUST_02729,144.43,97.0,2.14,0.14,0,45.0,2.0,Basic
CUST_02730,826.56,491.0,50.26,2.19,0,211.0,0.1,Premium
CUST_02731,370.43,209.0,9.79,0.28,0,209.0,10.3,Standard
CUST_02732,691.05,459.0,13.82,10.76,0,102.0,0.1,International
CUST_02733,150.16,86.0,1.56,0.08,0,36.0,0.2,Basic
CUST_02734,152.27,62.0,2.38,0.08,0,61.0,0.2,Basic
CUST_02735,273.25,281.0,11.5,0.32,0,69.0,0.2,Postpaid
CUST_02736,967.63,285.0,78.28,1.27,1,102.0,0.3,Unlimited
CUST_02737,178.9,140.0,1.78,0.18,0,32.0,2.2,Basic
CUST_02738,360.97,336.0,9.74,0.34,1,167.0,1.4,Standard
CUST_02739,397.98,296.0,11.68,0.21,0,142.0,5.9,Standard
CUST_02740,1106.75,194.0,103.59,1.08,0,93.0,5.9,Data Plan
CUST_02741,353.41,376.0,3.32,0.4,5,114.0,0.1,Standard
CUST_02742,1330.34,637.0,18.03,2.24,0,180.0,0.1,Unlimited
CUST_02743,560.21,339.0,14.2,8.25,0,40.0,0.4,International
CUST_02744,154.46,135.0,1.61,0.11,0,40.0,0.4,Basic
CUST_02745,1061.22,190.0,78.85,1.24,2,109.0,1.3,Data Plan
CUST_02746,184.2,155.0,1.66,0.06,0,21.0,0.7,Basic
CUST_02747,483.04,338.0,7.92,0.34,0,197.0,2.7,Postpaid
CUST_02748,181.61,96.0,1.8,0.12,1,24.0,1.6,Basic
CUST_02749,805.53,429.0,14.89,5.79,0,119.0,0.8,International
CUST_02750,111.59,104.0,2.7,0.08,1,28.0,0.1,Basic
CUST_02751,318.44,325.0,8.61,0.42,1,177.0,2.0,Postpaid
CUST_02752,855.71,152.0,104.68,0.76,0,72.0,3.2,Unlimited
CUST_02753,580.07,227.0,79.07,1.24,1,92.0,1.6,Data Plan
CUST_02754,1357.14,274.0,65.15,1.26,0,74.0,0.1,Data Plan
CUST_02755,1017.01,349.0,58.65,1.1,0,67.0,0.6,Data Plan
CUST_02756,718.35,264.0,63.33,0.85,22,76.0,87.0,Data Plan
CUST_02757,1067.99,139.0,76.13,1.14,2,101.0,0.6,Data Plan
CUST_02758,131.63,76.0,2.09,0.11,0,49.0,0.1,Basic
CUST_02759,427.39,307.0,8.03,0.24,2,248.0,2.1,Standard
CUST_02760,1140.13,555.0,60.48,1.3,0,172.0,0.2,Unlimited
CUST_02761,414.63,189.0,6.28,0.27,1,178.0,1.0,Postpaid
CUST_02762,683.42,342.0,14.13,9.16,1,189.0,13.2,International
CUST_02763,1111.05,590.0,48.65,2.04,0,277.0,0.8,Unlimited
CUST_02764,1226.57,247.0,76.96,0.96,1,86.0,0.4,Data Plan
CUST_02765,365.49,195.0,7.06,0.48,2,63.0,3.8,Basic
CUST_02766,897.49,575.0,62.59,2.02,1,184.0,0.0,Unlimited
CUST_02767,1170.36,595.0,70.06,2.17,1,136.0,0.0,Premium
CUST_02768,886.64,165.0,94.07,1.75,0,69.0,1.8,Unlimited
CUST_02769,426.75,252.0,8.36,0.35,0,156.0,4.4,Postpaid
CUST_02770,157.03,93.0,2.05,0.04,0,83.0,2.8,Prepaid
CUST_02771,174.12,234.0,13.15,0.4,2,153.0,3.1,Basic
CUST_02772,886.48,194.0,72.3,1.11,0,87.0,0.1,Data Plan
CUST_02773,141.92,99.0,2.11,0.03,0,42.0,0.9,Prepaid
CUST_02774,488.84,271.0,6.67,0.56,1,195.0,2.2,Postpaid
CUST_02775,807.63,499.0,22.58,9.03,2,108.0,2.6,International
CUST_02776,370.69,214.0,0.82,0.55,4,159.0,7.4,Basic
CUST_02777,598.53,308.0,98.95,1.24,0,75.0,1.1,Data Plan
CUST_02778,975.38,397.0,15.86,9.76,1,139.0,4.4,International
CUST_02779,159.59,85.0,1.7,0.15,0,41.0,0.0,Prepaid
CUST_02780,651.55,392.0,17.31,8.82,0,85.0,1.1,International
CUST_02781,1101.84,634.0,56.88,2.31,0,90.0,0.1,Unlimited
CUST_02782,444.18,262.0,12.31,0.27,1,85.0,0.6,Standard
CUST_02783,525.14,392.0,8.61,0.38,0,178.0,0.2,Standard
CUST_02784,333.07,283.0,10.4,0.33,1,118.0,1.3,Standard
CUST_02785,474.3,284.0,10.87,0.35,1,98.0,1.3,Postpaid
CUST_02786,370.65,341.0,8.48,0.34,0,154.0,9.4,Standard
CUST_02787,171.53,96.0,1.72,0.03,1,41.0,1.2,Basic
CUST_02788,442.71,267.0,15.34,0.37,0,182.0,2.0,Standard
CUST_02789,829.34,345.0,18.69,12.9,0,139.0,3.0,Standard
CUST_02790,908.66,158.0,88.52,0.97,0,94.0,2.2,Data Plan
CUST_02791,145.16,70.0,1.97,0.06,0,52.0,0.6,Basic
CUST_02792,210.56,303.0,10.73,0.3,0,186.0,0.7,Standard
CUST_02793,3016.26,100.0,2.51,32.2,13,51.0,0.0,Basic
CUST_02794,145.57,69.0,2.11,0.08,1,56.0,1.5,Basic
CUST_02795,1125.81,614.0,34.51,1.83,0,113.0,0.6,Unlimited
CUST_02796,970.73,130.0,89.15,1.53,0,45.0,3.5,Data Plan
CUST_02797,794.51,190.0,84.81,1.18,0,92.0,1.5,Unlimited
CUST_02798,731.76,402.0,15.96,8.31,0,87.0,1.0,Standard
CUST_02799,111.1,140.0,1.73,0.14,0,31.0,1.2,Basic
CUST_02800,140.54,88.0,,0.06,0,33.0,0.7,Basic
CUST_02801,1066.89,582.0,45.43,2.46,0,272.0,0.2,Unlimited
CUST_02802,814.84,239.0,85.74,0.72,0,35.0,1.1,Data Plan
CUST_02803,827.54,476.0,17.53,6.12,0,110.0,2.9,Standard
CUST_02804,931.79,438.0,42.79,1.71,0,237.0,0.4,Premium
CUST_02805,165.24,87.0,1.41,0.09,0,51.0,0.0,Basic
CUST_02806,982.46,234.0,91.96,1.46,0,50.0,0.7,Data Plan
CUST_02807,1078.42,229.0,67.6,1.12,0,87.0,0.6,Unlimited
CUST_02808,124.29,91.0,1.75,0.08,0,51.0,1.2,Prepaid
CUST_02809,524.05,268.0,11.99,0.19,1,160.0,2.3,Standard
CUST_02810,797.4,247.0,80.1,1.07,0,77.0,0.3,Data Plan
CUST_02811,488.68,211.0,9.66,0.29,0,183.0,0.5,Postpaid
CUST_02812,1452.44,563.0,37.86,2.14,0,191.0,0.1,Premium
CUST_02813,397.87,192.0,9.51,0.34,3,92.0,14.8,Basic
CUST_02814,1004.07,531.0,46.34,2.96,2,204.0,0.3,Unlimited
CUST_02815,507.44,323.0,9.8,0.13,0,102.0,1.4,Standard
CUST_02816,262.38,196.0,8.11,0.94,6,59.0,0.8,Basic
CUST_02817,440.14,360.0,4.14,0.73,2,146.0,4.5,Basic
CUST_02818,291.97,239.0,11.34,0.23,1,150.0,0.3,Postpaid
CUST_02819,160.84,124.0,2.29,0.13,0,62.0,2.2,Basic
CUST_02820,75.85,161.0,2.19,0.1,0,47.0,0.0,Prepaid
CUST_02821,151.47,76.0,3.19,0.01,0,71.0,0.5,Basic
CUST_02822,356.46,275.0,7.66,0.23,0,176.0,0.7,Standard
CUST_02823,969.03,263.0,83.09,0.74,0,60.0,1.5,Data Plan
CUST_02824,731.4,230.0,101.05,1.07,0,58.0,0.0,Data Plan
CUST_02825,769.74,162.0,72.76,1.19,0,91.0,1.7,Data Plan
CUST_02826,684.41,535.0,11.03,7.92,3,135.0,1.8,International
CUST_02827,477.43,210.0,10.78,0.57,4,128.0,3.4,Basic
CUST_02828,365.61,313.0,9.72,0.11,1,106.0,5.1,Standard
CUST_02829,262.98,284.0,6.71,0.27,0,131.0,1.1,Postpaid
CUST_02830,715.81,118.0,57.95,0.77,0,67.0,1.0,Data Plan
CUST_02831,156.71,83.0,2.22,0.06,0,48.0,0.5,Basic
CUST_02832,350.57,337.0,8.73,0.33,3,139.0,4.4,Standard
CUST_02833,123.48,111.0,2.55,0.03,0,77.0,1.4,Basic
CUST_02834,3568.18,89.0,94.83,27.25,12,70.0,,Unlimited
CUST_02835,221.31,285.0,10.25,0.27,0,165.0,0.3,Standard
CUST_02836,1064.52,96.0,79.45,0.97,0,88.0,0.4,Data Plan
CUST_02837,345.34,329.0,5.78,0.33,0,220.0,0.3,Standard
CUST_02838,417.01,265.0,9.26,0.19,2,77.0,0.6,Postpaid
CUST_02839,929.65,230.0,63.09,0.83,0,69.0,1.8,Unlimited
CUST_02840,917.5,147.0,83.33,0.69,0,33.0,0.3,Data Plan
CUST_02841,674.35,219.0,83.03,0.93,0,71.0,5.0,Data Plan
CUST_02842,770.82,468.0,13.36,7.18,0,73.0,1.8,International
CUST_02843,1271.66,591.0,57.49,1.84,0,173.0,0.1,Unlimited
CUST_02844,1023.17,632.0,62.16,2.34,0,256.0,0.3,Premium
CUST_02845,396.51,303.0,8.58,0.35,1,150.0,2.1,Standard
CUST_02846,534.38,240.0,12.03,0.18,0,143.0,4.0,Postpaid
CUST_02847,1056.27,214.0,99.08,1.45,1,56.0,0.3,Data Plan
CUST_02848,982.54,352.0,14.37,9.05,0,136.0,0.2,Standard
CUST_02849,398.73,303.0,8.75,0.38,0,109.0,1.5,Standard
CUST_02850,352.71,283.0,7.11,0.6,3,156.0,12.4,Basic
CUST_02851,1571.83,758.0,70.21,2.05,0,196.0,0.5,Premium
CUST_02852,446.33,271.0,10.97,0.2,0,110.0,0.1,Postpaid
CUST_02853,345.57,270.0,6.78,0.42,0,168.0,0.6,Postpaid
CUST_02854,542.83,295.0,7.22,0.17,1,156.0,1.0,Standard
CUST_02855,1068.12,194.0,81.95,0.96,1,62.0,2.3,Data Plan
CUST_02856,512.27,220.0,12.76,0.24,0,97.0,0.2,Postpaid
CUST_02857,326.91,210.0,9.88,0.46,1,80.0,1.3,Postpaid
CUST_02858,135.44,152.0,2.16,0.09,1,59.0,1.3,Basic
CUST_02859,778.22,336.0,19.15,10.58,2,148.0,6.8,International
CUST_02860,805.09,162.0,88.77,1.38,0,66.0,1.0,Data Plan
CUST_02861,1202.01,682.0,43.02,1.88,2,151.0,0.6,Premium
CUST_02862,508.44,407.0,9.03,0.33,0,220.0,0.7,Standard
CUST_02863,475.45,163.0,12.86,0.36,0,100.0,2.3,Standard
CUST_02864,130.52,96.0,2.49,0.13,0,68.0,0.6,Basic
CUST_02865,211.82,126.0,2.68,0.04,1,34.0,1.4,Prepaid
CUST_02866,970.88,317.0,9.49,5.22,2,120.0,2.7,International
CUST_02867,617.36,236.0,8.8,0.24,0,141.0,1.3,Postpaid
CUST_02868,233.32,210.0,12.05,0.4,3,74.0,5.5,Basic
CUST_02869,821.03,393.0,19.89,8.74,2,107.0,4.8,International
CUST_02870,362.55,351.0,9.96,0.37,0,161.0,0.8,Standard
CUST_02871,1088.18,468.0,54.48,1.32,0,173.0,0.2,Premium
CUST_02872,5375.93,90.0,1.75,33.26,9,42.0,0.3,Basic
CUST_02873,104.42,69.0,2.12,0.08,0,58.0,0.4,Basic
CUST_02874,127.55,107.0,2.3,0.07,1,31.0,0.2,Basic
CUST_02875,1161.62,176.0,80.62,0.77,1,40.0,2.7,Data Plan
CUST_02876,404.89,368.0,10.71,0.38,0,141.0,4.2,Standard
CUST_02877,356.05,320.0,8.61,0.41,4,151.0,4.7,Standard
CUST_02878,171.01,116.0,2.36,0.11,1,29.0,1.7,Basic
CUST_02879,158.98,86.0,2.01,0.12,0,62.0,1.1,Basic
CUST_02880,227.2,84.0,2.35,0.07,0,24.0,1.3,Basic
CUST_02881,137.12,111.0,1.74,0.1,0,47.0,0.4,Basic
CUST_02882,307.71,304.0,8.24,0.41,0,150.0,5.4,Standard
CUST_02883,1223.16,574.0,52.29,1.53,1,159.0,0.0,Unlimited
CUST_02884,1426.93,640.0,59.57,2.64,0,136.0,0.8,Premium
CUST_02885,812.4,619.0,56.69,1.14,0,198.0,0.2,Unlimited
CUST_02886,358.81,212.0,8.78,0.17,0,213.0,4.2,Postpaid
CUST_02887,283.52,292.0,10.34,0.19,0,178.0,1.9,Standard
CUST_02888,438.13,386.0,9.99,0.27,0,135.0,0.1,Standard
CUST_02889,168.72,117.0,2.85,0.17,1,45.0,0.1,Basic
CUST_02890,452.7,392.0,8.46,0.13,1,121.0,3.1,Standard
CUST_02891,1211.43,600.0,50.25,2.53,0,266.0,0.5,Unlimited
CUST_02892,409.55,263.0,7.21,0.22,0,133.0,0.6,Standard
CUST_02893,371.04,241.0,11.8,0.35,0,150.0,1.3,Postpaid
CUST_02894,422.04,312.0,5.66,0.19,1,106.0,7.2,Standard
CUST_02895,893.18,132.0,66.69,0.95,0,84.0,0.2,Data Plan
CUST_02896,5883.35,95.0,62.25,15.85,12,46.0,2.7,Data Plan
CUST_02897,1036.2,631.0,36.57,0.94,0,293.0,0.6,Premium
CUST_02898,460.26,204.0,12.83,0.41,0,87.0,4.4,Standard
CUST_02899,145.43,101.0,2.33,0.17,2,83.0,0.5,Basic
CUST_02900,445.67,382.0,7.62,0.37,1,221.0,4.2,Postpaid
CUST_02901,477.15,401.0,8.42,0.39,1,106.0,4.1,Standard
CUST_02902,439.13,165.0,11.1,0.3,0,153.0,2.6,Standard
CUST_02903,1073.2,373.0,12.24,10.19,1,77.0,0.1,International
CUST_02904,1021.11,469.0,67.02,2.17,0,172.0,0.6,Unlimited
CUST_02905,421.42,177.0,12.73,0.38,5,140.0,14.9,Basic
CUST_02906,335.77,258.0,10.51,0.45,3,155.0,0.2,Standard
CUST_02907,284.9,221.0,7.17,0.4,0,118.0,1.7,Standard
CUST_02908,3164.19,96.0,7.76,17.84,8,136.0,12.5,Standard
CUST_02909,171.24,46.0,2.51,0.2,0,69.0,0.3,Basic
CUST_02910,505.53,443.0,10.57,0.23,0,166.0,0.1,Standard
CUST_02911,153.59,55.0,2.03,0.15,0,21.0,1.5,Basic
CUST_02912,198.22,68.0,2.59,0.1,0,65.0,0.2,Basic
CUST_02913,1069.74,193.0,94.84,1.03,0,87.0,1.4,Data Plan
CUST_02914,546.24,329.0,12.32,0.33,0,155.0,1.6,Standard
CUST_02915,124.82,88.0,2.73,0.1,0,41.0,0.8,Basic
CUST_02916,1318.24,529.0,60.11,2.32,1,144.0,0.1,Unlimited
CUST_02917,383.53,287.0,7.24,0.25,1,103.0,20.0,Standard
CUST_02918,1226.6,696.0,58.86,2.09,1,184.0,,Premium
CUST_02919,154.8,140.0,2.36,0.18,0,56.0,0.6,Basic
CUST_02920,1190.96,532.0,44.65,1.64,0,195.0,0.6,Premium
CUST_02921,987.65,220.0,77.83,0.55,2,84.0,0.5,Data Plan
CUST_02922,829.37,197.0,14.1,8.07,1,74.0,2.2,International
CUST_02923,406.38,272.0,11.13,0.5,0,130.0,0.4,Postpaid
CUST_02924,184.86,104.0,1.27,0.13,0,41.0,0.6,Prepaid
CUST_02925,452.66,294.0,11.26,0.44,1,111.0,4.1,Basic
CUST_02926,406.82,309.0,8.53,0.21,0,142.0,0.5,Standard
CUST_02927,1067.72,572.0,29.92,1.17,1,247.0,0.9,Unlimited
CUST_02928,841.71,165.0,80.21,0.96,0,83.0,2.8,Unlimited
CUST_02929,5297.83,110.0,2.26,21.26,10,26.0,0.1,Basic
CUST_02930,888.28,215.0,71.93,1.65,0,88.0,6.5,Unlimited
CUST_02931,206.2,147.0,2.86,0.24,0,50.0,0.7,Prepaid
CUST_02932,127.1,123.0,2.59,0.16,0,32.0,1.4,Basic
CUST_02933,460.82,118.0,7.05,0.74,7,110.0,13.0,Basic
CUST_02934,435.77,362.0,9.92,0.17,3,120.0,0.9,Standard
CUST_02935,1138.39,578.0,40.64,2.12,0,222.0,0.7,Unlimited
CUST_02936,573.79,264.0,16.1,6.56,1,116.0,2.4,International
CUST_02937,367.18,261.0,10.52,0.37,3,31.0,1.1,Basic
CUST_02938,152.22,91.0,2.35,0.08,0,51.0,0.1,Prepaid
CUST_02939,462.74,301.0,10.89,0.14,0,200.0,0.3,Postpaid
CUST_02940,166.41,113.0,1.9,0.1,0,52.0,1.0,Basic
CUST_02941,141.56,101.0,2.35,0.01,0,58.0,1.3,Basic
CUST_02942,505.91,247.0,8.82,0.28,0,149.0,0.9,Standard
CUST_02943,1100.39,608.0,43.19,2.62,0,196.0,0.2,Unlimited
CUST_02944,995.74,334.0,82.68,0.88,0,84.0,2.1,Unlimited
CUST_02945,3251.81,104.0,2.54,18.86,14,52.0,0.7,Basic
CUST_02946,370.07,295.0,12.57,0.28,0,156.0,0.8,Standard
CUST_02947,134.07,47.0,2.69,0.1,0,51.0,0.1,Basic
CUST_02948,388.95,347.0,12.38,0.17,2,124.0,5.2,Postpaid
CUST_02949,729.94,416.0,12.9,11.48,4,139.0,0.1,International
CUST_02950,368.72,296.0,9.44,0.27,1,203.0,1.4,Standard
CUST_02951,308.62,81.0,6.93,0.23,4,143.0,2.4,Basic
CUST_02952,1008.92,508.0,34.23,1.25,1,238.0,0.0,Premium
CUST_02953,1474.43,846.0,52.43,0.31,0,255.0,0.9,Premium
CUST_02954,1214.18,689.0,38.13,2.54,0,185.0,0.1,Unlimited
CUST_02955,158.43,85.0,2.75,0.17,0,58.0,0.4,Basic
CUST_02956,1054.13,583.0,43.47,1.94,1,211.0,0.1,Premium
CUST_02957,426.74,183.0,3.68,0.26,1,94.0,17.0,Standard
CUST_02958,321.99,247.0,11.35,0.21,0,122.0,2.5,Standard
CUST_02959,666.23,226.0,64.03,1.31,0,126.0,0.0,Data Plan
CUST_02960,167.3,94.0,1.77,0.15,0,20.0,0.0,Basic
CUST_02961,1148.54,222.0,74.06,1.11,0,38.0,0.1,Data Plan
CUST_02962,900.36,307.0,74.79,0.67,0,74.0,2.4,Unlimited
CUST_02963,921.64,416.0,19.3,9.43,0,97.0,3.8,International
CUST_02964,564.9,37.0,0.87,33.91,0,135.0,0.8,Standard
CUST_02965,1084.74,178.0,79.13,0.68,0,83.0,0.1,Data Plan
CUST_02966,179.48,109.0,2.02,0.12,1,66.0,1.1,Basic
CUST_02967,397.83,358.0,7.89,0.37,0,140.0,2.3,Standard
CUST_02968,440.13,314.0,7.73,0.37,5,153.0,5.4,Basic
CUST_02969,741.71,196.0,13.57,6.84,2,133.0,1.2,International
CUST_02970,1323.19,486.0,45.28,1.69,0,183.0,0.6,Premium
CUST_02971,1352.7,618.0,51.6,2.77,0,166.0,1.2,Unlimited
CUST_02972,999.94,676.0,47.19,2.68,1,255.0,0.5,Unlimited
CUST_02973,714.26,387.0,15.04,10.13,1,75.0,2.5,Standard
CUST_02974,1063.31,637.0,69.9,2.06,0,145.0,0.1,Premium
CUST_02975,1159.8,651.0,71.02,1.7,0,223.0,0.2,Unlimited
CUST_02976,487.84,337.0,8.97,0.31,2,170.0,4.9,Standard
CUST_02977,196.32,353.0,6.97,0.31,6,186.0,12.7,Standard
CUST_02978,143.76,92.0,1.7,0.08,0,44.0,1.2,Basic
CUST_02979,182.1,101.0,2.09,0.21,1,28.0,1.5,Prepaid
CUST_02980,348.55,318.0,11.76,0.12,0,168.0,1.3,Standard
CUST_02981,706.06,440.0,17.45,7.4,0,128.0,0.1,International
CUST_02982,1012.0,193.0,70.76,0.94,0,95.0,0.4,Data Plan
CUST_02983,506.6,444.0,12.1,0.25,2,222.0,2.1,Postpaid
CUST_02984,1391.25,629.0,35.26,1.94,0,163.0,0.2,Unlimited
CUST_02985,178.15,105.0,2.25,0.05,0,45.0,0.1,Prepaid
CUST_02986,146.17,224.0,14.85,0.56,4,114.0,1.7,Standard
CUST_02987,392.9,306.0,5.16,0.37,6,171.0,9.0,Standard
CUST_02988,16.56,37.0,2.0,0.18,1,48.0,2.3,Basic
CUST_02989,1183.82,606.0,51.37,1.48,0,180.0,0.1,Unlimited
CUST_02990,130.65,123.0,2.53,0.08,0,44.0,1.8,Basic
CUST_02991,815.0,207.0,72.68,1.1,0,85.0,5.1,Data Plan
CUST_02992,371.33,214.0,9.1,0.26,1,176.0,1.1,Postpaid
CUST_02993,280.77,307.0,4.97,0.1,3,148.0,0.6,Standard
CUST_02994,155.29,83.0,1.68,0.05,1,63.0,0.7,Prepaid
CUST_02995,737.99,474.0,15.32,7.03,1,171.0,7.4,International
CUST_02996,375.98,155.0,6.22,0.33,3,124.0,0.5,Standard
CUST_02997,179.89,82.0,2.1,0.14,0,58.0,0.3,Basic
CUST_02998,530.34,255.0,11.8,0.4,0,153.0,0.6,Standard
CUST_02999,512.5,349.0,12.69,10.32,0,92.0,2.3,International
CUST_03000,1512.31,619.0,45.13,1.1,0,196.0,0.4,Unlimited
CUST_03001,698.73,206.0,87.16,0.76,0,74.0,0.1,Data Plan
CUST_03002,489.59,296.0,14.0,0.31,1,147.0,1.0,Standard
CUST_03003,385.48,274.0,6.2,0.71,3,53.0,7.0,Basic
CUST_03004,125.69,73.0,2.01,0.03,1,50.0,1.8,Prepaid
CUST_03005,1242.31,555.0,44.24,2.69,1,225.0,0.1,Premium
CUST_03006,1185.44,524.0,66.2,0.33,0,216.0,0.5,Unlimited
CUST_03007,412.96,250.0,14.51,0.28,0,205.0,3.5,Postpaid
CUST_03008,165.43,71.0,2.44,0.11,0,57.0,0.2,Prepaid
CUST_03009,409.97,228.0,10.93,0.42,1,180.0,4.5,Postpaid
CUST_03010,940.66,435.0,18.95,7.12,1,107.0,3.5,International
CUST_03011,1289.75,839.0,61.56,1.68,0,145.0,1.8,Unlimited
CUST_03012,1145.16,532.0,50.86,1.95,1,212.0,1.1,Unlimited
CUST_03013,684.52,176.0,12.51,0.18,1,111.0,1.3,Standard
CUST_03014,550.29,435.0,8.28,0.35,1,132.0,2.0,Postpaid
CUST_03015,159.34,136.0,2.38,0.05,1,32.0,0.8,Basic
CUST_03016,168.0,121.0,1.13,0.08,0,59.0,4.3,Prepaid
CUST_03017,204.65,298.0,10.67,0.25,0,215.0,0.4,Postpaid
CUST_03018,883.14,191.0,77.2,0.85,0,75.0,2.5,Unlimited
CUST_03019,148.89,69.0,1.82,0.05,0,47.0,0.3,Prepaid
CUST_03020,914.72,358.0,14.7,7.79,1,138.0,0.6,International
CUST_03021,109.45,139.0,1.87,0.06,0,53.0,2.7,Basic
CUST_03022,1273.06,511.0,40.64,2.24,1,225.0,0.3,Premium
CUST_03023,389.08,304.0,11.44,0.35,1,157.0,3.5,Standard
CUST_03024,1113.09,35.0,0.7,36.03,1,43.0,2.7,Data Plan
CUST_03025,966.43,43.0,0.58,40.35,0,160.0,0.4,International
CUST_03026,1414.63,551.0,50.6,1.21,0,136.0,1.6,Premium
CUST_03027,861.79,187.0,83.96,0.75,0,88.0,1.9,Data Plan
CUST_03028,863.63,217.0,103.52,0.97,1,85.0,0.7,Data Plan
CUST_03029,946.67,267.0,63.87,1.07,0,70.0,0.3,Unlimited
CUST_03030,969.7,666.0,56.09,1.82,0,171.0,0.1,Unlimited
CUST_03031,134.08,117.0,2.05,0.13,1,46.0,2.1,Basic
CUST_03032,164.06,108.0,1.16,,0,64.0,1.3,Basic
CUST_03033,20.55,357.0,8.74,4.64,0,116.0,4.8,Standard
CUST_03034,385.41,401.0,7.95,0.35,0,212.0,1.4,Standard
CUST_03035,956.9,236.0,95.89,1.31,0,76.0,0.3,Unlimited
CUST_03036,758.07,413.0,16.6,9.19,1,103.0,7.2,Standard
CUST_03037,163.09,90.0,1.38,0.12,1,29.0,0.2,Basic
CUST_03038,1426.85,601.0,54.86,3.02,0,198.0,0.3,Unlimited
CUST_03039,829.36,324.0,85.24,1.26,0,86.0,2.7,Data Plan
CUST_03040,1351.59,563.0,50.55,2.48,0,218.0,0.8,Premium
CUST_03041,4995.85,278.0,8.36,34.11,12,156.0,2.5,Standard
CUST_03042,458.55,296.0,9.15,0.16,4,169.0,19.4,Basic
CUST_03043,333.59,238.0,10.58,0.26,0,135.0,2.5,Standard
CUST_03044,3628.08,61.0,2.01,25.87,8,52.0,2.2,Basic
CUST_03045,963.36,336.0,12.14,8.37,0,109.0,3.0,International
CUST_03046,942.78,157.0,91.33,1.59,0,81.0,2.0,Data Plan
CUST_03047,497.16,345.0,8.59,0.42,0,115.0,1.0,Standard
CUST_03048,200.07,95.0,2.06,0.19,0,19.0,0.7,Prepaid
CUST_03049,274.64,386.0,15.25,0.14,0,96.0,2.9,Postpaid
CUST_03050,470.44,270.0,11.11,0.3,1,199.0,0.1,Postpaid
CUST_03051,432.26,335.0,12.76,0.29,0,150.0,0.1,Standard
CUST_03052,1146.91,264.0,48.69,0.94,0,91.0,0.7,Data Plan
CUST_03053,131.29,111.0,1.46,0.0,0,64.0,0.9,Basic
CUST_03054,475.14,277.0,11.62,0.32,0,134.0,1.9,Standard
CUST_03055,486.8,375.0,8.68,0.38,0,142.0,0.1,Standard
CUST_03056,166.15,85.0,2.02,0.08,1,80.0,0.7,Basic
CUST_03057,1167.94,489.0,16.99,7.6,1,83.0,0.2,International
CUST_03058,396.83,291.0,6.21,0.16,1,124.0,0.3,Standard
CUST_03059,546.96,297.0,0.95,0.5,2,88.0,20.9,Basic
CUST_03060,579.51,343.0,13.68,9.89,0,68.0,0.0,International
CUST_03061,808.38,685.0,41.53,1.81,0,131.0,0.5,Premium
CUST_03062,962.28,407.0,14.93,7.52,1,137.0,4.7,Standard
CUST_03063,222.13,206.0,7.36,0.94,3,123.0,2.6,Standard
CUST_03064,162.11,72.0,1.52,0.13,0,36.0,1.9,Basic
CUST_03065,847.32,569.0,15.56,9.54,0,75.0,17.8,Standard
CUST_03066,137.19,108.0,2.42,0.06,0,52.0,0.2,Basic
CUST_03067,417.32,235.0,7.24,0.28,3,166.0,0.2,Postpaid
CUST_03068,188.16,287.0,8.12,0.49,4,26.0,7.1,Basic
CUST_03069,187.6,381.0,9.15,0.16,0,174.0,,Standard
CUST_03070,411.78,290.0,6.66,0.78,1,169.0,10.4,Standard
CUST_03071,760.52,285.0,82.41,1.02,3,40.0,0.0,Data Plan
CUST_03072,375.54,327.0,11.0,0.38,0,160.0,0.9,Postpaid
CUST_03073,302.16,349.0,7.73,0.41,0,153.0,0.7,Standard
CUST_03074,626.49,353.0,16.13,8.26,3,100.0,6.7,Standard
CUST_03075,4695.99,330.0,10.99,0.45,4,139.0,7.7,Basic
CUST_03076,385.08,284.0,8.17,0.24,0,152.0,0.5,Standard
CUST_03077,659.6,130.0,92.45,1.03,0,81.0,2.6,Data Plan
CUST_03078,363.28,194.0,10.69,0.48,2,231.0,7.1,Standard
CUST_03079,713.79,186.0,90.81,1.17,0,58.0,3.4,Data Plan
CUST_03080,307.18,395.0,7.02,0.36,1,205.0,0.4,Postpaid
CUST_03081,153.13,13.0,1.55,33.74,0,30.0,1.0,Basic
CUST_03082,1127.35,69.0,58.63,1.16,0,106.0,0.4,Data Plan
CUST_03083,370.03,249.0,11.06,0.3,1,182.0,2.9,Standard
CUST_03084,1206.98,598.0,56.23,1.86,0,128.0,0.1,Unlimited
CUST_03085,412.78,21.0,1.51,21.57,1,122.0,1.5,Standard
CUST_03086,162.96,81.0,1.8,0.13,0,63.0,0.5,Basic
CUST_03087,847.63,499.0,15.87,7.18,1,128.0,3.0,International
CUST_03088,1667.43,640.0,37.54,2.07,0,158.0,0.3,Unlimited
CUST_03089,950.23,704.0,27.19,1.92,0,130.0,0.0,Unlimited
CUST_03090,263.49,260.0,9.59,0.22,1,161.0,0.0,Postpaid
CUST_03091,245.86,247.0,10.61,0.38,0,131.0,4.0,Postpaid
CUST_03092,314.12,364.0,12.8,0.42,0,114.0,5.5,Standard
CUST_03093,361.45,263.0,8.44,1.15,2,84.0,34.4,Standard
CUST_03094,189.85,83.0,1.74,0.15,1,77.0,0.4,Basic
CUST_03095,316.93,208.0,9.77,0.63,1,118.0,11.0,Basic
CUST_03096,311.26,231.0,5.67,0.73,2,160.0,3.2,Basic
CUST_03097,300.97,319.0,7.47,0.29,0,129.0,0.2,Standard
CUST_03098,636.74,511.0,14.09,7.12,0,174.0,4.1,International
CUST_03099,602.11,347.0,10.28,10.54,0,50.0,0.3,International
CUST_03100,105.43,120.0,1.88,0.11,0,50.0,1.2,Basic
CUST_03101,27.2,308.0,9.18,0.37,0,59.0,6.7,Standard
CUST_03102,1159.63,522.0,50.19,3.02,1,203.0,0.2,Unlimited
CUST_03103,804.52,209.0,70.03,0.93,0,105.0,0.2,Unlimited
CUST_03104,443.92,420.0,9.04,0.41,0,129.0,1.9,Standard
CUST_03105,126.12,105.0,1.87,0.08,1,49.0,0.2,Basic
CUST_03106,237.36,274.0,11.49,0.29,0,222.0,0.3,Standard
CUST_03107,302.5,293.0,8.55,0.33,0,155.0,0.2,Standard
CUST_03108,1137.5,740.0,42.98,1.75,1,114.0,,Unlimited
CUST_03109,1071.93,390.0,41.02,1.03,0,263.0,0.2,Premium
CUST_03110,304.78,250.0,3.05,0.47,2,155.0,3.2,Standard
CUST_03111,192.08,100.0,2.48,0.06,0,57.0,1.9,Basic
CUST_03112,231.61,100.0,1.83,0.14,0,45.0,0.6,Basic
CUST_03113,761.57,262.0,71.44,0.94,0,81.0,3.1,Data Plan
CUST_03114,396.77,191.0,5.69,0.36,4,85.0,12.5,Standard
CUST_03115,790.78,446.0,11.52,7.19,1,41.0,0.2,International
CUST_03116,801.45,212.0,71.6,0.81,0,75.0,0.2,Data Plan
CUST_03117,1289.58,809.0,62.13,0.76,1,166.0,0.6,Unlimited
CUST_03118,217.57,103.0,3.46,0.06,1,68.0,0.6,Basic
CUST_03119,911.58,251.0,72.05,1.19,2,81.0,1.2,Data Plan
CUST_03120,159.7,97.0,2.66,0.1,0,81.0,0.4,Prepaid
CUST_03121,695.71,345.0,71.45,0.86,1,80.0,0.5,Unlimited
CUST_03122,463.53,273.0,2.93,0.28,3,24.0,2.1,Basic
CUST_03123,826.46,137.0,44.1,1.07,0,115.0,0.3,Data Plan
CUST_03124,102.16,140.0,3.25,0.05,2,39.0,1.5,Basic
CUST_03125,958.09,198.0,71.18,1.23,1,80.0,4.0,Data Plan
CUST_03126,1305.27,563.0,62.45,1.77,0,166.0,0.0,Premium
CUST_03127,404.49,331.0,8.12,0.3,0,159.0,0.9,Standard
CUST_03128,756.85,243.0,15.68,8.25,0,38.0,3.2,International
CUST_03129,1052.28,183.0,71.27,0.4,0,97.0,3.5,Data Plan
CUST_03130,365.84,432.0,6.88,0.59,5,91.0,7.1,Basic
CUST_03131,335.41,280.0,7.91,0.23,0,165.0,3.5,Standard
CUST_03132,266.96,283.0,6.75,0.5,4,157.0,8.3,Basic
CUST_03133,347.85,357.0,10.63,0.29,0,160.0,0.2,Standard
CUST_03134,942.16,271.0,84.7,0.78,2,88.0,1.8,Data Plan
CUST_03135,397.26,23.0,1.94,48.63,1,105.0,1.0,Postpaid
CUST_03136,309.7,360.0,13.7,0.29,0,157.0,0.8,Postpaid
CUST_03137,171.67,92.0,2.98,0.09,0,74.0,1.7,Prepaid
CUST_03138,509.44,387.0,8.31,0.22,1,97.0,5.4,Standard
CUST_03139,1179.11,701.0,42.65,1.6,0,156.0,0.1,Premium
CUST_03140,952.36,142.0,70.35,1.1,1,67.0,0.9,Data Plan
CUST_03141,1218.03,225.0,68.5,0.73,1,72.0,3.1,Data Plan
CUST_03142,1203.46,547.0,41.84,3.04,0,216.0,0.2,Unlimited
CUST_03143,653.19,405.0,20.51,11.72,0,106.0,3.0,International
CUST_03144,633.51,423.0,17.21,8.16,1,81.0,1.1,International
CUST_03145,738.01,222.0,76.38,0.56,0,55.0,0.8,Unlimited
CUST_03146,496.33,403.0,13.51,0.23,0,67.0,0.2,Postpaid
CUST_03147,371.71,259.0,7.06,0.31,3,121.0,1.6,Basic
CUST_03148,179.01,367.0,6.92,0.45,3,88.0,1.2,Basic
CUST_03149,379.97,296.0,8.79,0.42,0,104.0,4.0,Standard
CUST_03150,122.83,155.0,1.64,0.09,1,32.0,1.0,Basic
CUST_03151,137.64,113.0,1.85,0.03,0,58.0,0.0,Basic
CUST_03152,398.55,338.0,8.2,0.47,1,142.0,1.1,Postpaid
CUST_03153,100.64,83.0,2.01,0.03,0,41.0,3.2,Prepaid
CUST_03154,162.86,102.0,2.58,0.13,0,19.0,2.4,Prepaid
CUST_03155,762.27,338.0,9.21,9.22,1,87.0,6.4,Standard
CUST_03156,841.45,135.0,67.64,1.09,0,75.0,3.2,Data Plan
CUST_03157,1094.11,585.0,54.74,1.33,0,240.0,0.3,Unlimited
CUST_03158,1417.53,448.0,49.29,1.82,0,216.0,0.7,Unlimited
CUST_03159,1172.97,698.0,49.08,1.4,0,225.0,0.0,Premium
CUST_03160,308.77,274.0,4.5,0.5,3,229.0,8.4,Standard
CUST_03161,850.14,273.0,78.22,0.83,0,63.0,2.9,Data Plan
CUST_03162,150.62,108.0,2.06,0.15,0,61.0,2.3,Basic
CUST_03163,991.82,338.0,20.0,9.24,0,134.0,0.7,Standard
CUST_03164,125.13,126.0,1.79,0.09,0,48.0,0.8,Basic
CUST_03165,735.2,274.0,72.5,1.01,0,73.0,2.5,Data Plan
CUST_03166,734.24,473.0,17.65,7.74,0,104.0,1.6,Standard
CUST_03167,510.16,298.0,8.95,0.33,0,144.0,1.1,Standard
CUST_03168,995.07,483.0,41.11,1.89,1,167.0,0.9,Unlimited
CUST_03169,498.07,334.0,9.24,0.25,0,139.0,0.2,Standard
CUST_03170,405.42,341.0,11.57,0.34,3,167.0,0.6,Standard
CUST_03171,1517.05,551.0,53.76,2.28,0,238.0,0.7,Premium
CUST_03172,297.27,257.0,7.89,0.32,0,200.0,1.9,Postpaid
CUST_03173,155.5,76.0,1.86,0.2,0,34.0,1.3,Basic
CUST_03174,1163.7,508.0,49.93,1.85,2,249.0,0.3,Unlimited
CUST_03175,858.98,192.0,76.37,1.33,0,88.0,6.3,Data Plan
CUST_03176,1166.41,676.0,66.38,2.69,0,178.0,0.2,Unlimited
CUST_03177,130.6,90.0,2.21,0.09,0,50.0,2.8,Prepaid
CUST_03178,229.41,226.0,5.59,0.69,3,213.0,3.8,Basic
CUST_03179,1232.48,192.0,102.14,0.59,0,45.0,2.8,Data Plan
CUST_03180,1146.86,831.0,50.36,2.1,1,181.0,0.5,Unlimited
CUST_03181,369.08,315.0,10.05,0.05,3,61.0,2.6,Basic
CUST_03182,289.41,166.0,7.08,0.59,4,93.0,8.8,Basic
CUST_03183,130.83,27.0,2.26,0.06,0,29.0,2.5,Prepaid
CUST_03184,1550.9,809.0,54.38,1.78,1,282.0,0.5,Premium
CUST_03185,938.64,240.0,74.06,1.2,2,99.0,1.7,Data Plan
CUST_03186,1437.02,327.0,33.05,2.53,0,251.0,0.6,Premium
CUST_03187,675.51,287.0,82.77,0.26,0,102.0,1.9,Data Plan
CUST_03188,1406.85,595.0,28.13,1.76,1,142.0,0.0,Unlimited
CUST_03189,253.43,389.0,12.0,0.24,3,92.0,6.5,Basic
CUST_03190,617.07,395.0,,8.8,1,130.0,0.4,International
CUST_03191,981.14,252.0,84.44,1.14,0,43.0,4.9,Data Plan
CUST_03192,381.13,232.0,1.99,0.39,4,100.0,11.1,Basic
CUST_03193,850.34,747.0,49.71,1.28,0,245.0,1.2,Premium
CUST_03194,904.19,137.0,93.51,1.49,0,68.0,0.2,Data Plan
CUST_03195,153.19,66.0,1.92,0.05,0,56.0,0.1,Basic
CUST_03196,307.48,300.0,11.98,0.11,1,108.0,6.9,Postpaid
CUST_03197,871.79,166.0,78.58,0.71,0,88.0,3.1,Unlimited
CUST_03198,440.83,218.0,16.83,,4,95.0,5.5,Basic
CUST_03199,142.21,79.0,1.89,0.06,0,63.0,0.3,Prepaid
CUST_03200,1122.89,272.0,79.85,1.17,0,58.0,1.1,Data Plan
CUST_03201,150.39,60.0,2.0,0.09,0,41.0,1.8,Prepaid
CUST_03202,960.2,348.0,13.36,7.76,0,95.0,2.1,International
CUST_03203,1090.13,184.0,53.5,0.95,0,88.0,0.1,Data Plan
CUST_03204,386.91,288.0,8.53,0.24,2,164.0,0.5,Standard
CUST_03205,175.02,81.0,2.37,0.15,0,28.0,0.8,Basic
CUST_03206,807.25,357.0,,7.96,0,109.0,1.8,International
CUST_03207,1077.79,165.0,66.58,0.74,0,83.0,0.4,Data Plan
CUST_03208,1050.12,220.0,120.17,1.17,0,72.0,0.6,Data Plan
CUST_03209,241.31,316.0,12.72,0.29,0,176.0,3.4,Standard
CUST_03210,1225.64,315.0,35.58,2.33,0,230.0,0.3,Premium
CUST_03211,418.3,273.0,9.22,0.9,4,136.0,11.4,Standard
CUST_03212,468.37,197.0,11.98,0.42,3,167.0,14.6,Basic
CUST_03213,179.06,108.0,2.71,0.1,0,63.0,0.0,Basic
CUST_03214,1131.52,722.0,52.07,2.61,1,155.0,0.5,Unlimited
CUST_03215,741.22,261.0,54.01,0.83,1,79.0,1.2,Data Plan
CUST_03216,899.48,185.0,81.26,1.14,0,81.0,0.9,Unlimited
CUST_03217,245.61,278.0,9.98,0.35,3,162.0,0.2,Basic
CUST_03218,61.79,72.0,2.0,0.13,0,54.0,1.5,Basic
CUST_03219,412.51,316.0,11.44,0.23,0,154.0,0.1,Postpaid
CUST_03220,169.16,112.0,2.08,0.13,0,21.0,2.3,Prepaid
CUST_03221,483.44,350.0,9.04,0.5,0,234.0,1.9,Postpaid
CUST_03222,203.93,106.0,2.36,0.14,0,41.0,0.6,Basic
CUST_03223,1155.52,657.0,55.83,1.54,1,242.0,0.8,Unlimited
CUST_03224,511.5,335.0,10.22,0.3,0,119.0,3.1,Standard
CUST_03225,979.95,612.0,53.55,2.28,0,206.0,1.0,Premium
CUST_03226,421.78,264.0,10.0,0.24,0,216.0,1.1,Postpaid
CUST_03227,477.05,227.0,7.58,0.16,0,95.0,0.2,Standard
CUST_03228,1601.71,802.0,50.85,1.77,0,279.0,0.6,Premium
CUST_03229,116.9,135.0,1.99,0.04,0,42.0,0.2,Prepaid
CUST_03230,853.81,332.0,88.83,1.27,0,52.0,1.4,Unlimited
CUST_03231,885.3,429.0,8.29,11.33,1,60.0,2.2,International
CUST_03232,394.31,358.0,7.75,0.4,0,221.0,0.3,Postpaid
CUST_03233,934.94,141.0,61.87,0.84,0,70.0,0.7,Data Plan
CUST_03234,452.61,276.0,11.69,0.13,0,166.0,1.2,Postpaid
CUST_03235,206.05,202.0,11.56,0.56,5,149.0,1.8,Basic
CUST_03236,913.62,181.0,76.68,1.07,1,60.0,0.0,Data Plan
CUST_03237,304.91,152.0,10.16,0.69,1,93.0,3.5,Basic
CUST_03238,866.18,169.0,70.78,0.79,1,82.0,3.2,Data Plan
CUST_03239,886.01,196.0,105.34,1.48,1,66.0,0.7,Data Plan
CUST_03240,166.17,120.0,2.84,0.12,0,52.0,1.3,Basic
CUST_03241,377.68,239.0,13.57,0.17,1,83.0,,Postpaid
CUST_03242,402.57,315.0,10.0,0.17,0,143.0,6.0,Postpaid
CUST_03243,429.96,301.0,7.3,0.24,0,185.0,3.8,Postpaid
CUST_03244,379.21,201.0,9.92,0.23,0,162.0,0.7,Standard
CUST_03245,160.39,142.0,2.56,0.06,1,58.0,5.0,Basic
CUST_03246,365.28,251.0,4.93,0.37,3,137.0,1.2,Basic
CUST_03247,167.79,108.0,1.9,0.13,0,46.0,2.3,Basic
CUST_03248,428.8,310.0,5.93,0.4,0,153.0,1.3,Standard
CUST_03249,1265.99,734.0,73.67,1.94,1,218.0,1.3,Premium
CUST_03250,178.51,91.0,1.69,0.11,0,47.0,0.4,Basic
CUST_03251,426.95,281.0,,0.29,1,100.0,0.3,Standard
CUST_03252,206.9,69.0,1.88,0.09,0,59.0,1.0,Basic
CUST_03253,902.29,294.0,13.96,7.42,0,157.0,0.4,Standard
CUST_03254,1575.49,449.0,63.5,1.94,1,246.0,0.6,Unlimited
CUST_03255,264.77,283.0,11.07,0.2,0,190.0,2.6,Postpaid
CUST_03256,990.93,192.0,95.66,0.81,0,78.0,1.0,Data Plan
CUST_03257,1099.93,647.0,61.57,1.73,0,173.0,1.2,Unlimited
CUST_03258,449.41,252.0,8.34,0.29,0,123.0,2.4,Postpaid
CUST_03259,349.76,319.0,9.8,0.2,0,204.0,1.3,Postpaid
CUST_03260,240.93,242.0,8.04,0.34,2,157.0,2.8,Basic
CUST_03261,1046.76,324.0,60.54,1.42,0,87.0,0.2,Data Plan
CUST_03262,689.07,250.0,71.73,0.95,0,91.0,0.2,Unlimited
CUST_03263,1156.4,758.0,53.0,2.64,0,116.0,0.5,Premium
CUST_03264,448.99,124.0,4.84,0.82,0,106.0,26.3,Standard
CUST_03265,1202.32,660.0,59.89,1.7,0,176.0,0.1,Unlimited
CUST_03266,433.49,266.0,9.3,0.31,0,119.0,0.8,Postpaid
CUST_03267,684.38,405.0,16.06,5.76,1,88.0,2.8,International
CUST_03268,1048.6,679.0,57.44,1.78,0,231.0,0.2,Unlimited
CUST_03269,372.98,230.0,9.29,0.24,5,98.0,0.5,Basic
CUST_03270,855.25,548.0,43.37,2.3,0,191.0,0.5,Premium
CUST_03271,319.7,247.0,14.31,0.48,3,129.0,4.6,Standard
CUST_03272,303.26,204.0,8.79,0.7,2,113.0,4.1,Basic
CUST_03273,181.75,128.0,2.05,0.17,0,61.0,0.5,Basic
CUST_03274,759.07,363.0,14.45,7.3,0,112.0,6.5,Standard
CUST_03275,950.22,175.0,14.55,6.86,0,72.0,0.4,International
CUST_03276,326.09,329.0,8.52,0.29,0,144.0,2.9,Standard
CUST_03277,121.05,114.0,2.18,0.06,1,36.0,0.3,Basic
CUST_03278,284.45,229.0,11.07,0.38,1,144.0,0.9,Postpaid
CUST_03279,107.54,109.0,1.25,0.07,0,58.0,1.0,Prepaid
CUST_03280,854.15,137.0,75.77,0.39,0,83.0,2.4,Data Plan
CUST_03281,455.27,350.0,8.82,0.23,0,179.0,3.1,Postpaid
CUST_03282,367.65,330.0,7.35,0.26,0,158.0,2.0,Standard
CUST_03283,1424.27,655.0,46.49,1.45,0,207.0,0.4,Unlimited
CUST_03284,1519.34,472.0,61.67,1.27,0,135.0,0.3,Unlimited
CUST_03285,15.44,317.0,14.63,7.29,0,172.0,2.3,International
CUST_03286,676.87,198.0,83.21,1.06,0,64.0,3.5,Data Plan
CUST_03287,323.47,223.0,11.88,0.43,1,140.0,3.0,Standard
CUST_03288,266.82,332.0,7.52,0.56,2,140.0,0.2,Basic
CUST_03289,326.57,323.0,10.72,0.71,6,75.0,39.3,Standard
CUST_03290,723.84,391.0,9.93,8.28,0,106.0,5.3,International
CUST_03291,885.19,217.0,89.13,1.07,0,93.0,0.2,Data Plan
CUST_03292,475.04,260.0,11.08,0.45,1,117.0,0.5,Standard
CUST_03293,167.66,67.0,1.99,0.06,1,48.0,0.7,Prepaid
CUST_03294,295.99,321.0,4.27,0.8,2,134.0,1.4,Basic
CUST_03295,483.92,395.0,11.41,0.4,0,240.0,1.3,Postpaid
CUST_03296,122.18,75.0,1.12,0.12,0,21.0,0.4,Basic
CUST_03297,1149.82,179.0,81.28,0.87,0,78.0,1.5,Data Plan
CUST_03298,841.6,451.0,15.15,10.1,1,114.0,0.6,International
CUST_03299,850.05,185.0,58.01,0.9,0,70.0,0.0,Unlimited
CUST_03300,853.68,161.0,110.35,0.53,0,37.0,0.0,Unlimited
CUST_03301,204.34,244.0,13.08,0.28,1,208.0,23.3,Basic
CUST_03302,1339.13,587.0,36.54,2.07,0,118.0,0.4,Unlimited
CUST_03303,730.5,271.0,110.43,1.24,0,123.0,0.3,Unlimited
CUST_03304,441.58,301.0,12.51,0.32,0,114.0,1.0,Postpaid
CUST_03305,952.4,456.0,18.27,9.57,2,72.0,3.0,Standard
CUST_03306,1129.39,509.0,66.43,3.33,0,159.0,0.1,Unlimited
CUST_03307,966.89,252.0,51.6,1.69,0,100.0,2.4,Data Plan
CUST_03308,484.77,318.0,8.67,0.24,0,171.0,0.2,Postpaid
CUST_03309,1410.22,747.0,,2.27,0,125.0,1.0,Premium
CUST_03310,951.2,170.0,75.19,1.17,0,101.0,1.7,Data Plan
CUST_03311,440.7,388.0,13.13,0.32,0,153.0,0.3,Standard
CUST_03312,813.97,419.0,12.42,9.69,0,91.0,5.6,International
CUST_03313,168.24,96.0,2.53,0.05,0,60.0,0.2,Prepaid
CUST_03314,1185.16,163.0,55.25,0.88,0,68.0,1.6,Unlimited
CUST_03315,190.21,366.0,7.69,0.62,5,177.0,6.2,Basic
CUST_03316,296.34,311.0,4.8,0.32,3,145.0,5.6,Basic
CUST_03317,1171.76,656.0,63.45,2.31,0,273.0,1.2,Premium
CUST_03318,454.05,291.0,9.43,0.18,1,139.0,1.6,Standard
CUST_03319,1557.0,525.0,55.64,2.79,0,226.0,1.7,Unlimited
CUST_03320,1034.94,325.0,96.94,0.65,2,79.0,0.5,Data Plan
CUST_03321,1408.43,663.0,61.33,1.37,1,244.0,0.2,Unlimited
CUST_03322,363.69,233.0,13.78,0.8,1,122.0,15.6,Basic
CUST_03323,166.3,132.0,2.39,0.06,0,31.0,1.9,Basic
CUST_03324,426.05,301.0,10.34,0.31,0,148.0,,Standard
CUST_03325,1314.37,764.0,32.92,2.66,0,213.0,0.2,Premium
CUST_03326,452.11,320.0,7.45,0.22,2,231.0,5.9,Standard
CUST_03327,74.09,124.0,2.34,0.05,0,49.0,1.5,Basic
CUST_03328,345.39,244.0,9.38,0.15,1,146.0,0.2,Standard
CUST_03329,298.34,216.0,9.06,0.37,0,138.0,0.6,Postpaid
CUST_03330,352.2,172.0,5.32,0.48,0,153.0,12.0,Basic
CUST_03331,379.42,215.0,9.01,0.6,0,89.0,0.4,Standard
CUST_03332,367.12,94.0,13.66,0.61,0,105.0,12.9,Standard
CUST_03333,338.47,128.0,5.86,0.21,2,60.0,3.4,Basic
CUST_03334,469.15,271.0,12.37,0.38,2,199.0,1.7,Standard
CUST_03335,773.35,110.0,81.66,0.84,0,80.0,2.2,Data Plan
CUST_03336,1371.99,742.0,54.94,1.82,0,203.0,0.5,Unlimited
CUST_03337,690.39,309.0,18.02,6.06,0,98.0,1.0,International
CUST_03338,304.19,93.0,6.34,0.37,4,118.0,14.3,Basic
CUST_03339,378.02,395.0,11.25,0.35,2,199.0,0.1,Postpaid
CUST_03340,462.3,367.0,11.08,0.1,1,143.0,1.9,Standard
CUST_03341,386.63,294.0,9.51,0.62,2,83.0,0.0,Basic
CUST_03342,254.39,313.0,4.04,,2,66.0,5.2,Standard
CUST_03343,1118.4,201.0,94.47,1.12,1,124.0,2.5,Data Plan
CUST_03344,140.72,56.0,1.2,0.09,0,39.0,1.1,Basic
CUST_03345,1333.36,694.0,59.62,1.35,0,169.0,0.2,Unlimited
CUST_03346,1412.31,637.0,64.24,1.93,0,196.0,0.7,Premium
CUST_03347,1162.96,590.0,39.53,2.66,0,231.0,0.4,Premium
CUST_03348,1463.53,753.0,39.98,2.56,0,124.0,0.4,Premium
CUST_03349,1179.56,708.0,47.62,2.05,0,213.0,0.9,Premium
CUST_03350,397.72,269.0,8.34,0.63,3,114.0,18.1,Standard
CUST_03351,217.52,349.0,13.0,0.33,1,134.0,1.2,Postpaid
CUST_03352,132.55,58.0,2.38,0.06,0,48.0,1.6,Basic
CUST_03353,957.47,361.0,11.4,8.07,2,140.0,0.4,International
CUST_03354,1168.34,430.0,52.38,1.64,0,215.0,0.1,Unlimited
CUST_03355,1135.48,607.0,58.01,2.23,0,165.0,0.1,Unlimited
CUST_03356,143.91,86.0,1.97,0.06,0,42.0,0.5,Prepaid
CUST_03357,372.66,305.0,12.05,0.22,2,183.0,2.5,Standard
CUST_03358,1262.1,574.0,49.49,1.87,1,175.0,0.2,Premium
CUST_03359,434.48,293.0,10.39,0.13,0,92.0,3.2,Standard
CUST_03360,115.47,145.0,1.61,0.15,0,24.0,1.1,Basic
CUST_03361,1065.64,439.0,50.9,2.13,0,143.0,0.9,Premium
CUST_03362,1242.42,500.0,52.56,0.67,0,155.0,0.2,Unlimited
CUST_03363,428.82,250.0,7.29,0.23,0,164.0,6.3,Standard
CUST_03364,132.51,98.0,1.83,0.05,1,33.0,1.1,Basic
CUST_03365,363.98,374.0,9.08,0.33,0,105.0,0.9,Standard
CUST_03366,144.75,105.0,2.43,0.08,0,48.0,1.8,Prepaid
CUST_03367,1541.99,756.0,36.14,0.72,1,150.0,0.7,Premium
CUST_03368,446.92,228.0,8.9,0.96,5,197.0,5.3,Standard
CUST_03369,1376.45,485.0,53.73,1.74,0,118.0,0.5,Unlimited
CUST_03370,838.5,528.0,17.99,8.02,3,128.0,2.0,International
CUST_03371,159.29,119.0,2.01,0.0,0,78.0,0.1,Basic
CUST_03372,269.41,295.0,9.64,0.12,5,145.0,4.0,Basic
CUST_03373,381.62,371.0,8.62,0.19,0,200.0,2.0,Postpaid
CUST_03374,122.3,144.0,2.55,0.14,0,53.0,0.3,Basic
CUST_03375,108.6,121.0,1.86,0.09,0,27.0,0.1,Basic
CUST_03376,501.54,258.0,10.67,0.33,1,136.0,1.4,Standard
CUST_03377,483.69,231.0,7.94,0.47,0,152.0,2.2,Postpaid
CUST_03378,369.63,304.0,8.5,0.33,0,180.0,0.6,Standard
CUST_03379,148.12,119.0,1.5,0.13,0,54.0,1.4,Basic
CUST_03380,300.57,321.0,7.46,0.74,2,157.0,5.7,Standard
CUST_03381,361.67,256.0,6.65,0.31,0,117.0,0.3,Standard
CUST_03382,826.95,223.0,98.81,1.09,0,81.0,1.2,Unlimited
CUST_03383,1070.03,207.0,66.12,0.69,1,67.0,1.5,Data Plan
CUST_03384,811.16,17.0,0.88,48.33,1,131.0,1.5,International
CUST_03385,462.27,266.0,5.96,0.44,1,180.0,0.5,Standard
CUST_03386,1015.69,589.0,36.56,2.3,2,137.0,1.1,Premium
CUST_03387,543.28,130.0,11.5,0.42,4,131.0,13.8,Basic
CUST_03388,312.52,306.0,14.51,0.36,0,91.0,1.3,Postpaid
CUST_03389,981.03,667.0,49.46,1.03,0,166.0,0.2,Premium
CUST_03390,184.74,31.0,1.56,31.93,0,40.0,1.7,Basic
CUST_03391,181.41,95.0,2.19,0.06,1,59.0,1.0,Basic
CUST_03392,388.54,282.0,10.68,0.18,0,132.0,1.9,Standard
CUST_03393,1303.4,534.0,46.76,2.44,0,279.0,0.6,Premium
CUST_03394,337.17,358.0,8.43,0.44,0,190.0,0.4,Standard
CUST_03395,170.95,114.0,2.37,0.14,0,76.0,0.5,Prepaid
CUST_03396,326.15,265.0,9.64,0.29,0,138.0,0.7,Standard
CUST_03397,447.64,253.0,10.18,0.12,0,139.0,1.4,Standard
CUST_03398,116.83,65.0,1.68,0.18,2,70.0,0.4,Basic
CUST_03399,477.4,312.0,9.68,0.44,0,206.0,1.9,Standard
CUST_03400,906.04,221.0,22.09,4.07,1,53.0,5.3,International
CUST_03401,429.44,380.0,8.51,0.25,3,109.0,31.5,Basic
CUST_03402,130.44,90.0,2.37,0.07,0,43.0,0.1,Basic
CUST_03403,836.97,95.0,47.86,0.62,2,49.0,2.9,Data Plan
CUST_03404,716.08,536.0,14.12,7.05,0,70.0,0.7,International
CUST_03405,381.62,204.0,8.88,0.64,4,139.0,5.5,Standard
CUST_03406,157.45,84.0,2.6,0.11,0,49.0,0.6,Basic
CUST_03407,834.79,178.0,98.06,0.85,0,73.0,3.4,Data Plan
CUST_03408,436.06,296.0,11.95,0.24,0,165.0,6.3,Standard
CUST_03409,362.01,388.0,11.48,0.27,2,129.0,0.1,Postpaid
CUST_03410,552.94,246.0,11.73,0.15,1,140.0,0.6,Postpaid
CUST_03411,183.29,79.0,1.7,0.15,0,45.0,0.3,Basic
CUST_03412,388.91,287.0,11.86,,0,155.0,10.6,Postpaid
CUST_03413,1351.18,583.0,37.58,1.21,0,237.0,1.0,Unlimited
CUST_03414,194.4,83.0,1.52,0.05,0,47.0,0.0,Basic
CUST_03415,741.14,545.0,11.65,6.13,0,83.0,4.1,Standard
CUST_03416,288.26,295.0,8.47,0.18,0,148.0,0.2,Standard
CUST_03417,338.92,302.0,13.76,0.31,0,150.0,2.6,Postpaid
CUST_03418,470.34,292.0,15.89,0.35,1,159.0,6.2,Postpaid
CUST_03419,249.69,272.0,7.94,0.43,6,126.0,12.0,Standard
CUST_03420,987.41,182.0,80.46,1.38,0,46.0,1.3,Unlimited
CUST_03421,206.85,292.0,11.24,0.43,1,127.0,8.2,Standard
CUST_03422,1160.21,576.0,54.98,2.0,1,252.0,,Unlimited
CUST_03423,835.45,180.0,85.14,1.2,0,63.0,0.8,Data Plan
CUST_03424,388.24,299.0,11.78,0.37,0,201.0,2.0,Standard
CUST_03425,765.58,216.0,61.63,1.28,0,99.0,2.8,Unlimited
CUST_03426,509.18,343.0,8.84,0.2,2,122.0,3.2,Postpaid
CUST_03427,126.37,98.0,2.4,0.09,0,70.0,0.3,Basic
CUST_03428,383.96,290.0,12.13,0.28,1,182.0,0.2,Standard
CUST_03429,876.24,162.0,55.29,1.27,0,101.0,2.8,Data Plan
CUST_03430,784.71,158.0,65.17,0.61,1,68.0,1.4,Data Plan
CUST_03431,320.72,294.0,8.9,0.49,3,106.0,16.1,Standard
CUST_03432,470.4,318.0,10.89,0.29,1,172.0,5.8,Postpaid
CUST_03433,972.87,178.0,94.21,0.53,0,82.0,0.4,Unlimited
CUST_03434,1126.61,678.0,39.25,1.95,0,132.0,1.5,Unlimited
CUST_03435,862.9,154.0,81.1,0.8,0,87.0,0.3,Data Plan
CUST_03436,150.38,306.0,5.94,0.08,1,101.0,0.7,Postpaid
CUST_03437,190.62,75.0,1.52,0.04,0,53.0,2.5,Basic
CUST_03438,140.84,75.0,1.89,,0,52.0,0.1,Basic
CUST_03439,783.9,517.0,58.23,1.95,0,259.0,1.0,Unlimited
CUST_03440,122.72,120.0,1.93,0.11,1,43.0,2.8,Basic
CUST_03441,256.55,292.0,11.12,0.28,1,97.0,2.6,Standard
CUST_03442,665.07,127.0,71.36,0.64,0,70.0,2.1,Data Plan
CUST_03443,485.58,194.0,7.18,0.21,3,135.0,1.9,Basic
CUST_03444,152.01,106.0,2.54,0.08,0,54.0,1.7,Basic
CUST_03445,178.59,106.0,2.8,0.11,0,31.0,1.0,Basic
CUST_03446,395.19,365.0,7.23,0.27,0,206.0,0.4,Standard
CUST_03447,190.47,318.0,4.9,0.35,2,166.0,6.4,Standard
CUST_03448,898.01,169.0,63.32,1.31,1,80.0,2.0,Data Plan
CUST_03449,278.52,236.0,14.11,0.13,0,130.0,4.1,Standard
CUST_03450,436.08,344.0,10.72,0.44,0,114.0,0.7,Standard
CUST_03451,573.99,369.0,10.93,0.26,0,159.0,1.2,Postpaid
CUST_03452,478.33,277.0,10.61,0.6,3,113.0,0.7,Standard
CUST_03453,857.87,255.0,72.39,0.96,0,57.0,1.3,Data Plan
CUST_03454,399.55,230.0,9.36,0.36,4,196.0,1.2,Standard
CUST_03455,143.43,99.0,1.71,0.08,0,67.0,2.6,Basic
CUST_03456,437.71,238.0,8.6,0.42,1,130.0,2.8,Standard
CUST_03457,879.93,247.0,77.21,1.09,0,100.0,1.8,Data Plan
CUST_03458,162.76,132.0,2.44,0.17,0,48.0,0.6,Basic
CUST_03459,1023.87,274.0,83.84,1.51,0,78.0,3.0,Data Plan
CUST_03460,195.04,103.0,2.58,0.13,17,72.0,39.8,Prepaid
CUST_03461,151.42,93.0,1.68,0.14,0,46.0,0.3,Basic
CUST_03462,440.4,294.0,11.9,0.31,1,161.0,1.6,Standard
CUST_03463,1223.54,652.0,58.82,2.88,0,145.0,0.3,Unlimited
CUST_03464,983.82,252.0,75.13,1.12,0,78.0,0.4,Unlimited
CUST_03465,870.33,246.0,70.12,1.08,1,116.0,0.4,Unlimited
CUST_03466,144.99,157.0,2.34,0.08,0,33.0,0.6,Prepaid
CUST_03467,956.61,371.0,14.1,8.64,0,103.0,9.0,International
CUST_03468,353.83,252.0,12.7,0.33,2,117.0,1.7,Postpaid
CUST_03469,943.25,110.0,66.86,0.8,0,81.0,0.7,Data Plan
CUST_03470,310.94,317.0,8.11,0.35,1,97.0,0.1,Postpaid
CUST_03471,715.65,182.0,69.16,1.4,0,90.0,0.0,Data Plan
CUST_03472,372.55,364.0,14.05,0.31,0,154.0,0.5,Postpaid
CUST_03473,183.8,141.0,1.65,0.14,1,35.0,1.9,Basic
CUST_03474,166.97,27.0,2.49,0.05,0,53.0,0.0,Basic
CUST_03475,140.72,108.0,1.95,0.11,0,53.0,0.1,Prepaid
CUST_03476,1018.24,150.0,67.4,1.21,0,87.0,1.6,Data Plan
CUST_03477,610.75,579.0,14.55,5.96,0,118.0,5.2,Standard
CUST_03478,468.15,211.0,9.68,0.33,1,162.0,1.3,Postpaid
CUST_03479,424.51,273.0,9.46,0.19,1,159.0,1.0,Postpaid
CUST_03480,146.06,90.0,2.02,0.13,0,65.0,1.1,Basic
CUST_03481,1492.63,812.0,71.98,1.85,0,206.0,0.2,Premium
CUST_03482,420.04,429.0,12.64,0.19,1,184.0,4.1,Standard
CUST_03483,138.45,78.0,2.09,0.15,0,55.0,2.4,Prepaid
CUST_03484,941.78,702.0,37.21,2.38,0,150.0,0.1,Unlimited
CUST_03485,1223.31,653.0,58.85,2.77,0,132.0,0.0,Unlimited
CUST_03486,1168.53,466.0,30.81,2.4,2,128.0,1.3,Unlimited
CUST_03487,132.73,95.0,2.19,0.07,1,40.0,2.2,Basic
CUST_03488,494.4,247.0,13.78,0.37,1,158.0,1.3,Postpaid
CUST_03489,807.33,322.0,11.49,7.05,1,140.0,3.4,International
CUST_03490,385.91,126.0,6.6,0.36,4,100.0,17.8,Basic
CUST_03491,482.65,368.0,8.97,0.39,0,221.0,0.2,Standard
CUST_03492,774.32,404.0,15.95,8.75,0,93.0,1.1,Standard
CUST_03493,327.94,266.0,6.43,0.29,0,179.0,2.9,Postpaid
CUST_03494,158.66,82.0,1.85,0.0,0,45.0,0.1,Basic
CUST_03495,756.45,171.0,69.23,1.1,1,53.0,0.4,Unlimited
CUST_03496,138.37,92.0,1.16,0.15,0,79.0,1.7,Basic
CUST_03497,922.46,332.0,15.39,5.96,1,84.0,2.1,Standard
CUST_03498,222.56,146.0,10.64,0.5,2,155.0,15.8,Standard
CUST_03499,1205.06,669.0,51.66,2.44,0,169.0,0.1,Premium
CUST_03500,398.56,241.0,10.49,0.0,2,138.0,1.3,Basic
CUST_03501,1282.3,579.0,54.07,1.0,0,241.0,0.0,Premium
CUST_03502,1045.51,197.0,90.11,0.81,0,63.0,1.5,Data Plan
CUST_03503,855.27,337.0,21.21,11.49,0,95.0,9.9,International
CUST_03504,1196.9,494.0,57.75,2.93,0,205.0,0.3,Unlimited
CUST_03505,191.06,113.0,1.43,0.13,0,47.0,0.1,Basic
CUST_03506,124.6,89.0,1.79,0.1,0,29.0,0.8,Basic
CUST_03507,1343.52,548.0,43.8,1.51,0,222.0,0.3,Unlimited
CUST_03508,349.03,283.0,9.81,0.33,0,183.0,4.5,Standard
CUST_03509,128.54,53.0,2.14,0.14,0,59.0,0.3,Basic
CUST_03510,287.41,351.0,10.42,0.74,2,86.0,4.3,Basic
CUST_03511,317.26,57.0,10.27,0.6,1,133.0,5.1,Standard
CUST_03512,482.51,318.0,10.54,0.32,0,131.0,0.9,Standard
CUST_03513,136.23,104.0,1.15,0.08,0,61.0,1.5,Prepaid
CUST_03514,542.68,473.0,6.53,0.21,0,198.0,0.2,Postpaid
CUST_03515,822.26,42.0,1.98,47.52,1,108.0,0.3,Unlimited
CUST_03516,831.29,438.0,11.88,7.42,1,136.0,6.5,Standard
CUST_03517,610.54,294.0,14.05,7.87,2,106.0,1.3,International
CUST_03518,80.94,159.0,2.64,0.08,0,42.0,0.6,Prepaid
CUST_03519,342.04,198.0,9.53,0.29,2,135.0,0.3,Postpaid
CUST_03520,163.43,92.0,1.81,0.1,0,82.0,1.7,Basic
CUST_03521,1071.44,172.0,73.57,0.87,0,76.0,0.6,Data Plan
CUST_03522,134.52,167.0,1.97,0.05,0,44.0,0.8,Basic
CUST_03523,97.18,117.0,2.21,0.12,1,47.0,2.9,Basic
CUST_03524,326.76,312.0,0.0,0.56,9,113.0,0.7,Standard
CUST_03525,117.67,85.0,2.21,0.12,1,39.0,0.3,Basic
CUST_03526,395.65,257.0,7.56,0.74,4,187.0,5.5,Basic
CUST_03527,148.08,102.0,2.07,0.11,0,55.0,1.0,Prepaid
CUST_03528,1483.78,532.0,42.29,1.88,0,225.0,0.0,Unlimited
CUST_03529,1089.44,238.0,71.73,0.76,1,64.0,1.7,Unlimited
CUST_03530,260.57,402.0,9.21,0.06,1,162.0,0.7,Postpaid
CUST_03531,445.23,277.0,8.73,0.54,2,134.0,4.5,Basic
CUST_03532,885.32,269.0,88.33,0.92,0,73.0,0.5,Data Plan
CUST_03533,821.86,328.0,16.2,6.25,1,102.0,1.3,International
CUST_03534,1035.84,150.0,,0.89,0,99.0,4.4,Unlimited
CUST_03535,4605.62,336.0,12.62,34.25,14,157.0,1.2,Standard
CUST_03536,400.8,279.0,12.54,0.37,0,87.0,0.0,Standard
CUST_03537,374.55,181.0,2.18,0.83,4,125.0,0.6,Basic
CUST_03538,1078.21,201.0,81.08,0.52,0,103.0,0.6,Unlimited
CUST_03539,872.73,405.0,13.18,9.06,1,112.0,5.7,Standard
CUST_03540,894.73,166.0,81.76,0.75,0,82.0,1.0,Data Plan
CUST_03541,436.38,231.0,14.64,0.52,1,192.0,0.4,Standard
CUST_03542,375.98,203.0,,0.4,5,136.0,0.9,Standard
CUST_03543,1159.42,163.0,86.81,1.21,0,58.0,0.9,Data Plan
CUST_03544,556.7,289.0,9.4,0.38,0,158.0,4.1,Standard
CUST_03545,518.74,279.0,12.1,0.23,0,122.0,1.3,Standard
CUST_03546,130.69,94.0,2.08,0.15,0,53.0,0.0,Prepaid
CUST_03547,1528.52,733.0,53.24,0.89,0,275.0,0.1,Unlimited
CUST_03548,407.45,300.0,8.5,0.46,0,103.0,1.8,Standard
CUST_03549,1019.05,420.0,69.68,1.61,0,202.0,0.7,Unlimited
CUST_03550,205.97,91.0,2.26,0.09,0,52.0,1.8,Prepaid
CUST_03551,224.88,296.0,7.32,0.24,2,175.0,5.0,Basic
CUST_03552,502.41,313.0,14.53,7.88,1,116.0,2.6,International
CUST_03553,375.17,325.0,9.17,0.31,0,79.0,6.3,Postpaid
CUST_03554,448.07,322.0,10.55,0.33,0,115.0,1.4,Postpaid
CUST_03555,410.31,272.0,7.94,0.45,0,149.0,0.4,Standard
CUST_03556,498.8,235.0,10.82,0.24,1,72.0,0.8,Basic
CUST_03557,457.74,399.0,9.97,0.24,0,188.0,1.6,Standard
CUST_03558,919.71,195.0,86.51,1.42,1,56.0,2.9,Unlimited
CUST_03559,1259.3,155.0,111.82,0.64,0,104.0,1.5,Data Plan
CUST_03560,322.83,328.0,10.47,0.43,2,101.0,30.3,Basic
CUST_03561,182.49,317.0,9.23,0.43,2,57.0,8.1,Standard
CUST_03562,759.05,453.0,18.52,8.02,1,118.0,0.2,International
CUST_03563,915.46,252.0,68.9,0.97,0,85.0,0.3,Unlimited
CUST_03564,914.51,304.0,113.22,1.36,0,85.0,0.5,Data Plan
CUST_03565,1379.26,671.0,44.55,1.42,1,245.0,0.6,Unlimited
CUST_03566,1362.74,565.0,44.8,2.76,0,110.0,0.5,Premium
CUST_03567,374.12,262.0,11.46,0.32,0,123.0,1.6,Postpaid
CUST_03568,208.6,286.0,11.53,0.87,2,18.0,16.6,Basic
CUST_03569,406.11,374.0,10.01,0.24,0,203.0,1.9,Standard
CUST_03570,326.14,339.0,8.96,0.22,4,120.0,1.3,Postpaid
CUST_03571,857.24,254.0,80.49,0.89,0,95.0,0.6,Data Plan
CUST_03572,510.38,282.0,9.85,0.28,0,137.0,0.5,Standard
CUST_03573,963.56,337.0,12.21,7.66,1,97.0,2.4,International
CUST_03574,1242.13,623.0,59.34,2.23,0,217.0,0.2,Premium
CUST_03575,953.2,315.0,18.03,10.83,1,136.0,1.5,International
CUST_03576,1251.28,682.0,49.53,1.8,0,218.0,0.3,Premium
CUST_03577,875.96,578.0,33.9,1.61,0,323.0,1.0,Unlimited
CUST_03578,981.3,687.0,42.87,2.94,1,218.0,2.8,Unlimited
CUST_03579,270.95,286.0,10.68,0.4,0,135.0,4.4,Postpaid
CUST_03580,1221.69,681.0,54.28,2.3,14,140.0,42.1,Premium
CUST_03581,223.66,79.0,1.74,0.12,0,45.0,0.6,Basic
CUST_03582,387.83,346.0,10.43,0.15,1,162.0,6.3,Standard
CUST_03583,157.31,59.0,2.49,0.08,0,40.0,0.5,Prepaid
CUST_03584,919.01,445.0,38.98,0.75,0,252.0,0.3,Premium
CUST_03585,823.65,219.0,92.21,1.09,0,86.0,4.0,Data Plan
CUST_03586,697.24,94.0,42.04,0.91,0,103.0,1.4,Data Plan
CUST_03587,940.54,172.0,87.16,0.84,0,107.0,3.6,Data Plan
CUST_03588,1488.71,484.0,41.02,1.53,1,198.0,0.0,Premium
CUST_03589,1052.32,658.0,54.06,2.66,1,189.0,1.5,Premium
CUST_03590,860.9,91.0,94.92,1.05,1,25.0,0.5,Data Plan
CUST_03591,164.8,105.0,1.25,0.12,0,44.0,0.5,Basic
CUST_03592,1760.44,736.0,34.25,2.83,0,245.0,0.3,Premium
CUST_03593,346.79,343.0,9.39,0.29,1,151.0,0.9,Standard
CUST_03594,493.74,305.0,10.17,0.27,1,150.0,0.4,Postpaid
CUST_03595,837.71,210.0,79.13,0.96,0,50.0,0.8,Data Plan
CUST_03596,388.0,333.0,11.76,0.23,0,160.0,4.6,Standard
CUST_03597,936.27,431.0,16.64,4.85,1,137.0,0.4,International
CUST_03598,827.77,639.0,51.71,2.78,0,254.0,0.2,Premium
CUST_03599,588.07,290.0,12.02,0.28,1,198.0,0.8,Standard
CUST_03600,356.33,252.0,15.4,0.55,2,188.0,18.6,Basic
CUST_03601,670.56,466.0,13.57,7.26,0,139.0,0.8,International
CUST_03602,396.13,261.0,11.69,0.35,1,83.0,2.9,Standard
CUST_03603,776.13,186.0,77.14,0.98,0,63.0,0.3,Data Plan
CUST_03604,438.85,257.0,9.64,0.18,10,182.0,39.3,Postpaid
CUST_03605,3695.46,152.0,1.88,18.48,8,61.0,0.9,Prepaid
CUST_03606,400.14,267.0,10.82,0.17,1,184.0,1.8,Postpaid
CUST_03607,377.48,304.0,9.99,0.22,0,163.0,2.5,Postpaid
CUST_03608,1022.06,236.0,87.81,1.08,0,81.0,0.9,Unlimited
CUST_03609,779.49,224.0,86.54,0.71,1,99.0,0.5,Unlimited
CUST_03610,346.83,187.0,10.91,0.25,0,158.0,3.7,Postpaid
CUST_03611,1117.06,401.0,11.92,4.62,0,122.0,13.7,International
CUST_03612,520.22,357.0,5.9,0.32,0,222.0,0.4,Standard
CUST_03613,748.68,295.0,14.75,9.07,0,117.0,2.4,International
CUST_03614,859.9,661.0,64.28,,0,248.0,1.5,Premium
CUST_03615,810.15,112.0,81.42,0.68,0,124.0,4.3,Data Plan
CUST_03616,148.33,136.0,3.01,0.22,0,78.0,1.3,Prepaid
CUST_03617,1020.69,188.0,79.38,1.6,0,73.0,2.8,Data Plan
CUST_03618,437.14,275.0,9.13,0.39,0,91.0,0.0,Standard
CUST_03619,468.87,311.0,7.48,0.72,5,64.0,7.2,Standard
CUST_03620,201.83,53.0,3.14,0.16,0,65.0,0.3,Basic
CUST_03621,1068.62,467.0,31.15,2.54,0,215.0,0.5,Unlimited
CUST_03622,120.72,88.0,1.88,0.09,0,56.0,1.4,Basic
CUST_03623,411.92,356.0,10.27,0.29,0,47.0,0.6,Standard
CUST_03624,304.32,11.0,1.13,25.7,0,147.0,3.2,Standard
CUST_03625,757.19,156.0,94.9,0.68,0,76.0,0.3,Data Plan
CUST_03626,187.86,79.0,2.01,0.15,1,35.0,1.4,Basic
CUST_03627,785.66,372.0,20.39,8.29,3,137.0,0.3,Standard
CUST_03628,194.26,115.0,2.02,0.05,1,55.0,0.3,Basic
CUST_03629,144.19,78.0,2.36,0.22,1,34.0,0.9,Basic
CUST_03630,1044.47,533.0,56.89,2.11,0,149.0,0.6,Unlimited
CUST_03631,826.93,26.0,0.7,46.9,0,45.0,0.2,Unlimited
CUST_03632,417.33,259.0,7.63,0.5,0,215.0,1.8,Standard
CUST_03633,1410.78,598.0,38.99,1.88,0,242.0,0.3,Unlimited
CUST_03634,181.47,127.0,1.28,0.09,0,87.0,0.1,Prepaid
CUST_03635,566.83,278.0,8.65,0.24,0,107.0,2.3,Standard
CUST_03636,1452.15,595.0,50.37,1.22,0,218.0,1.0,Unlimited
CUST_03637,406.06,357.0,6.21,0.19,2,113.0,27.1,Basic
CUST_03638,212.26,102.0,2.86,0.17,0,39.0,0.5,Prepaid
CUST_03639,532.62,305.0,10.43,0.33,2,149.0,1.2,Postpaid
CUST_03640,438.37,357.0,12.03,0.39,0,152.0,4.0,Standard
CUST_03641,5064.34,398.0,61.29,25.32,14,109.0,0.2,Premium
CUST_03642,419.97,331.0,10.84,0.36,0,163.0,0.2,Standard
CUST_03643,1185.54,817.0,51.73,2.92,0,145.0,1.8,Unlimited
CUST_03644,373.05,249.0,8.45,0.26,0,66.0,1.7,Postpaid
CUST_03645,860.26,477.0,65.87,2.23,0,158.0,0.5,Unlimited
CUST_03646,409.23,307.0,6.31,0.31,1,85.0,2.1,Standard
CUST_03647,256.93,458.0,8.62,0.22,0,177.0,0.9,Standard
CUST_03648,768.87,449.0,16.67,8.24,0,94.0,1.3,International
CUST_03649,579.67,350.0,15.31,6.05,1,88.0,4.0,Standard
CUST_03650,102.71,92.0,1.99,0.1,0,74.0,2.8,Basic
CUST_03651,304.82,242.0,13.11,0.18,1,159.0,2.0,Postpaid
CUST_03652,102.56,116.0,3.35,0.18,0,48.0,0.3,Basic
CUST_03653,385.11,353.0,8.51,0.19,0,134.0,1.3,Standard
CUST_03654,159.97,125.0,2.1,0.12,0,49.0,0.2,Basic
CUST_03655,154.82,118.0,1.47,0.07,0,42.0,2.2,Basic
CUST_03656,923.21,146.0,93.46,0.45,0,61.0,0.1,Data Plan
CUST_03657,426.04,279.0,1.94,0.63,3,130.0,4.7,Standard
CUST_03658,1171.22,536.0,58.77,1.65,0,164.0,0.2,Premium
CUST_03659,1154.71,489.0,55.95,1.24,0,248.0,0.6,Premium
CUST_03660,1023.86,711.0,38.34,1.6,0,197.0,0.9,Premium
CUST_03661,328.81,222.0,8.71,0.53,6,125.0,2.8,Basic
CUST_03662,163.34,95.0,2.06,0.13,1,58.0,0.8,Prepaid
CUST_03663,183.21,64.0,2.04,,0,49.0,1.1,Basic
CUST_03664,888.27,396.0,14.1,8.78,0,102.0,5.5,International
CUST_03665,1080.4,227.0,77.5,0.8,1,100.0,4.1,Unlimited
CUST_03666,537.08,273.0,5.14,0.38,1,89.0,1.1,Standard
CUST_03667,151.85,69.0,2.2,0.17,0,65.0,1.6,Basic
CUST_03668,163.68,150.0,1.62,0.09,0,57.0,0.2,Basic
CUST_03669,371.0,194.0,9.98,0.19,0,186.0,1.4,Standard
CUST_03670,504.06,241.0,7.15,0.21,4,226.0,6.6,Standard
CUST_03671,845.52,214.0,15.31,8.98,1,130.0,1.2,Standard
CUST_03672,172.16,59.0,1.62,0.11,0,58.0,1.7,Basic
CUST_03673,295.47,317.0,7.73,0.27,2,130.0,1.8,Standard
CUST_03674,402.95,342.0,10.79,0.26,1,157.0,0.7,Standard
CUST_03675,21.15,98.0,0.73,0.06,0,10.0,1.0,Basic
CUST_03676,448.32,356.0,11.25,0.32,1,215.0,2.5,Standard
CUST_03677,1146.74,525.0,61.37,1.73,0,177.0,0.8,Premium
CUST_03678,992.69,151.0,89.75,0.7,0,68.0,0.7,Unlimited
CUST_03679,165.89,77.0,1.4,0.09,1,79.0,0.5,Basic
CUST_03680,116.32,137.0,2.34,0.19,1,82.0,0.0,Basic
CUST_03681,117.11,82.0,1.94,0.13,0,56.0,0.9,Basic
CUST_03682,449.64,356.0,11.86,0.22,0,172.0,1.9,Standard
CUST_03683,352.43,296.0,8.98,0.05,1,212.0,2.2,Postpaid
CUST_03684,951.17,169.0,81.36,1.16,0,63.0,1.8,Data Plan
CUST_03685,900.81,154.0,66.92,1.07,0,94.0,0.3,Unlimited
CUST_03686,833.88,476.0,41.67,1.77,1,241.0,0.5,Unlimited
CUST_03687,156.42,69.0,2.58,0.13,0,39.0,1.6,Prepaid
CUST_03688,165.34,83.0,1.9,0.1,0,41.0,0.2,Basic
CUST_03689,530.69,270.0,10.08,0.35,0,145.0,0.8,Standard
CUST_03690,594.41,255.0,,0.4,2,111.0,3.0,Standard
CUST_03691,953.21,196.0,61.36,1.4,2,95.0,4.6,Data Plan
CUST_03692,423.88,243.0,13.88,0.22,1,46.0,1.0,Postpaid
CUST_03693,1055.49,440.0,46.04,2.74,0,175.0,0.5,Premium
CUST_03694,745.23,259.0,64.86,1.09,0,81.0,2.3,Data Plan
CUST_03695,215.69,90.0,2.15,0.15,0,56.0,1.1,Prepaid
CUST_03696,449.28,347.0,10.19,0.33,1,97.0,2.4,Postpaid
CUST_03697,207.21,167.0,10.32,0.47,3,89.0,2.6,Standard
CUST_03698,139.89,66.0,1.75,0.12,0,54.0,0.1,Basic
CUST_03699,162.41,117.0,1.54,0.26,0,4.0,0.7,Prepaid
CUST_03700,438.01,272.0,9.05,0.26,0,142.0,0.1,Standard
CUST_03701,510.05,321.0,11.36,0.18,0,157.0,0.5,Postpaid
CUST_03702,787.69,578.0,16.12,6.43,4,54.0,1.1,International
CUST_03703,420.83,422.0,4.35,0.34,1,143.0,0.5,Standard
CUST_03704,114.9,87.0,2.31,0.05,0,51.0,0.1,Basic
CUST_03705,140.35,51.0,2.04,0.06,0,67.0,0.9,Basic
CUST_03706,601.04,341.0,17.27,5.79,0,42.0,6.0,International
CUST_03707,154.4,111.0,2.72,0.09,0,55.0,0.3,Basic
CUST_03708,354.26,239.0,10.02,0.44,0,155.0,8.3,Standard
CUST_03709,95.94,91.0,2.19,0.11,0,47.0,2.1,Basic
CUST_03710,4952.2,253.0,8.28,15.87,13,42.0,4.4,Basic
CUST_03711,551.98,69.0,90.8,1.19,1,56.0,0.7,Data Plan
CUST_03712,147.35,90.0,2.23,0.0,1,51.0,0.0,Prepaid
CUST_03713,660.19,505.0,,5.81,3,92.0,2.2,International
CUST_03714,137.76,90.0,1.71,0.14,1,35.0,2.6,Prepaid
CUST_03715,395.83,328.0,11.59,0.32,0,142.0,1.1,Standard
CUST_03716,773.57,423.0,14.72,8.65,0,116.0,3.5,Standard
CUST_03717,348.08,401.0,7.13,0.58,0,184.0,5.8,Standard
CUST_03718,443.51,270.0,7.76,0.22,1,83.0,3.2,Standard
CUST_03719,296.86,303.0,5.12,0.4,2,198.0,28.1,Basic
CUST_03720,128.45,142.0,1.91,0.04,1,78.0,1.4,Prepaid
CUST_03721,120.95,146.0,2.87,0.0,0,40.0,0.8,Prepaid
CUST_03722,360.62,364.0,10.71,0.41,1,231.0,0.8,Postpaid
CUST_03723,186.2,93.0,2.34,0.1,0,56.0,5.7,Basic
CUST_03724,1541.36,623.0,35.39,2.19,0,226.0,0.5,Premium
CUST_03725,421.38,301.0,11.87,0.6,1,78.0,7.9,Basic
CUST_03726,997.71,635.0,37.62,2.65,1,186.0,0.1,Unlimited
CUST_03727,987.34,147.0,91.24,0.75,0,112.0,0.8,Data Plan
CUST_03728,451.23,254.0,12.17,0.2,1,86.0,0.1,Standard
CUST_03729,320.42,373.0,12.1,0.23,0,114.0,0.9,Standard
CUST_03730,274.16,161.0,9.15,0.1,3,105.0,19.6,Standard
CUST_03731,977.76,240.0,70.88,1.18,1,109.0,1.5,Data Plan
CUST_03732,1005.05,226.0,83.22,1.04,0,111.0,0.3,Unlimited
CUST_03733,383.14,289.0,9.24,0.52,5,109.0,0.1,Basic
CUST_03734,365.56,338.0,11.56,0.37,0,214.0,0.8,Standard
CUST_03735,360.33,312.0,9.39,0.37,0,149.0,0.1,Postpaid
CUST_03736,363.65,250.0,9.05,0.32,0,186.0,0.5,Standard
CUST_03737,408.45,302.0,8.09,0.35,2,143.0,0.4,Standard
CUST_03738,344.04,177.0,11.46,0.62,3,107.0,0.7,Standard
CUST_03739,431.09,285.0,11.06,0.29,0,131.0,0.2,Standard
CUST_03740,709.05,194.0,87.19,0.97,0,65.0,1.3,Unlimited
CUST_03741,915.24,681.0,47.71,1.58,0,218.0,0.1,Unlimited
CUST_03742,381.04,367.0,9.93,0.23,0,126.0,5.1,Postpaid
CUST_03743,264.98,310.0,7.89,0.77,4,196.0,29.4,Basic
CUST_03744,343.67,228.0,10.05,0.42,0,74.0,1.6,Postpaid
CUST_03745,961.63,735.0,46.53,1.23,0,262.0,0.7,Unlimited
CUST_03746,142.28,38.0,1.38,0.03,0,70.0,1.0,Prepaid
CUST_03747,253.8,191.0,10.3,0.52,3,153.0,18.2,Standard
CUST_03748,272.81,221.0,9.38,0.61,7,61.0,8.0,Basic
CUST_03749,783.71,240.0,99.24,0.88,0,55.0,0.3,Data Plan
CUST_03750,261.4,363.0,2.3,0.82,2,84.0,17.4,Standard
CUST_03751,1217.58,631.0,38.04,2.08,0,217.0,1.7,Premium
CUST_03752,887.09,604.0,52.92,2.53,2,113.0,0.0,Premium
CUST_03753,417.04,218.0,13.57,0.45,6,123.0,8.3,Basic
CUST_03754,191.21,51.0,1.48,0.11,1,68.0,0.0,Basic
CUST_03755,459.05,114.0,4.07,0.29,0,125.0,4.5,Basic
CUST_03756,366.89,351.0,9.22,0.36,1,158.0,3.1,Postpaid
CUST_03757,156.49,120.0,2.68,0.08,0,44.0,0.2,Prepaid
CUST_03758,326.82,272.0,8.31,0.63,3,110.0,16.1,Basic
CUST_03759,92.44,86.0,2.57,0.15,0,49.0,0.1,Basic
CUST_03760,909.27,541.0,48.79,1.13,0,187.0,0.2,Unlimited
CUST_03761,886.24,484.0,14.06,8.24,0,84.0,1.0,International
CUST_03762,399.41,285.0,15.41,0.27,0,125.0,3.2,Standard
CUST_03763,1362.57,576.0,61.53,0.98,1,182.0,0.2,Unlimited
CUST_03764,417.7,258.0,8.42,0.38,0,149.0,0.5,Standard
CUST_03765,1422.08,506.0,53.77,2.03,0,167.0,0.1,Premium
CUST_03766,455.58,321.0,,0.15,2,108.0,2.6,Postpaid
CUST_03767,655.52,212.0,85.34,1.2,0,78.0,1.2,Data Plan
CUST_03768,497.89,292.0,7.42,0.28,0,178.0,2.4,Postpaid
CUST_03769,325.58,354.0,9.17,0.18,0,140.0,3.7,Standard
CUST_03770,1094.06,625.0,54.87,2.58,0,201.0,1.1,Unlimited
CUST_03771,456.42,304.0,10.91,0.13,2,161.0,2.8,Standard
CUST_03772,792.16,384.0,16.03,8.35,1,108.0,4.7,International
CUST_03773,146.35,112.0,1.24,0.12,0,32.0,1.0,Basic
CUST_03774,126.82,89.0,2.93,0.1,20,60.0,59.1,Prepaid
CUST_03775,1010.72,139.0,69.69,1.09,0,109.0,0.2,Data Plan
CUST_03776,801.94,117.0,84.62,1.18,1,89.0,2.0,Data Plan
CUST_03777,282.21,257.0,10.23,0.34,5,153.0,4.6,Standard
CUST_03778,539.7,270.0,12.81,0.39,1,194.0,2.8,Standard
CUST_03779,1317.21,518.0,56.19,1.63,0,192.0,0.6,Premium
CUST_03780,948.68,223.0,7.03,8.43,0,146.0,4.5,International
CUST_03781,219.77,117.0,10.02,,2,119.0,13.9,Basic
CUST_03782,957.34,451.0,17.69,5.97,0,73.0,0.6,Standard
CUST_03783,185.08,105.0,1.94,0.12,0,49.0,1.0,Prepaid
CUST_03784,133.44,92.0,1.79,0.09,0,44.0,0.4,Basic
CUST_03785,321.56,298.0,7.1,0.27,1,130.0,1.2,Postpaid
CUST_03786,130.61,87.0,2.12,0.2,0,55.0,1.3,Basic
CUST_03787,1318.53,584.0,82.92,1.54,0,151.0,0.3,Unlimited
CUST_03788,749.77,326.0,20.41,8.44,0,126.0,3.0,Standard
CUST_03789,119.82,100.0,1.62,0.08,0,55.0,1.3,Basic
CUST_03790,187.43,145.0,2.25,0.13,0,33.0,0.1,Basic
CUST_03791,323.6,292.0,11.6,0.34,0,120.0,0.3,Standard
CUST_03792,412.96,363.0,8.32,0.3,1,179.0,0.4,Postpaid
CUST_03793,408.88,357.0,8.42,0.44,0,225.0,0.3,Standard
CUST_03794,555.62,180.0,60.29,1.23,0,112.0,2.8,Data Plan
CUST_03795,654.93,297.0,12.58,7.3,2,103.0,0.5,International
CUST_03796,420.65,136.0,6.23,0.45,2,74.0,6.6,Basic
CUST_03797,1056.7,212.0,87.43,1.15,1,76.0,2.7,Unlimited
CUST_03798,795.79,304.0,20.71,8.64,1,70.0,0.2,International
CUST_03799,917.83,134.0,85.07,0.92,3,86.0,2.1,Data Plan
CUST_03800,159.86,90.0,2.05,0.17,1,45.0,0.0,Prepaid
CUST_03801,1204.44,161.0,68.56,1.12,0,94.0,1.6,Data Plan
CUST_03802,492.2,232.0,10.09,0.35,1,136.0,2.4,Postpaid
CUST_03803,326.72,305.0,9.13,0.17,0,80.0,3.5,Standard
CUST_03804,313.13,177.0,6.69,0.97,4,116.0,1.3,Standard
CUST_03805,945.88,187.0,79.35,1.47,0,52.0,1.6,Data Plan
CUST_03806,430.02,338.0,7.76,0.25,0,125.0,1.5,Standard
CUST_03807,1053.43,579.0,53.92,1.73,0,243.0,0.0,Premium
CUST_03808,165.45,92.0,1.57,0.1,0,52.0,0.6,Prepaid
CUST_03809,256.79,448.0,10.62,0.31,0,105.0,1.0,Standard
CUST_03810,316.25,305.0,7.73,0.34,0,140.0,2.7,Standard
CUST_03811,948.11,444.0,51.53,2.3,0,166.0,0.4,Premium
CUST_03812,1047.9,106.0,89.89,0.83,0,82.0,0.6,Data Plan
CUST_03813,150.85,91.0,0.97,0.09,0,36.0,0.7,Prepaid
CUST_03814,826.01,175.0,117.23,0.62,0,53.0,0.6,Data Plan
CUST_03815,180.87,150.0,2.15,0.13,0,51.0,0.9,Basic
CUST_03816,369.73,230.0,7.01,0.27,2,151.0,2.6,Standard
CUST_03817,142.06,151.0,2.91,0.18,0,31.0,0.3,Basic
CUST_03818,1307.78,486.0,43.07,2.99,0,182.0,1.2,Premium
CUST_03819,942.66,408.0,19.69,6.69,1,165.0,4.3,International
CUST_03820,127.38,75.0,2.27,0.17,0,41.0,2.6,Basic
CUST_03821,810.08,280.0,14.3,7.77,0,96.0,3.3,International
CUST_03822,1094.78,546.0,53.58,1.76,0,204.0,0.8,Premium
CUST_03823,157.0,87.0,1.94,0.14,0,47.0,0.1,Basic
CUST_03824,436.12,251.0,4.95,0.39,3,75.0,0.0,Basic
CUST_03825,1055.92,198.0,73.0,1.08,1,96.0,1.0,Unlimited
CUST_03826,431.19,150.0,14.27,0.35,6,161.0,7.2,Basic
CUST_03827,1019.21,216.0,64.85,1.13,0,91.0,1.6,Unlimited
CUST_03828,971.06,232.0,80.68,0.41,0,63.0,0.1,Unlimited
CUST_03829,151.75,84.0,0.5,0.09,0,52.0,2.6,Basic
CUST_03830,245.42,205.0,5.55,0.41,4,139.0,4.5,Basic
CUST_03831,1093.32,338.0,15.17,7.39,1,113.0,3.9,International
CUST_03832,766.51,151.0,89.39,0.91,0,62.0,2.9,Data Plan
CUST_03833,90.05,115.0,1.44,0.1,0,53.0,1.3,Basic
CUST_03834,4717.73,126.0,2.21,16.07,12,74.0,0.0,Basic
CUST_03835,925.12,393.0,20.41,8.42,1,105.0,10.4,International
CUST_03836,477.12,180.0,9.7,0.58,5,127.0,6.8,Standard
CUST_03837,1189.16,679.0,40.09,3.51,0,188.0,1.1,Unlimited
CUST_03838,721.07,292.0,18.99,9.4,1,121.0,6.5,International
CUST_03839,381.56,283.0,10.47,0.48,0,188.0,0.3,Postpaid
CUST_03840,352.7,176.0,10.27,0.6,1,109.0,3.2,Basic
CUST_03841,517.07,263.0,10.55,0.26,1,180.0,,Standard
CUST_03842,287.2,315.0,10.91,0.42,1,120.0,0.7,Postpaid
CUST_03843,382.85,354.0,11.14,0.36,0,198.0,5.3,Standard
CUST_03844,891.44,303.0,12.29,10.3,0,104.0,2.3,International
CUST_03845,923.38,455.0,14.76,6.88,1,115.0,9.9,International
CUST_03846,1001.71,609.0,58.32,1.79,0,240.0,0.6,Premium
CUST_03847,343.43,230.0,8.41,0.36,1,114.0,3.7,Postpaid
CUST_03848,429.74,423.0,10.73,0.4,0,105.0,6.4,Postpaid
CUST_03849,400.86,341.0,12.41,0.43,0,197.0,3.8,Postpaid
CUST_03850,467.27,348.0,9.41,0.3,1,173.0,4.5,Postpaid
CUST_03851,147.84,39.0,2.09,0.06,0,41.0,0.0,Basic
CUST_03852,427.35,104.0,8.55,0.3,1,96.0,8.4,Basic
CUST_03853,153.28,82.0,2.57,0.15,0,59.0,1.0,Prepaid
CUST_03854,156.03,126.0,1.21,0.06,0,72.0,0.8,Basic
CUST_03855,5971.14,277.0,11.4,18.32,10,96.0,1.1,Postpaid
CUST_03856,466.66,278.0,10.89,0.37,1,132.0,0.4,Standard
CUST_03857,465.69,281.0,8.27,0.22,0,145.0,1.7,Standard
CUST_03858,171.25,94.0,2.61,0.08,0,50.0,0.7,Basic
CUST_03859,877.18,445.0,17.29,8.23,4,76.0,1.6,International
CUST_03860,253.5,341.0,12.0,0.37,0,132.0,0.9,Postpaid
CUST_03861,439.16,269.0,10.6,0.52,6,125.0,4.4,Basic
CUST_03862,889.55,503.0,10.52,10.38,0,79.0,1.5,International
CUST_03863,206.46,102.0,1.56,0.12,0,28.0,1.1,Basic
CUST_03864,149.27,90.0,1.83,0.06,0,52.0,2.4,Prepaid
CUST_03865,482.7,395.0,10.16,0.34,2,169.0,1.4,Postpaid
CUST_03866,163.78,68.0,1.67,0.04,0,44.0,0.3,Basic
CUST_03867,334.33,130.0,12.68,0.18,0,144.0,0.6,Postpaid
CUST_03868,377.51,266.0,10.6,0.32,2,156.0,5.7,Basic
CUST_03869,171.83,98.0,1.3,0.03,0,28.0,0.5,Basic
CUST_03870,1162.52,290.0,85.62,1.24,0,111.0,0.7,Data Plan
CUST_03871,1476.88,637.0,53.69,2.37,0,89.0,2.5,Premium
CUST_03872,817.26,300.0,86.9,1.52,1,63.0,0.2,Data Plan
CUST_03873,1245.75,676.0,39.79,1.47,0,260.0,0.6,Unlimited
CUST_03874,425.0,221.0,,0.3,1,107.0,1.5,Postpaid
CUST_03875,245.2,310.0,8.58,0.56,6,159.0,5.8,Basic
CUST_03876,398.44,130.0,10.52,0.41,0,161.0,1.0,Postpaid
CUST_03877,75.02,85.0,2.14,0.11,0,74.0,0.9,Basic
CUST_03878,1296.42,714.0,53.47,1.52,0,274.0,1.2,Premium
CUST_03879,426.43,335.0,9.02,0.46,1,153.0,3.0,Standard
CUST_03880,329.44,354.0,8.86,0.26,0,132.0,1.4,Standard
CUST_03881,964.16,221.0,62.38,1.29,1,80.0,0.8,Unlimited
CUST_03882,1028.69,324.0,13.07,6.56,1,13.0,3.6,Standard
CUST_03883,553.31,214.0,8.68,0.13,0,170.0,5.3,Postpaid
CUST_03884,242.37,67.0,1.3,0.09,0,43.0,0.1,Basic
CUST_03885,166.24,111.0,2.08,0.07,1,53.0,0.6,Basic
CUST_03886,467.03,178.0,12.77,0.48,1,172.0,0.1,Standard
CUST_03887,1264.72,427.0,53.68,1.31,0,289.0,0.2,Unlimited
CUST_03888,448.5,260.0,8.99,0.26,0,73.0,3.9,Postpaid
CUST_03889,357.74,248.0,2.57,0.47,1,186.0,2.2,Standard
CUST_03890,395.45,280.0,3.79,0.49,3,115.0,5.4,Basic
CUST_03891,429.81,271.0,7.63,0.38,3,122.0,18.6,Basic
CUST_03892,756.37,306.0,78.54,1.11,2,58.0,1.2,Data Plan
CUST_03893,252.53,212.0,9.3,0.48,0,167.0,0.9,Postpaid
CUST_03894,169.42,75.0,2.27,0.05,0,60.0,2.7,Basic
CUST_03895,652.52,883.0,54.01,1.66,0,304.0,1.0,Premium
CUST_03896,1077.79,546.0,63.86,2.09,0,208.0,0.0,Premium
CUST_03897,465.27,307.0,12.8,0.36,0,94.0,1.0,Postpaid
CUST_03898,1425.09,602.0,29.46,1.97,0,222.0,0.6,Premium
CUST_03899,1106.23,572.0,53.91,2.38,1,162.0,0.4,Premium
CUST_03900,399.77,292.0,7.04,0.67,4,131.0,1.2,Standard
CUST_03901,940.44,162.0,90.56,1.46,0,94.0,2.0,Data Plan
CUST_03902,437.11,242.0,6.75,0.57,1,85.0,20.2,Standard
CUST_03903,5026.12,642.0,56.23,31.75,11,192.0,0.7,Unlimited
CUST_03904,1439.19,573.0,51.86,1.71,0,175.0,0.4,Premium
CUST_03905,488.72,331.0,10.14,0.41,2,72.0,0.3,Standard
CUST_03906,1040.25,165.0,60.27,1.21,0,113.0,0.4,Unlimited
CUST_03907,347.66,401.0,9.43,0.19,0,118.0,5.2,Postpaid
CUST_03908,358.0,291.0,9.08,0.3,0,184.0,0.6,Postpaid
CUST_03909,91.01,127.0,2.33,0.13,0,65.0,0.5,Prepaid
CUST_03910,977.11,149.0,77.3,1.13,0,65.0,0.2,Data Plan
CUST_03911,356.52,385.0,9.77,0.37,0,171.0,0.6,Standard
CUST_03912,386.24,421.0,12.01,0.24,2,143.0,3.3,Postpaid
CUST_03913,143.55,104.0,2.1,0.2,1,40.0,0.7,Prepaid
CUST_03914,1263.55,547.0,46.97,2.58,0,260.0,0.1,Premium
CUST_03915,146.16,85.0,1.4,0.13,0,63.0,1.4,Prepaid
CUST_03916,1072.18,776.0,60.46,1.65,0,94.0,0.0,Unlimited
CUST_03917,797.74,181.0,59.19,0.9,0,101.0,2.0,Data Plan
CUST_03918,477.97,342.0,10.91,0.28,1,194.0,5.0,Standard
CUST_03919,842.27,551.0,14.1,8.19,1,40.0,2.0,Standard
CUST_03920,897.12,506.0,12.12,8.67,0,87.0,0.1,International
CUST_03921,151.44,115.0,2.38,0.1,0,32.0,2.7,Basic
CUST_03922,384.57,272.0,10.12,0.27,1,146.0,0.0,Standard
CUST_03923,109.55,74.0,2.01,0.12,0,42.0,0.7,Prepaid
CUST_03924,1356.51,471.0,66.86,1.95,0,231.0,0.2,Unlimited
CUST_03925,1108.25,553.0,32.47,2.36,0,167.0,2.3,Premium
CUST_03926,219.44,91.0,0.8,0.16,22,49.0,67.5,Basic
CUST_03927,843.32,270.0,81.74,1.36,1,78.0,0.1,Data Plan
CUST_03928,104.91,110.0,2.22,0.14,0,46.0,2.0,Basic
CUST_03929,135.87,46.0,1.67,0.1,0,50.0,2.8,Basic
CUST_03930,324.87,35.0,1.66,25.73,6,124.0,15.2,Basic
CUST_03931,1108.13,198.0,91.46,0.62,0,98.0,0.1,Data Plan
CUST_03932,474.67,292.0,11.35,0.35,0,185.0,2.2,Postpaid
CUST_03933,881.47,97.0,85.06,0.74,0,83.0,3.8,Data Plan
CUST_03934,373.73,244.0,7.44,0.68,2,102.0,17.4,Basic
CUST_03935,849.65,221.0,79.68,0.94,0,101.0,1.3,Data Plan
CUST_03936,1090.01,508.0,12.66,5.62,2,133.0,0.0,International
CUST_03937,694.33,231.0,72.4,1.48,0,116.0,0.6,Data Plan
CUST_03938,1346.92,665.0,38.6,2.54,0,214.0,0.6,Premium
CUST_03939,708.93,408.0,14.53,9.42,1,101.0,3.7,Standard
CUST_03940,909.0,421.0,14.31,13.05,0,48.0,6.3,International
CUST_03941,582.0,344.0,8.68,0.35,1,125.0,0.6,Standard
CUST_03942,595.28,268.0,13.43,8.75,1,116.0,0.1,Standard
CUST_03943,310.12,343.0,8.47,0.17,0,155.0,0.4,Standard
CUST_03944,805.03,266.0,14.64,5.23,3,91.0,1.5,International
CUST_03945,175.87,72.0,2.2,0.19,0,48.0,0.9,Basic
CUST_03946,341.62,223.0,6.83,0.91,5,92.0,1.2,Basic
CUST_03947,143.21,54.0,1.97,0.14,1,55.0,2.5,Prepaid
CUST_03948,1720.68,530.0,57.21,2.01,0,199.0,0.8,Unlimited
CUST_03949,873.61,246.0,90.22,1.17,1,79.0,2.8,Data Plan
CUST_03950,920.06,173.0,73.08,0.74,0,45.0,2.5,Data Plan
CUST_03951,426.91,269.0,0.74,0.31,5,124.0,13.3,Standard
CUST_03952,570.91,478.0,17.05,9.31,0,132.0,0.5,Standard
CUST_03953,1334.09,553.0,52.83,2.1,0,131.0,0.4,Premium
CUST_03954,508.77,198.0,9.05,0.26,1,127.0,1.3,Standard
CUST_03955,195.64,96.0,2.67,0.0,0,47.0,0.9,Basic
CUST_03956,969.73,503.0,27.59,2.83,0,238.0,0.4,Unlimited
CUST_03957,166.67,85.0,2.68,0.07,0,66.0,1.6,Prepaid
CUST_03958,138.2,89.0,1.49,0.1,0,47.0,0.5,Basic
CUST_03959,592.7,446.0,14.16,11.97,2,115.0,0.1,Standard
CUST_03960,360.93,181.0,10.76,0.25,2,111.0,0.1,Standard
CUST_03961,555.52,358.0,7.49,0.19,0,165.0,0.2,Postpaid
CUST_03962,957.08,376.0,15.37,7.89,2,116.0,2.7,Standard
CUST_03963,1313.63,631.0,49.75,1.57,1,320.0,0.1,Unlimited
CUST_03964,176.99,110.0,1.47,0.05,0,66.0,0.6,Basic
CUST_03965,542.34,166.0,64.06,1.11,0,65.0,4.0,Unlimited
CUST_03966,140.72,122.0,2.22,0.15,0,72.0,2.0,Basic
CUST_03967,396.43,190.0,6.26,0.36,4,132.0,1.7,Basic
CUST_03968,384.08,348.0,9.98,0.25,2,182.0,2.5,Standard
CUST_03969,449.3,288.0,12.15,0.14,1,177.0,0.4,Postpaid
CUST_03970,161.27,131.0,1.87,0.02,0,57.0,0.6,Basic
CUST_03971,469.07,187.0,9.58,0.11,2,145.0,1.4,Standard
CUST_03972,1091.81,178.0,79.93,0.95,1,97.0,1.0,Unlimited
CUST_03973,316.22,300.0,9.81,0.29,4,171.0,5.3,Standard
CUST_03974,975.92,108.0,74.9,1.55,1,67.0,0.6,Data Plan
CUST_03975,1434.98,586.0,59.97,2.11,0,192.0,0.3,Unlimited
CUST_03976,1376.29,377.0,69.0,2.13,1,80.0,0.0,Premium
CUST_03977,738.34,229.0,12.82,3.69,1,38.0,1.9,International
CUST_03978,259.27,342.0,11.79,0.14,0,125.0,1.7,Standard
CUST_03979,1263.43,643.0,55.35,1.92,0,204.0,0.1,Premium
CUST_03980,431.69,308.0,10.95,0.27,1,167.0,1.1,Standard
CUST_03981,271.4,288.0,6.25,0.42,4,73.0,11.3,Basic
CUST_03982,129.21,113.0,1.24,0.13,0,52.0,0.2,Basic
CUST_03983,371.14,293.0,10.56,0.25,1,224.0,3.0,Standard
CUST_03984,344.01,380.0,12.31,0.34,0,183.0,1.7,Standard
CUST_03985,383.35,257.0,11.9,0.32,0,149.0,2.1,Standard
CUST_03986,715.13,281.0,74.96,0.82,1,46.0,5.4,Data Plan
CUST_03987,378.03,279.0,9.13,0.23,0,174.0,2.2,Standard
CUST_03988,896.27,336.0,14.42,9.96,0,137.0,1.6,Standard
CUST_03989,143.07,100.0,1.19,0.16,0,53.0,1.7,Prepaid
CUST_03990,144.81,98.0,1.38,0.11,0,24.0,3.3,Basic
CUST_03991,1160.34,200.0,83.87,,0,76.0,0.4,Unlimited
CUST_03992,800.37,381.0,18.57,6.88,1,121.0,0.0,Standard
CUST_03993,947.24,557.0,62.67,1.09,1,224.0,0.8,Premium
CUST_03994,1053.38,159.0,76.26,1.17,1,57.0,1.4,Data Plan
CUST_03995,1343.18,565.0,57.43,1.54,0,240.0,0.3,Unlimited
CUST_03996,330.79,347.0,11.83,0.4,0,198.0,0.2,Postpaid
CUST_03997,116.13,92.0,1.71,0.11,0,34.0,0.9,Prepaid
CUST_03998,195.07,106.0,1.72,0.11,0,37.0,1.1,Basic
CUST_03999,858.6,171.0,74.13,0.92,1,77.0,0.4,Data Plan
CUST_04000,1300.64,694.0,62.62,2.27,0,276.0,1.2,Premium
CUST_04001,935.62,197.0,89.75,1.11,1,103.0,4.2,Data Plan
CUST_04002,393.45,255.0,9.91,0.01,1,150.0,3.5,Standard
CUST_04003,187.88,60.0,1.81,0.14,0,53.0,0.2,Basic
CUST_04004,265.13,362.0,9.71,0.26,0,161.0,0.1,Standard
CUST_04005,193.41,143.0,2.33,0.06,0,48.0,0.0,Basic
CUST_04006,112.97,54.0,2.34,0.16,1,52.0,0.7,Basic
CUST_04007,1157.61,228.0,62.89,1.53,0,21.0,0.3,Data Plan
CUST_04008,855.36,560.0,71.94,1.94,0,123.0,1.0,Premium
CUST_04009,5420.94,295.0,74.7,23.11,10,66.0,2.4,Unlimited
CUST_04010,159.24,109.0,1.34,0.0,0,41.0,0.0,Basic
CUST_04011,420.62,418.0,14.14,0.28,0,167.0,1.2,Standard
CUST_04012,311.4,424.0,12.54,0.29,0,129.0,7.8,Standard
CUST_04013,1151.33,441.0,69.66,2.55,1,261.0,0.0,Unlimited
CUST_04014,567.62,378.0,10.74,0.31,1,89.0,3.4,Postpaid
CUST_04015,784.41,423.0,16.49,7.81,0,114.0,1.5,International
CUST_04016,176.49,96.0,2.52,0.06,1,57.0,2.2,Prepaid
CUST_04017,191.76,113.0,1.78,0.08,0,22.0,0.0,Basic
CUST_04018,143.72,74.0,2.37,0.2,0,49.0,0.5,Prepaid
CUST_04019,1170.48,189.0,86.0,0.97,0,94.0,1.4,Data Plan
CUST_04020,304.71,314.0,8.19,0.52,0,136.0,1.5,Standard
CUST_04021,418.2,322.0,11.25,0.66,4,147.0,4.0,Basic
CUST_04022,1112.26,570.0,59.07,1.92,1,211.0,0.8,Unlimited
CUST_04023,114.11,97.0,2.16,0.22,0,35.0,4.9,Prepaid
CUST_04024,120.31,135.0,1.67,0.12,0,55.0,0.6,Basic
CUST_04025,378.95,263.0,11.24,0.41,0,152.0,1.1,Standard
CUST_04026,166.4,108.0,2.67,0.1,0,51.0,0.1,Prepaid
CUST_04027,399.39,392.0,8.19,0.4,0,179.0,4.2,Standard
CUST_04028,1159.25,593.0,63.77,1.94,0,184.0,0.7,Premium
CUST_04029,822.17,134.0,89.69,1.15,2,77.0,1.6,Data Plan
CUST_04030,539.57,321.0,10.87,0.19,0,161.0,0.1,Standard
CUST_04031,625.39,304.0,14.04,8.01,0,127.0,2.5,International
CUST_04032,316.66,170.0,5.47,0.57,5,132.0,8.7,Basic
CUST_04033,125.75,86.0,2.66,0.1,0,53.0,3.1,Basic
CUST_04034,799.29,186.0,75.47,1.06,1,87.0,0.1,Data Plan
CUST_04035,143.73,104.0,2.55,0.04,0,46.0,1.7,Basic
CUST_04036,557.85,257.0,9.97,0.22,0,180.0,0.3,Standard
CUST_04037,410.25,298.0,8.03,0.33,0,125.0,2.2,Postpaid
CUST_04038,620.64,28.0,1.09,36.34,0,225.0,0.6,Unlimited
CUST_04039,113.34,108.0,1.48,0.1,0,38.0,0.5,Basic
CUST_04040,324.44,305.0,12.86,0.08,0,50.0,3.0,Postpaid
CUST_04041,185.38,110.0,1.82,0.12,1,31.0,1.1,Basic
CUST_04042,1283.86,650.0,57.08,1.97,0,132.0,0.1,Unlimited
CUST_04043,260.14,319.0,9.23,0.38,0,159.0,9.4,Postpaid
CUST_04044,544.29,318.0,15.12,0.2,0,202.0,0.3,Postpaid
CUST_04045,439.88,328.0,10.1,0.29,1,112.0,1.3,Standard
CUST_04046,293.28,326.0,10.85,0.75,4,123.0,4.2,Standard
CUST_04047,149.18,87.0,2.68,0.19,1,31.0,1.0,Prepaid
CUST_04048,717.13,488.0,20.23,8.78,0,163.0,0.6,International
CUST_04049,285.81,288.0,9.94,0.26,1,156.0,0.0,Standard
CUST_04050,175.49,80.0,1.9,0.12,0,50.0,4.5,Basic
CUST_04051,391.21,256.0,10.08,0.34,0,172.0,0.7,Standard
CUST_04052,1000.75,220.0,82.93,0.71,0,100.0,0.5,Unlimited
CUST_04053,170.89,108.0,1.47,0.11,0,70.0,0.2,Basic
CUST_04054,837.98,169.0,87.96,0.99,1,96.0,1.4,Unlimited
CUST_04055,359.02,251.0,5.85,0.59,4,76.0,14.4,Basic
CUST_04056,139.96,111.0,1.61,0.19,0,43.0,1.2,Prepaid
CUST_04057,408.36,160.0,11.2,0.22,1,169.0,2.0,Standard
CUST_04058,931.75,141.0,78.57,1.06,0,86.0,1.3,Data Plan
CUST_04059,1048.06,647.0,36.92,2.35,0,343.0,0.4,Unlimited
CUST_04060,608.16,101.0,112.18,1.23,0,62.0,0.3,Data Plan
CUST_04061,301.95,393.0,10.45,0.28,0,145.0,0.1,Standard
CUST_04062,1282.38,507.0,52.28,1.4,0,104.0,0.0,Unlimited
CUST_04063,314.44,395.0,12.14,0.27,0,247.0,4.4,Postpaid
CUST_04064,176.52,130.0,2.37,0.14,0,38.0,1.0,Prepaid
CUST_04065,1018.66,726.0,59.97,2.07,0,283.0,0.2,Premium
CUST_04066,729.57,170.0,44.11,0.95,0,59.0,0.0,Data Plan
CUST_04067,3025.21,248.0,7.97,0.91,3,161.0,11.2,Basic
CUST_04068,162.21,74.0,,0.01,0,57.0,1.6,Prepaid
CUST_04069,132.23,78.0,1.25,0.1,0,45.0,0.2,Basic
CUST_04070,405.98,299.0,8.31,0.48,0,171.0,0.4,Standard
CUST_04071,98.9,89.0,1.83,0.13,1,19.0,1.9,Basic
CUST_04072,937.41,595.0,23.88,1.97,0,252.0,0.7,Premium
CUST_04073,1211.28,533.0,50.48,2.05,0,174.0,0.4,Unlimited
CUST_04074,276.6,293.0,9.61,0.15,0,99.0,0.6,Standard
CUST_04075,421.33,334.0,10.63,0.48,1,135.0,0.6,Postpaid
CUST_04076,1003.18,180.0,106.79,0.41,0,94.0,2.0,Data Plan
CUST_04077,607.64,164.0,82.16,0.93,0,127.0,0.7,Data Plan
CUST_04078,1516.83,440.0,55.19,2.71,0,226.0,0.2,Premium
CUST_04079,1096.91,357.0,13.79,6.5,1,100.0,0.5,International
CUST_04080,329.01,370.0,12.13,0.27,0,173.0,0.7,Postpaid
CUST_04081,525.14,271.0,5.37,0.3,3,171.0,25.6,Basic
CUST_04082,103.3,106.0,2.29,0.09,0,32.0,0.3,Basic
CUST_04083,349.77,266.0,10.69,0.18,1,89.0,4.4,Standard
CUST_04084,849.9,239.0,94.73,0.85,0,80.0,2.3,Data Plan
CUST_04085,451.73,284.0,8.7,0.33,0,95.0,1.5,Standard
CUST_04086,857.87,337.0,46.56,2.04,0,175.0,0.0,Unlimited
CUST_04087,178.78,113.0,2.07,0.16,0,80.0,2.4,Basic
CUST_04088,637.2,294.0,16.42,6.32,0,78.0,1.9,Standard
CUST_04089,963.01,235.0,54.22,1.19,0,124.0,2.1,Data Plan
CUST_04090,374.43,271.0,10.21,0.37,0,134.0,0.8,Standard
CUST_04091,143.6,140.0,2.13,0.22,0,38.0,0.2,Basic
CUST_04092,939.54,72.0,71.26,0.57,2,85.0,0.2,Data Plan
CUST_04093,1315.97,674.0,53.62,2.0,3,204.0,0.5,Premium
CUST_04094,930.82,277.0,90.04,0.33,1,54.0,1.9,Data Plan
CUST_04095,231.77,254.0,13.19,0.66,2,168.0,0.6,Standard
CUST_04096,935.21,245.0,91.67,1.28,0,49.0,11.4,Data Plan
CUST_04097,152.47,112.0,1.93,0.11,0,46.0,0.7,Prepaid
CUST_04098,576.66,255.0,13.03,0.27,4,124.0,0.6,Standard
CUST_04099,195.69,69.0,2.43,0.05,0,18.0,0.3,Prepaid
CUST_04100,196.48,281.0,5.42,0.55,3,114.0,9.5,Basic
CUST_04101,418.48,265.0,11.11,0.31,0,88.0,2.6,Standard
CUST_04102,274.1,337.0,9.7,0.57,2,113.0,1.0,Basic
CUST_04103,369.07,311.0,11.42,0.21,3,110.0,0.2,Postpaid
CUST_04104,583.0,441.0,14.56,8.17,0,100.0,0.7,International
CUST_04105,475.12,409.0,8.96,0.25,1,114.0,0.5,Standard
CUST_04106,156.72,87.0,1.74,0.09,0,42.0,0.1,Basic
CUST_04107,134.07,87.0,2.24,0.05,1,62.0,0.7,Basic
CUST_04108,365.23,254.0,6.09,0.6,2,112.0,9.6,Basic
CUST_04109,835.99,278.0,53.58,1.07,0,81.0,0.0,Data Plan
CUST_04110,334.92,429.0,10.6,0.3,2,178.0,0.4,Postpaid
CUST_04111,254.58,344.0,10.99,0.34,0,86.0,0.3,Standard
CUST_04112,344.41,298.0,10.34,0.27,0,148.0,4.7,Postpaid
CUST_04113,203.17,136.0,2.83,0.1,0,45.0,1.9,Basic
CUST_04114,440.61,310.0,6.0,0.38,0,253.0,0.5,Standard
CUST_04115,830.49,181.0,66.64,1.15,1,53.0,0.4,Data Plan
CUST_04116,125.45,111.0,2.61,0.08,0,48.0,0.2,Prepaid
CUST_04117,308.89,315.0,10.69,0.08,2,141.0,0.9,Postpaid
CUST_04118,155.9,12.0,1.4,26.56,0,29.0,2.7,Basic
CUST_04119,1146.9,264.0,93.73,1.2,0,102.0,0.1,Unlimited
CUST_04120,905.35,295.0,91.75,1.38,2,87.0,1.4,Data Plan
CUST_04121,175.51,94.0,2.74,0.09,0,46.0,0.6,Basic
CUST_04122,496.99,320.0,10.18,0.36,0,174.0,0.3,Standard
CUST_04123,574.82,292.0,65.56,1.15,0,121.0,0.9,Data Plan
CUST_04124,988.39,192.0,86.64,1.04,0,62.0,1.7,Data Plan
CUST_04125,351.49,365.0,7.74,0.49,2,131.0,3.0,Standard
CUST_04126,743.1,370.0,17.12,7.14,0,87.0,1.2,International
CUST_04127,214.76,322.0,9.85,0.41,2,139.0,4.7,Basic
CUST_04128,180.68,10.0,1.18,24.79,1,53.0,1.5,Basic
CUST_04129,27.4,208.0,10.17,0.29,1,99.0,3.5,Standard
CUST_04130,1170.35,566.0,57.97,2.18,0,261.0,0.7,Unlimited
CUST_04131,159.26,88.0,1.78,0.08,1,39.0,0.7,Basic
CUST_04132,511.54,396.0,8.98,0.38,0,134.0,0.6,Standard
CUST_04133,696.73,348.0,19.63,8.94,0,110.0,5.9,International
CUST_04134,840.93,207.0,99.59,1.33,0,82.0,0.0,Data Plan
CUST_04135,808.58,438.0,17.56,5.32,0,58.0,0.3,International
CUST_04136,830.22,462.0,17.74,12.13,1,128.0,0.3,International
CUST_04137,1081.13,275.0,87.14,1.33,0,109.0,3.1,Data Plan
CUST_04138,913.63,426.0,6.04,9.46,1,83.0,0.4,International
CUST_04139,1103.19,219.0,55.06,0.72,0,82.0,0.5,Unlimited
CUST_04140,1344.85,653.0,49.16,2.13,0,213.0,0.5,Premium
CUST_04141,264.26,295.0,8.36,0.43,0,206.0,0.7,Postpaid
CUST_04142,915.47,255.0,69.47,1.43,0,91.0,2.2,Data Plan
CUST_04143,466.62,316.0,14.64,0.25,1,127.0,1.7,Postpaid
CUST_04144,891.45,205.0,69.22,1.04,1,116.0,0.7,Data Plan
CUST_04145,108.91,49.0,2.25,0.18,0,65.0,0.3,Basic
CUST_04146,147.52,111.0,2.6,0.04,0,32.0,1.4,Prepaid
CUST_04147,292.77,395.0,13.06,0.19,0,157.0,2.0,Standard
CUST_04148,201.07,69.0,2.06,0.12,0,62.0,0.4,Prepaid
CUST_04149,928.03,622.0,43.29,3.08,0,159.0,0.2,Unlimited
CUST_04150,583.72,337.0,15.08,6.01,2,101.0,1.7,International
CUST_04151,872.97,182.0,73.5,1.32,0,98.0,0.4,Unlimited
CUST_04152,5853.82,344.0,16.45,34.69,12,71.0,0.7,International
CUST_04153,179.53,155.0,2.68,0.07,0,69.0,1.3,Prepaid
CUST_04154,875.68,171.0,82.49,1.2,0,131.0,0.6,Data Plan
CUST_04155,271.49,133.0,7.72,0.74,2,134.0,14.3,Standard
CUST_04156,711.75,311.0,16.9,10.93,0,100.0,1.4,International
CUST_04157,1137.41,206.0,66.14,0.54,1,104.0,0.7,Data Plan
CUST_04158,300.36,395.0,7.54,0.24,0,182.0,5.2,Postpaid
CUST_04159,1009.78,189.0,107.65,1.37,0,114.0,0.3,Data Plan
CUST_04160,464.77,318.0,10.2,0.35,0,175.0,2.9,Postpaid
CUST_04161,885.58,173.0,96.82,0.89,2,107.0,0.4,Data Plan
CUST_04162,133.94,125.0,2.2,0.16,0,34.0,1.9,Basic
CUST_04163,133.09,83.0,1.84,0.1,1,59.0,0.1,Basic
CUST_04164,853.0,221.0,66.74,0.95,0,80.0,1.0,Data Plan
CUST_04165,1397.06,772.0,36.49,1.74,0,206.0,0.4,Premium
CUST_04166,858.27,161.0,89.28,1.47,1,77.0,0.9,Data Plan
CUST_04167,254.84,298.0,6.78,0.16,1,111.0,8.1,Basic
CUST_04168,435.55,171.0,6.18,0.65,7,169.0,0.0,Basic
CUST_04169,174.91,80.0,1.77,0.06,0,62.0,0.1,Basic
CUST_04170,537.35,366.0,4.99,0.22,0,141.0,1.8,Standard
CUST_04171,338.7,259.0,10.24,0.13,0,101.0,3.5,Standard
CUST_04172,453.72,307.0,9.39,0.33,0,67.0,6.6,Postpaid
CUST_04173,174.68,127.0,1.6,0.03,0,45.0,0.3,Basic
CUST_04174,131.98,105.0,2.8,0.0,0,13.0,0.7,Prepaid
CUST_04175,854.17,181.0,99.94,0.72,0,90.0,3.8,Data Plan
CUST_04176,252.2,250.0,8.32,0.23,0,54.0,12.9,Standard
CUST_04177,369.43,301.0,7.09,0.35,0,149.0,0.3,Postpaid
CUST_04178,357.92,318.0,12.8,0.68,5,139.0,22.9,Standard
CUST_04179,1307.68,660.0,41.54,1.96,0,233.0,0.9,Unlimited
CUST_04180,183.26,110.0,2.32,0.1,0,39.0,0.8,Basic
CUST_04181,776.85,511.0,13.95,7.78,1,106.0,0.2,Standard
CUST_04182,570.33,263.0,6.49,0.14,1,126.0,0.1,Standard
CUST_04183,908.5,214.0,95.28,1.08,0,93.0,2.1,Data Plan
CUST_04184,469.17,270.0,11.71,0.36,2,74.0,5.8,Postpaid
CUST_04185,328.07,227.0,8.29,0.1,0,179.0,1.1,Standard
CUST_04186,351.58,168.0,4.49,0.57,4,151.0,0.9,Basic
CUST_04187,881.31,707.0,37.76,1.33,1,186.0,1.0,Premium
CUST_04188,385.74,374.0,7.96,0.24,0,177.0,4.6,Postpaid
CUST_04189,858.92,185.0,99.07,1.35,1,103.0,0.5,Data Plan
CUST_04190,797.11,190.0,14.69,4.92,2,123.0,4.2,Standard
CUST_04191,160.15,104.0,1.56,0.15,0,48.0,0.5,Basic
CUST_04192,1247.54,534.0,40.94,1.53,1,220.0,0.0,Premium
CUST_04193,101.62,95.0,2.59,0.19,0,38.0,0.0,Basic
CUST_04194,549.38,117.0,88.94,0.53,0,72.0,0.5,Data Plan
CUST_04195,1007.85,230.0,12.26,7.06,1,89.0,0.5,Standard
CUST_04196,117.84,127.0,1.72,0.06,0,63.0,0.2,Prepaid
CUST_04197,1494.65,522.0,40.34,0.85,1,243.0,0.6,Unlimited
CUST_04198,394.91,332.0,10.64,0.36,0,134.0,3.7,Postpaid
CUST_04199,779.06,449.0,19.01,8.07,0,100.0,5.7,International
CUST_04200,1045.08,619.0,46.86,0.77,0,114.0,0.3,Premium
CUST_04201,458.2,221.0,10.26,0.48,0,166.0,0.8,Standard
CUST_04202,737.37,461.0,12.31,5.53,0,81.0,3.3,International
CUST_04203,1311.21,519.0,44.64,1.33,0,176.0,0.0,Unlimited
CUST_04204,875.46,432.0,19.07,9.17,3,87.0,6.0,Standard
CUST_04205,853.41,519.0,60.42,1.98,0,116.0,0.1,Premium
CUST_04206,202.49,111.0,2.03,0.16,0,38.0,0.6,Basic
CUST_04207,202.66,129.0,1.46,0.06,0,43.0,2.9,Basic
CUST_04208,849.2,145.0,92.83,1.09,1,116.0,0.4,Data Plan
CUST_04209,170.18,87.0,2.49,0.18,2,61.0,1.0,Basic
CUST_04210,179.45,133.0,1.91,0.06,1,50.0,1.3,Prepaid
CUST_04211,367.27,276.0,9.14,0.26,2,141.0,0.6,Standard
CUST_04212,150.31,101.0,1.46,0.05,0,50.0,0.9,Basic
CUST_04213,125.53,98.0,1.92,0.11,0,56.0,0.1,Prepaid
CUST_04214,401.43,289.0,12.04,0.3,1,154.0,0.8,Postpaid
CUST_04215,1006.28,285.0,17.99,10.89,1,91.0,2.9,Standard
CUST_04216,461.59,323.0,12.11,0.42,1,200.0,1.5,Standard
CUST_04217,302.95,203.0,8.84,0.49,4,152.0,12.2,Basic
CUST_04218,1336.78,634.0,29.51,2.62,0,220.0,0.0,Unlimited
CUST_04219,460.7,258.0,4.49,0.64,5,94.0,4.0,Basic
CUST_04220,172.11,124.0,2.02,0.12,1,56.0,1.4,Prepaid
CUST_04221,104.86,74.0,2.23,0.11,0,63.0,0.0,Basic
CUST_04222,161.47,71.0,1.93,0.06,0,36.0,0.6,Basic
CUST_04223,807.07,217.0,59.22,0.98,2,65.0,0.2,Data Plan
CUST_04224,465.46,225.0,9.01,0.26,0,157.0,0.5,Standard
CUST_04225,155.73,62.0,2.32,0.08,0,40.0,0.3,Prepaid
CUST_04226,932.05,490.0,54.26,2.64,0,173.0,1.0,Unlimited
CUST_04227,911.22,141.0,89.86,0.99,0,107.0,1.0,Data Plan
CUST_04228,902.03,214.0,57.6,1.02,0,98.0,0.3,Unlimited
CUST_04229,159.05,137.0,2.23,0.05,0,51.0,2.5,Basic
CUST_04230,464.35,252.0,8.04,0.0,1,110.0,1.6,Postpaid
CUST_04231,847.33,238.0,95.93,1.32,0,88.0,1.3,Unlimited
CUST_04232,5155.7,356.0,11.47,38.87,8,131.0,1.8,Postpaid
CUST_04233,835.74,347.0,14.55,9.53,0,87.0,8.8,International
CUST_04234,155.34,133.0,10.04,0.54,5,136.0,0.4,Standard
CUST_04235,794.52,233.0,,0.82,1,108.0,2.1,Data Plan
CUST_04236,701.77,399.0,14.57,8.78,0,111.0,15.3,International
CUST_04237,482.95,262.0,4.86,0.58,1,121.0,0.4,Standard
CUST_04238,443.14,248.0,11.17,0.39,0,137.0,0.1,Standard
CUST_04239,408.06,313.0,6.16,0.21,0,152.0,0.0,Standard
CUST_04240,374.17,248.0,11.1,0.31,1,116.0,2.0,Standard
CUST_04241,5744.61,447.0,15.36,38.16,12,146.0,1.9,Standard
CUST_04242,260.65,298.0,4.59,0.19,2,32.0,23.8,Basic
CUST_04243,963.2,169.0,66.95,0.86,0,39.0,0.6,Data Plan
CUST_04244,1045.89,131.0,55.03,1.27,0,53.0,0.5,Data Plan
CUST_04245,659.67,423.0,20.42,9.95,0,124.0,7.2,Standard
CUST_04246,482.43,372.0,7.34,0.24,1,81.0,5.8,Standard
CUST_04247,974.17,448.0,18.15,7.73,0,72.0,1.8,International
CUST_04248,240.51,340.0,7.79,0.22,0,97.0,0.5,Postpaid
CUST_04249,284.61,184.0,13.68,0.39,0,125.0,9.6,Standard
CUST_04250,1126.56,535.0,62.12,1.14,0,199.0,0.5,Unlimited
CUST_04251,303.2,362.0,11.57,0.24,1,144.0,2.1,Standard
CUST_04252,161.83,108.0,1.73,0.13,1,55.0,1.4,Basic
CUST_04253,1022.65,414.0,36.51,2.12,1,158.0,0.4,Unlimited
CUST_04254,766.76,281.0,15.9,10.67,1,99.0,10.9,International
CUST_04255,142.54,114.0,1.97,0.06,0,43.0,0.1,Prepaid
CUST_04256,124.08,131.0,2.13,0.12,0,43.0,0.8,Basic
CUST_04257,137.68,125.0,1.81,0.14,0,63.0,1.1,Basic
CUST_04258,228.97,89.0,2.15,0.0,1,28.0,1.8,Basic
CUST_04259,1030.84,662.0,60.44,2.48,1,195.0,1.2,Unlimited
CUST_04260,497.08,293.0,10.18,0.29,0,170.0,0.1,Standard
CUST_04261,412.04,197.0,11.6,0.17,0,133.0,14.9,Standard
CUST_04262,364.26,265.0,11.82,0.43,1,133.0,0.1,Postpaid
CUST_04263,361.17,286.0,4.87,0.05,1,111.0,0.3,Postpaid
CUST_04264,5932.6,260.0,18.83,17.79,9,76.0,1.0,International
CUST_04265,168.78,218.0,9.82,0.53,3,152.0,10.5,Standard
CUST_04266,207.28,124.0,1.32,0.04,0,61.0,0.4,Basic
CUST_04267,918.32,597.0,14.87,7.92,1,139.0,1.5,Standard
CUST_04268,979.23,177.0,66.73,1.08,1,104.0,4.5,Unlimited
CUST_04269,63.83,96.0,2.48,0.08,0,56.0,1.1,Basic
CUST_04270,809.1,335.0,14.62,12.47,1,109.0,0.3,International
CUST_04271,129.21,71.0,1.46,0.08,0,21.0,0.9,Basic
CUST_04272,836.76,165.0,54.1,0.94,0,101.0,0.3,Unlimited
CUST_04273,139.72,107.0,2.24,0.12,0,48.0,0.4,Basic
CUST_04274,336.7,217.0,8.97,0.16,0,195.0,0.5,Standard
CUST_04275,741.12,169.0,79.93,0.61,1,61.0,0.3,Unlimited
CUST_04276,132.58,104.0,1.02,0.21,1,39.0,2.3,Basic
CUST_04277,131.96,157.0,2.28,0.1,0,61.0,1.4,Prepaid
CUST_04278,723.04,366.0,17.02,9.9,2,83.0,1.0,International
CUST_04279,140.76,73.0,2.18,0.24,1,71.0,0.6,Basic
CUST_04280,434.76,346.0,9.67,0.39,0,96.0,2.9,Postpaid
CUST_04281,789.39,369.0,13.0,8.97,0,87.0,3.6,International
CUST_04282,135.39,79.0,2.19,0.09,0,63.0,1.2,Basic
CUST_04283,494.97,133.0,8.73,0.52,7,140.0,8.2,Standard
CUST_04284,132.23,174.0,2.35,0.16,0,44.0,1.7,Basic
CUST_04285,825.54,243.0,79.19,0.14,1,75.0,0.5,Data Plan
CUST_04286,792.49,360.0,15.19,10.47,1,115.0,2.3,International
CUST_04287,1111.91,510.0,45.36,1.02,1,214.0,0.4,Premium
CUST_04288,300.33,183.0,4.81,0.58,6,139.0,9.8,Standard
CUST_04289,155.84,81.0,1.58,0.12,0,64.0,0.2,Basic
CUST_04290,641.31,240.0,15.54,13.04,2,63.0,3.5,International
CUST_04291,1475.58,681.0,50.76,1.53,2,137.0,0.5,Unlimited
CUST_04292,170.45,55.0,1.03,0.18,0,50.0,1.4,Basic
CUST_04293,932.96,196.0,85.86,1.33,0,82.0,3.2,Data Plan
CUST_04294,790.95,431.0,14.97,7.18,2,108.0,0.4,Standard
CUST_04295,485.65,389.0,9.89,0.3,1,227.0,0.7,Standard
CUST_04296,906.28,167.0,77.31,0.92,0,62.0,3.4,Unlimited
CUST_04297,1027.12,215.0,61.09,0.65,0,66.0,2.0,Data Plan
CUST_04298,174.76,106.0,2.25,0.04,0,57.0,1.5,Basic
CUST_04299,155.6,106.0,2.07,0.05,0,42.0,0.1,Prepaid
CUST_04300,434.4,344.0,9.23,0.28,0,156.0,0.7,Standard
CUST_04301,162.89,115.0,1.87,0.1,1,49.0,1.5,Basic
CUST_04302,237.57,265.0,7.12,0.33,0,188.0,2.5,Standard
CUST_04303,779.63,150.0,85.46,0.67,0,33.0,1.2,Data Plan
CUST_04304,315.75,361.0,9.97,0.34,0,189.0,3.4,Postpaid
CUST_04305,844.77,620.0,44.45,2.9,0,273.0,1.0,Unlimited
CUST_04306,1410.39,712.0,54.5,1.07,0,230.0,0.2,Unlimited
CUST_04307,410.72,209.0,8.79,0.43,0,112.0,0.7,Standard
CUST_04308,538.7,413.0,13.1,9.05,0,45.0,0.4,International
CUST_04309,270.45,241.0,8.65,0.52,2,123.0,5.1,Basic
CUST_04310,124.81,76.0,2.08,0.2,0,46.0,0.9,Basic
CUST_04311,1005.98,210.0,78.87,1.0,1,136.0,0.4,Data Plan
CUST_04312,149.82,132.0,1.25,0.07,0,43.0,0.2,Basic
CUST_04313,169.14,125.0,2.63,0.09,0,66.0,0.8,Basic
CUST_04314,161.32,88.0,2.66,0.19,0,66.0,0.1,Basic
CUST_04315,396.93,222.0,10.6,0.42,1,145.0,1.5,Standard
CUST_04316,460.11,307.0,10.8,0.37,1,170.0,3.7,Standard
CUST_04317,155.83,111.0,1.93,0.1,0,24.0,1.2,Prepaid
CUST_04318,1168.82,511.0,47.85,2.04,1,224.0,0.3,Premium
CUST_04319,146.71,52.0,1.24,0.05,1,49.0,0.2,Prepaid
CUST_04320,168.65,90.0,2.25,0.12,0,74.0,0.4,Basic
CUST_04321,324.43,389.0,8.39,0.34,2,156.0,0.2,Standard
CUST_04322,3910.73,749.0,31.23,32.29,9,185.0,0.2,Premium
CUST_04323,1079.78,226.0,103.29,1.06,1,102.0,0.1,Data Plan
CUST_04324,126.98,136.0,2.32,0.15,0,37.0,0.3,Prepaid
CUST_04325,144.08,108.0,2.43,0.15,0,76.0,0.9,Basic
CUST_04326,438.81,194.0,9.35,0.44,1,89.0,2.0,Standard
CUST_04327,746.14,501.0,17.83,6.85,2,71.0,0.8,International
CUST_04328,393.42,244.0,11.32,0.35,6,170.0,47.7,Basic
CUST_04329,930.89,661.0,56.85,1.44,0,148.0,0.6,Unlimited
CUST_04330,826.6,100.0,91.95,0.8,0,79.0,5.5,Data Plan
CUST_04331,1164.35,639.0,47.0,2.85,3,231.0,0.7,Unlimited
CUST_04332,131.71,98.0,2.19,0.08,0,44.0,0.2,Prepaid
CUST_04333,456.89,275.0,9.41,0.37,1,232.0,0.2,Postpaid
CUST_04334,893.89,490.0,12.42,10.19,0,100.0,0.9,International
CUST_04335,414.18,278.0,7.81,0.47,1,168.0,0.2,Postpaid
CUST_04336,928.01,115.0,72.65,1.17,0,74.0,0.5,Unlimited
CUST_04337,788.49,196.0,100.63,0.78,1,91.0,2.1,Unlimited
CUST_04338,823.44,391.0,16.74,7.19,1,88.0,0.6,Standard
CUST_04339,478.97,273.0,9.77,0.41,0,183.0,1.2,Postpaid
CUST_04340,1143.69,565.0,57.6,2.26,0,246.0,0.0,Premium
CUST_04341,436.79,477.0,8.41,0.36,0,106.0,0.2,Standard
CUST_04342,1292.5,646.0,40.17,2.84,1,189.0,0.1,Unlimited
CUST_04343,362.84,333.0,7.61,0.32,2,90.0,3.2,Basic
CUST_04344,1069.11,424.0,41.28,2.03,0,185.0,0.1,Unlimited
CUST_04345,305.33,298.0,13.17,0.31,1,100.0,1.3,Postpaid
CUST_04346,191.4,130.0,1.91,0.04,0,42.0,1.2,Basic
CUST_04347,695.64,375.0,14.3,10.66,1,67.0,10.8,International
CUST_04348,731.04,457.0,12.21,8.86,1,114.0,3.2,International
CUST_04349,480.18,265.0,10.62,0.64,3,171.0,25.5,Standard
CUST_04350,369.22,359.0,8.29,0.38,0,131.0,1.5,Standard
CUST_04351,308.88,329.0,9.3,0.19,0,164.0,0.4,Standard
CUST_04352,892.1,404.0,12.71,7.74,0,65.0,11.7,Standard
CUST_04353,751.72,154.0,90.67,1.29,0,83.0,1.1,Data Plan
CUST_04354,169.68,109.0,2.34,0.07,0,58.0,0.3,Basic
CUST_04355,1500.9,477.0,74.95,2.52,1,120.0,0.5,Unlimited
CUST_04356,467.39,391.0,5.39,0.27,2,145.0,0.2,Standard
CUST_04357,3321.5,91.0,2.8,20.67,13,45.0,0.2,Basic
CUST_04358,991.29,210.0,59.54,0.83,1,82.0,0.4,Data Plan
CUST_04359,141.93,113.0,2.02,0.06,0,32.0,0.1,Basic
CUST_04360,123.31,125.0,1.23,0.06,1,47.0,0.7,Basic
CUST_04361,318.56,42.0,0.76,39.11,0,94.0,0.0,Postpaid
CUST_04362,165.15,149.0,1.71,0.17,0,65.0,0.2,Prepaid
CUST_04363,1425.65,387.0,66.7,2.75,0,307.0,0.8,Unlimited
CUST_04364,788.6,456.0,12.68,7.46,1,74.0,0.0,International
CUST_04365,446.34,371.0,7.45,0.25,0,183.0,,Standard
CUST_04366,1079.44,424.0,12.17,6.28,2,74.0,1.0,Standard
CUST_04367,1233.11,641.0,38.8,2.67,0,199.0,1.1,Premium
CUST_04368,397.4,272.0,8.35,0.17,0,209.0,0.6,Postpaid
CUST_04369,433.43,305.0,9.3,0.3,0,102.0,3.2,Standard
CUST_04370,1092.54,156.0,95.28,1.42,0,23.0,1.3,Data Plan
CUST_04371,221.13,442.0,11.68,0.55,5,91.0,12.4,Basic
CUST_04372,928.23,292.0,90.66,0.75,2,121.0,0.5,Unlimited
CUST_04373,1366.67,467.0,40.59,2.92,1,292.0,0.0,Unlimited
CUST_04374,880.42,315.0,18.75,7.42,1,103.0,0.0,International
CUST_04375,3338.46,273.0,3.32,17.72,14,24.0,18.1,Basic
CUST_04376,1092.17,429.0,45.77,1.91,1,235.0,0.5,Premium
CUST_04377,675.72,274.0,93.76,1.0,0,55.0,1.8,Data Plan
CUST_04378,332.54,349.0,7.43,0.53,3,148.0,9.6,Basic
CUST_04379,1032.26,142.0,89.12,0.83,0,98.0,0.5,Data Plan
CUST_04380,441.8,272.0,6.02,0.35,0,168.0,3.7,Standard
CUST_04381,396.5,327.0,7.01,0.45,2,75.0,9.5,Standard
CUST_04382,427.8,358.0,9.21,0.35,0,185.0,0.7,Postpaid
CUST_04383,139.93,145.0,2.41,0.05,0,25.0,0.1,Prepaid
CUST_04384,182.74,95.0,2.65,0.01,1,41.0,0.9,Basic
CUST_04385,4350.06,189.0,8.62,30.44,13,184.0,1.5,Standard
CUST_04386,1014.59,209.0,87.55,0.9,1,79.0,1.9,Data Plan
CUST_04387,364.83,372.0,9.62,0.12,0,171.0,3.5,Postpaid
CUST_04388,292.1,262.0,10.23,0.47,0,188.0,0.2,Postpaid
CUST_04389,136.02,152.0,1.92,0.07,1,49.0,0.2,Basic
CUST_04390,113.57,117.0,2.52,0.03,1,66.0,1.3,Prepaid
CUST_04391,405.72,309.0,11.44,0.47,1,160.0,0.2,Standard
CUST_04392,577.96,356.0,9.46,0.3,1,157.0,3.5,Postpaid
CUST_04393,936.5,367.0,19.84,5.73,0,118.0,1.3,Standard
CUST_04394,319.2,296.0,10.38,0.15,2,74.0,0.4,Postpaid
CUST_04395,372.44,332.0,8.43,0.56,0,159.0,0.5,Postpaid
CUST_04396,872.65,422.0,17.32,8.48,4,109.0,5.5,Standard
CUST_04397,979.29,282.0,83.34,1.02,0,85.0,1.3,Data Plan
CUST_04398,1132.3,491.0,65.71,2.1,0,202.0,1.9,Premium
CUST_04399,131.62,110.0,1.96,0.1,0,46.0,0.6,Prepaid
CUST_04400,817.31,389.0,16.51,9.35,0,83.0,0.8,International
CUST_04401,1015.51,563.0,42.24,1.76,1,122.0,0.0,Premium
CUST_04402,332.48,381.0,11.56,0.29,3,156.0,1.2,Basic
CUST_04403,164.94,86.0,1.73,0.09,0,22.0,0.1,Basic
CUST_04404,564.08,471.0,8.22,6.09,0,76.0,1.0,International
CUST_04405,1141.23,501.0,65.19,2.74,0,196.0,1.7,Premium
CUST_04406,1080.09,545.0,44.83,1.39,0,185.0,0.3,Premium
CUST_04407,1289.25,643.0,48.69,2.12,0,225.0,1.4,Unlimited
CUST_04408,802.3,254.0,88.28,0.94,0,62.0,1.4,Data Plan
CUST_04409,265.29,45.0,1.26,30.17,1,121.0,39.6,Basic
CUST_04410,193.44,251.0,8.58,0.26,0,169.0,1.8,Standard
CUST_04411,200.63,410.0,5.28,0.25,0,194.0,6.3,Postpaid
CUST_04412,156.57,109.0,2.66,0.17,0,58.0,0.3,Prepaid
CUST_04413,852.72,127.0,86.44,0.35,0,110.0,0.4,Data Plan
CUST_04414,944.89,295.0,66.13,0.92,0,74.0,0.1,Unlimited
CUST_04415,258.01,301.0,5.75,,4,171.0,5.5,Standard
CUST_04416,643.8,188.0,90.23,0.67,1,84.0,5.6,Data Plan
CUST_04417,906.85,272.0,10.43,10.91,0,120.0,0.7,International
CUST_04418,973.76,188.0,82.02,0.95,0,87.0,1.1,Data Plan
CUST_04419,124.82,110.0,1.95,0.15,0,38.0,1.1,Basic
CUST_04420,963.98,204.0,84.84,0.86,0,17.0,1.7,Unlimited
CUST_04421,183.59,117.0,2.53,0.11,0,58.0,1.8,Basic
CUST_04422,149.02,115.0,1.72,0.14,0,58.0,2.0,Basic
CUST_04423,355.18,302.0,11.19,0.26,1,151.0,5.8,Postpaid
CUST_04424,477.01,214.0,89.18,1.26,0,76.0,,Unlimited
CUST_04425,273.55,187.0,10.21,0.66,6,121.0,4.1,Basic
CUST_04426,431.2,297.0,9.32,0.16,0,165.0,1.3,Postpaid
CUST_04427,181.52,141.0,2.41,0.13,1,49.0,0.2,Basic
CUST_04428,397.11,255.0,10.45,0.18,1,140.0,2.1,Standard
CUST_04429,1145.74,191.0,88.64,1.11,1,62.0,1.7,Data Plan
CUST_04430,1185.58,613.0,61.84,1.98,0,255.0,0.5,Premium
CUST_04431,648.79,367.0,18.36,6.81,1,74.0,1.8,International
CUST_04432,254.45,301.0,8.9,0.86,2,99.0,3.6,Standard
CUST_04433,452.38,280.0,8.18,0.16,0,164.0,1.9,Standard
CUST_04434,360.11,258.0,1.58,0.54,1,82.0,12.4,Standard
CUST_04435,407.18,277.0,11.53,0.29,0,104.0,8.8,Standard
CUST_04436,636.7,518.0,15.7,7.73,1,105.0,2.7,International
CUST_04437,512.76,293.0,17.61,0.35,0,109.0,7.1,Postpaid
CUST_04438,429.59,284.0,8.97,0.24,1,148.0,0.9,Standard
CUST_04439,358.83,21.0,1.42,39.98,0,195.0,1.0,Standard
CUST_04440,1036.79,596.0,48.22,2.0,0,230.0,0.4,Unlimited
CUST_04441,138.44,112.0,2.18,0.1,0,67.0,1.2,Basic
CUST_04442,608.16,326.0,15.34,8.21,2,108.0,1.7,International
CUST_04443,670.23,459.0,12.24,9.43,2,111.0,0.3,International
CUST_04444,790.88,352.0,18.93,8.98,1,122.0,3.4,International
CUST_04445,153.79,122.0,2.86,0.13,0,41.0,3.1,Basic
CUST_04446,946.06,169.0,53.51,,0,69.0,1.0,Unlimited
CUST_04447,486.96,293.0,7.36,0.43,0,184.0,3.2,Standard
CUST_04448,427.46,269.0,11.77,0.28,0,88.0,0.4,Postpaid
CUST_04449,395.45,296.0,10.22,0.07,3,129.0,13.6,Basic
CUST_04450,833.96,307.0,19.59,6.36,0,93.0,2.4,International
CUST_04451,1500.9,430.0,42.54,2.11,0,131.0,4.1,Unlimited
CUST_04452,990.76,180.0,99.65,1.34,1,70.0,0.6,Data Plan
CUST_04453,518.37,243.0,0.0,0.41,2,140.0,13.0,Standard
CUST_04454,400.07,210.0,6.33,0.34,0,186.0,0.8,Standard
CUST_04455,971.9,619.0,48.01,2.29,0,282.0,0.9,Premium
CUST_04456,1129.9,309.0,55.67,1.27,0,210.0,0.0,Premium
CUST_04457,225.97,306.0,10.77,0.25,0,131.0,0.9,Standard
CUST_04458,70.18,230.0,9.89,0.86,5,141.0,15.4,Basic
CUST_04459,1282.75,501.0,56.68,2.01,1,200.0,1.3,Premium
CUST_04460,143.3,45.0,1.76,0.1,2,54.0,0.0,Basic
CUST_04461,925.27,710.0,44.01,0.98,0,222.0,0.3,Unlimited
CUST_04462,1284.0,466.0,42.34,2.19,1,189.0,1.6,Unlimited
CUST_04463,473.34,319.0,7.55,0.42,0,107.0,0.0,Standard
CUST_04464,157.63,110.0,1.52,0.06,0,76.0,0.1,Prepaid
CUST_04465,120.85,137.0,2.37,0.11,1,56.0,1.0,Basic
CUST_04466,172.26,128.0,2.42,0.09,0,65.0,0.8,Basic
CUST_04467,776.32,256.0,92.43,1.49,0,68.0,0.1,Data Plan
CUST_04468,1027.73,292.0,83.02,0.58,0,92.0,1.9,Unlimited
CUST_04469,159.22,135.0,2.06,0.04,0,50.0,2.0,Prepaid
CUST_04470,147.33,117.0,2.34,0.15,0,33.0,0.9,Basic
CUST_04471,477.57,255.0,6.75,0.53,2,96.0,2.7,Basic
CUST_04472,526.4,393.0,11.72,0.26,0,167.0,2.0,Standard
CUST_04473,228.11,241.0,8.41,0.7,3,85.0,15.5,Standard
CUST_04474,390.76,206.0,7.82,0.17,0,117.0,0.0,Standard
CUST_04475,412.93,251.0,10.06,0.44,0,71.0,3.6,Standard
CUST_04476,273.89,248.0,11.25,0.33,0,217.0,0.4,Standard
CUST_04477,532.6,217.0,9.43,0.66,1,162.0,15.2,Standard
CUST_04478,881.17,201.0,58.05,1.2,0,69.0,1.1,Unlimited
CUST_04479,842.54,471.0,10.77,6.17,0,89.0,0.6,Standard
CUST_04480,462.07,339.0,7.85,0.28,0,180.0,6.4,Postpaid
CUST_04481,444.38,352.0,10.42,0.25,0,203.0,3.6,Standard
CUST_04482,424.36,304.0,12.26,0.21,0,163.0,3.8,Postpaid
CUST_04483,162.66,99.0,2.42,0.09,0,30.0,0.4,Prepaid
CUST_04484,1235.95,465.0,40.35,1.62,0,187.0,0.1,Premium
CUST_04485,152.91,111.0,1.99,0.16,1,55.0,0.2,Basic
CUST_04486,201.35,70.0,1.44,0.1,0,45.0,1.4,Basic
CUST_04487,329.22,320.0,9.02,0.34,0,157.0,3.1,Standard
CUST_04488,928.78,193.0,79.76,0.87,0,75.0,0.3,Data Plan
CUST_04489,1091.22,48.0,0.8,47.15,0,184.0,0.4,Unlimited
CUST_04490,172.39,72.0,1.42,0.08,0,37.0,0.1,Basic
CUST_04491,792.19,223.0,82.97,0.67,0,61.0,0.6,Unlimited
CUST_04492,432.6,195.0,9.66,0.33,0,154.0,0.2,Postpaid
CUST_04493,847.63,290.0,14.69,8.38,3,77.0,5.3,Standard
CUST_04494,960.89,280.0,76.03,0.82,0,96.0,5.4,Data Plan
CUST_04495,975.35,334.0,10.34,10.8,1,125.0,2.1,International
CUST_04496,1108.77,580.0,42.53,1.8,1,168.0,0.0,Premium
CUST_04497,682.98,339.0,11.69,7.23,3,102.0,1.3,International
CUST_04498,380.52,242.0,5.74,0.58,3,88.0,15.3,Basic
CUST_04499,133.23,97.0,1.78,0.1,0,67.0,1.8,Basic
CUST_04500,864.3,351.0,12.63,9.63,1,102.0,0.8,International
CUST_04501,133.13,95.0,1.71,0.06,1,59.0,3.0,Basic
CUST_04502,155.54,106.0,2.16,0.13,0,52.0,0.3,Basic
CUST_04503,543.71,275.0,9.66,0.32,0,127.0,0.2,Postpaid
CUST_04504,134.9,118.0,2.83,0.03,0,40.0,1.3,Prepaid
CUST_04505,218.73,111.0,0.96,0.1,0,47.0,2.2,Basic
CUST_04506,368.66,328.0,11.88,0.74,5,147.0,2.7,Standard
CUST_04507,840.67,318.0,17.69,8.16,2,79.0,1.8,International
CUST_04508,1150.16,582.0,52.78,2.45,0,284.0,2.0,Unlimited
CUST_04509,1070.74,571.0,56.98,1.98,0,219.0,3.4,Premium
CUST_04510,811.92,436.0,17.04,11.71,2,82.0,1.3,International
CUST_04511,133.13,124.0,1.19,0.07,0,28.0,1.8,Basic
CUST_04512,324.09,348.0,12.38,0.29,0,165.0,1.4,Standard
CUST_04513,1210.46,720.0,36.19,2.08,0,105.0,1.2,Premium
CUST_04514,1022.9,225.0,89.57,0.7,0,59.0,2.0,Unlimited
CUST_04515,177.55,72.0,1.9,0.14,1,57.0,1.3,Basic
CUST_04516,996.29,304.0,14.15,4.91,0,133.0,10.5,Standard
CUST_04517,853.06,344.0,15.86,10.44,0,114.0,8.5,International
CUST_04518,172.77,76.0,2.15,0.08,0,45.0,2.8,Basic
CUST_04519,344.16,435.0,11.42,0.06,0,92.0,4.1,Standard
CUST_04520,473.85,283.0,9.05,0.52,0,177.0,4.2,Standard
CUST_04521,349.6,237.0,4.8,0.56,3,137.0,9.7,Basic
CUST_04522,157.81,95.0,1.68,0.13,0,72.0,1.2,Basic
CUST_04523,1116.23,598.0,51.25,2.0,0,323.0,0.5,Premium
CUST_04524,872.14,182.0,97.24,1.21,1,69.0,1.5,Unlimited
CUST_04525,190.49,165.0,9.77,0.36,1,149.0,21.4,Standard
CUST_04526,432.39,313.0,7.46,0.35,4,114.0,12.8,Standard
CUST_04527,1234.07,613.0,61.33,2.02,0,193.0,0.8,Premium
CUST_04528,887.36,129.0,85.46,1.02,0,65.0,2.1,Unlimited
CUST_04529,1066.45,347.0,13.92,7.46,0,122.0,3.1,International
CUST_04530,372.64,211.0,9.23,0.3,0,242.0,2.1,Standard
CUST_04531,206.29,77.0,1.28,0.03,0,51.0,1.0,Prepaid
CUST_04532,222.26,261.0,3.47,,2,101.0,5.7,Basic
CUST_04533,161.98,111.0,2.37,0.13,0,50.0,0.0,Basic
CUST_04534,78.85,223.0,1.84,0.38,1,95.0,19.2,Standard
CUST_04535,923.48,621.0,65.62,2.2,0,163.0,0.0,Unlimited
CUST_04536,206.43,89.0,0.9,0.14,0,41.0,0.3,Prepaid
CUST_04537,395.18,183.0,9.99,0.39,0,201.0,5.1,Postpaid
CUST_04538,184.78,94.0,2.12,0.06,0,41.0,,Prepaid
CUST_04539,1104.1,682.0,58.18,1.21,0,253.0,0.1,Unlimited
CUST_04540,670.76,274.0,17.12,9.07,0,140.0,6.9,Standard
CUST_04541,141.55,91.0,1.47,0.08,0,49.0,1.4,Prepaid
CUST_04542,355.85,254.0,9.47,0.3,0,182.0,2.3,Standard
CUST_04543,392.33,193.0,9.87,0.18,0,97.0,2.2,Standard
CUST_04544,727.43,135.0,68.93,0.63,0,64.0,1.2,Data Plan
CUST_04545,105.64,79.0,2.47,0.11,0,40.0,0.2,Basic
CUST_04546,458.79,248.0,11.55,0.15,15,159.0,56.9,Standard
CUST_04547,1099.94,740.0,55.77,2.27,0,105.0,0.4,Premium
CUST_04548,324.51,297.0,4.69,0.44,2,100.0,8.7,Standard
CUST_04549,341.69,328.0,10.8,0.15,0,133.0,3.1,Postpaid
CUST_04550,386.71,175.0,12.93,0.26,0,120.0,0.8,Standard
CUST_04551,373.2,307.0,10.71,0.33,0,155.0,0.7,Standard
CUST_04552,143.26,122.0,2.11,0.21,0,65.0,0.4,Prepaid
CUST_04553,213.99,88.0,1.61,0.07,0,50.0,0.9,Basic
CUST_04554,689.14,223.0,72.58,0.73,2,80.0,0.2,Data Plan
CUST_04555,484.71,314.0,10.52,0.35,0,110.0,2.3,Postpaid
CUST_04556,360.66,295.0,8.96,0.38,0,88.0,1.1,Standard
CUST_04557,1315.82,587.0,53.88,1.96,1,233.0,0.4,Premium
CUST_04558,1216.21,535.0,56.94,2.27,0,202.0,0.5,Unlimited
CUST_04559,526.93,234.0,10.29,0.24,0,138.0,1.5,Standard
CUST_04560,1165.94,763.0,34.15,2.38,0,282.0,0.2,Premium
CUST_04561,474.15,451.0,15.57,9.24,0,139.0,4.2,International
CUST_04562,436.32,251.0,9.82,0.5,0,142.0,3.4,Standard
CUST_04563,285.36,219.0,6.86,0.27,3,102.0,4.6,Standard
CUST_04564,202.76,369.0,8.89,0.28,0,140.0,4.2,Standard
CUST_04565,1104.89,168.0,96.93,0.88,0,43.0,0.6,Data Plan
CUST_04566,107.08,107.0,2.73,0.14,0,48.0,2.4,Basic
CUST_04567,456.45,297.0,7.28,0.26,0,209.0,0.1,Standard
CUST_04568,104.3,106.0,1.75,0.03,1,54.0,1.4,Prepaid
CUST_04569,933.48,194.0,70.16,0.39,0,65.0,1.1,Data Plan
CUST_04570,1088.55,537.0,13.95,5.19,0,115.0,1.8,International
CUST_04571,751.73,251.0,64.23,0.68,1,69.0,0.2,Data Plan
CUST_04572,246.59,458.0,8.56,0.49,0,142.0,5.3,Standard
CUST_04573,1377.87,497.0,63.78,2.36,0,183.0,0.0,Premium
CUST_04574,834.62,18.0,1.9,45.65,0,102.0,11.4,International
CUST_04575,684.7,197.0,87.34,1.05,0,61.0,1.4,Data Plan
CUST_04576,362.77,259.0,5.96,,3,67.0,11.3,Standard
CUST_04577,258.9,193.0,9.82,0.53,0,150.0,0.5,Standard
CUST_04578,1312.83,725.0,38.28,2.64,0,174.0,0.5,Unlimited
CUST_04579,330.67,456.0,9.72,0.34,0,146.0,0.3,Standard
CUST_04580,182.66,322.0,7.88,0.51,3,175.0,16.1,Standard
CUST_04581,378.62,386.0,10.66,0.19,0,129.0,0.1,Standard
CUST_04582,190.21,133.0,2.05,0.16,0,30.0,0.1,Basic
CUST_04583,557.75,411.0,5.54,0.41,4,150.0,5.2,Standard
CUST_04584,246.21,256.0,9.46,0.18,1,222.0,1.9,Postpaid
CUST_04585,397.7,340.0,8.93,0.41,1,170.0,,Postpaid
CUST_04586,185.19,142.0,1.92,0.12,0,45.0,1.1,Prepaid
CUST_04587,1411.25,692.0,51.84,1.73,0,271.0,0.1,Premium
CUST_04588,918.51,477.0,13.76,6.78,1,88.0,0.4,International
CUST_04589,174.66,92.0,2.06,0.06,0,63.0,0.1,Prepaid
CUST_04590,410.21,214.0,11.38,0.26,0,107.0,0.7,Postpaid
CUST_04591,993.67,581.0,62.28,1.78,0,213.0,0.1,Unlimited
CUST_04592,114.5,114.0,1.11,0.07,0,30.0,0.0,Basic
CUST_04593,935.05,530.0,42.47,1.71,1,168.0,0.5,Premium
CUST_04594,402.56,341.0,8.93,1.05,2,70.0,3.9,Standard
CUST_04595,483.38,317.0,8.94,0.52,2,126.0,2.0,Standard
CUST_04596,349.47,223.0,11.86,0.51,2,118.0,24.0,Standard
CUST_04597,347.27,334.0,9.82,0.21,1,50.0,4.3,Basic
CUST_04598,125.19,163.0,2.32,0.04,0,44.0,0.7,Prepaid
CUST_04599,126.22,103.0,1.08,0.09,0,27.0,1.2,Prepaid
CUST_04600,168.32,74.0,1.51,0.09,1,25.0,0.9,Basic
CUST_04601,250.92,280.0,9.19,0.26,1,210.0,1.8,Postpaid
CUST_04602,77.28,79.0,2.06,0.15,0,32.0,0.6,Prepaid
CUST_04603,400.26,245.0,11.46,0.26,0,97.0,9.4,Standard
CUST_04604,1192.23,742.0,33.86,2.01,0,87.0,0.2,Unlimited
CUST_04605,1183.11,498.0,53.04,2.1,0,260.0,0.0,Premium
CUST_04606,153.4,66.0,1.84,0.06,0,33.0,0.4,Prepaid
CUST_04607,317.59,285.0,11.64,0.31,0,228.0,1.0,Standard
CUST_04608,148.18,60.0,1.88,0.07,0,47.0,0.9,Basic
CUST_04609,470.05,350.0,11.23,0.25,0,106.0,4.6,Standard
CUST_04610,838.01,378.0,15.63,10.64,0,130.0,1.3,Standard
CUST_04611,1285.76,522.0,38.51,2.6,10,255.0,75.5,Premium
CUST_04612,161.75,47.0,1.55,0.09,0,36.0,0.7,Prepaid
CUST_04613,314.13,276.0,8.87,0.54,2,199.0,4.4,Basic
CUST_04614,953.24,513.0,20.42,7.87,1,115.0,3.0,International
CUST_04615,225.79,301.0,8.3,0.69,8,171.0,0.1,Standard
CUST_04616,1057.05,479.0,15.15,9.45,1,88.0,0.1,Standard
CUST_04617,994.08,160.0,68.17,0.86,2,76.0,2.5,Data Plan
CUST_04618,987.93,202.0,86.17,1.1,0,84.0,0.2,Unlimited
CUST_04619,431.39,172.0,7.9,0.18,3,83.0,14.6,Basic
CUST_04620,142.43,90.0,2.02,0.1,0,61.0,1.4,Prepaid
CUST_04621,404.38,349.0,6.45,0.34,1,153.0,0.3,Standard
CUST_04622,1061.63,153.0,87.88,1.11,0,78.0,0.1,Data Plan
CUST_04623,467.6,341.0,11.0,0.44,0,129.0,3.6,Standard
CUST_04624,386.54,446.0,12.33,0.17,0,198.0,2.1,Standard
CUST_04625,649.36,304.0,15.32,11.75,0,120.0,0.6,International
CUST_04626,365.02,446.0,11.57,0.23,1,132.0,0.4,Standard
CUST_04627,890.14,185.0,88.41,0.92,1,65.0,6.9,Data Plan
CUST_04628,476.87,319.0,4.38,0.42,1,191.0,10.8,Postpaid
CUST_04629,167.61,101.0,2.15,0.18,0,35.0,0.6,Prepaid
CUST_04630,715.22,486.0,12.01,9.81,0,78.0,0.3,International
CUST_04631,1105.6,593.0,48.4,1.42,0,245.0,0.5,Unlimited
CUST_04632,207.49,219.0,4.75,0.38,2,142.0,4.2,Basic
CUST_04633,957.23,242.0,82.39,0.93,1,83.0,1.3,Data Plan
CUST_04634,372.41,276.0,10.0,0.24,0,162.0,5.1,Standard
CUST_04635,136.67,130.0,2.21,0.01,1,46.0,0.3,Basic
CUST_04636,449.92,260.0,9.87,0.32,1,146.0,1.8,Standard
CUST_04637,1045.8,149.0,66.87,0.87,0,93.0,,Data Plan
CUST_04638,364.09,250.0,9.04,0.63,2,182.0,11.3,Basic
CUST_04639,881.69,232.0,16.22,8.95,0,107.0,9.5,International
CUST_04640,1007.58,259.0,75.68,1.18,0,79.0,3.2,Data Plan
CUST_04641,408.63,232.0,11.54,0.34,0,115.0,3.2,Standard
CUST_04642,462.79,307.0,11.25,0.29,0,161.0,0.9,Standard
CUST_04643,687.31,373.0,10.65,5.83,1,123.0,5.1,International
CUST_04644,523.51,316.0,11.23,0.18,0,175.0,2.9,Postpaid
CUST_04645,777.65,320.0,15.96,7.63,0,69.0,0.6,International
CUST_04646,144.48,100.0,0.41,0.16,0,43.0,1.4,Basic
CUST_04647,1493.76,594.0,48.33,2.19,1,201.0,0.4,Unlimited
CUST_04648,102.48,114.0,2.19,0.18,1,37.0,1.0,Prepaid
CUST_04649,187.67,123.0,2.71,0.08,0,48.0,0.7,Basic
CUST_04650,791.48,175.0,80.78,1.15,0,100.0,2.8,Unlimited
CUST_04651,169.45,68.0,2.82,0.19,0,44.0,0.5,Basic
CUST_04652,1739.27,690.0,56.65,1.5,1,76.0,1.7,Unlimited
CUST_04653,1094.11,238.0,67.65,0.97,0,74.0,0.9,Unlimited
CUST_04654,389.48,217.0,8.49,0.52,5,193.0,0.6,Basic
CUST_04655,431.33,362.0,11.64,0.28,0,133.0,0.5,Postpaid
CUST_04656,968.65,433.0,15.48,9.78,3,94.0,1.9,International
CUST_04657,1194.02,357.0,38.76,2.84,0,163.0,0.3,Unlimited
CUST_04658,199.17,105.0,3.03,0.16,0,55.0,0.5,Basic
CUST_04659,146.11,75.0,1.46,0.04,0,68.0,2.1,Basic
CUST_04660,492.96,262.0,7.73,0.52,6,106.0,5.5,Basic
CUST_04661,817.26,188.0,78.12,0.89,1,102.0,5.7,Data Plan
CUST_04662,1054.15,186.0,81.72,0.59,0,62.0,0.2,Data Plan
CUST_04663,1365.34,635.0,,2.29,0,174.0,0.3,Unlimited
CUST_04664,762.37,35.0,0.59,31.11,0,124.0,0.6,International
CUST_04665,272.27,233.0,10.9,0.45,0,167.0,1.6,Postpaid
CUST_04666,167.65,94.0,2.09,0.13,0,78.0,0.6,Basic
CUST_04667,24.25,458.0,57.57,1.87,1,190.0,0.5,Premium
CUST_04668,493.21,238.0,12.14,0.37,2,145.0,0.1,Standard
CUST_04669,363.9,357.0,10.78,0.36,0,141.0,4.4,Standard
CUST_04670,739.89,384.0,8.26,6.61,0,122.0,3.1,International
CUST_04671,1000.94,279.0,97.19,1.11,0,94.0,1.8,Data Plan
CUST_04672,189.53,48.0,1.98,0.0,0,40.0,0.4,Basic
CUST_04673,138.34,105.0,1.68,0.12,0,79.0,4.4,Basic
CUST_04674,434.24,234.0,6.87,0.33,2,187.0,4.7,Postpaid
CUST_04675,120.43,98.0,2.57,0.05,1,77.0,1.3,Basic
CUST_04676,354.95,242.0,7.3,0.21,1,151.0,9.6,Standard
CUST_04677,1069.11,505.0,59.92,2.0,1,186.0,0.1,Premium
CUST_04678,474.14,382.0,10.26,0.23,0,72.0,2.9,Standard
CUST_04679,142.53,94.0,2.63,0.17,0,48.0,0.5,Basic
CUST_04680,724.54,226.0,85.07,1.15,0,50.0,3.3,Unlimited
CUST_04681,149.28,122.0,1.53,0.18,0,30.0,1.2,Basic
CUST_04682,322.14,252.0,12.81,0.32,1,95.0,3.9,Postpaid
CUST_04683,862.46,282.0,11.43,11.6,1,72.0,3.4,Standard
CUST_04684,352.59,289.0,10.75,0.39,1,137.0,2.1,Postpaid
CUST_04685,326.77,282.0,5.53,0.03,3,139.0,0.3,Basic
CUST_04686,334.18,359.0,4.89,0.41,1,76.0,1.9,Standard
CUST_04687,177.74,78.0,1.77,0.01,0,32.0,0.8,Basic
CUST_04688,411.31,310.0,8.4,0.28,0,143.0,3.8,Standard
CUST_04689,235.69,236.0,6.88,0.24,0,160.0,0.8,Postpaid
CUST_04690,544.21,229.0,8.36,0.73,5,132.0,1.8,Standard
CUST_04691,1235.69,557.0,59.84,2.53,0,96.0,1.2,Premium
CUST_04692,397.15,331.0,14.1,0.23,0,138.0,1.1,Standard
CUST_04693,189.87,85.0,1.49,0.11,1,62.0,1.8,Prepaid
CUST_04694,156.02,153.0,2.95,0.16,0,31.0,0.8,Basic
CUST_04695,1350.98,514.0,49.27,2.15,0,144.0,0.4,Premium
CUST_04696,379.76,320.0,12.92,0.35,0,175.0,3.5,Postpaid
CUST_04697,736.89,444.0,13.97,8.6,2,134.0,6.3,Standard
CUST_04698,1140.0,97.0,51.38,0.95,1,76.0,0.8,Unlimited
CUST_04699,384.07,267.0,,0.19,1,94.0,1.6,Standard
CUST_04700,155.55,81.0,2.64,0.12,0,22.0,0.3,Basic
CUST_04701,333.05,363.0,11.09,0.33,1,188.0,2.2,Postpaid
CUST_04702,1144.9,341.0,14.41,7.1,0,105.0,3.3,Standard
CUST_04703,1429.83,684.0,59.58,2.17,0,213.0,0.2,Premium
CUST_04704,306.79,224.0,13.37,0.55,3,69.0,14.5,Basic
CUST_04705,135.64,79.0,2.33,0.13,0,48.0,0.8,Prepaid
CUST_04706,861.71,512.0,13.98,6.67,0,81.0,4.2,International
CUST_04707,395.9,274.0,11.29,0.56,3,123.0,0.8,Basic
CUST_04708,85.93,98.0,1.94,0.1,0,73.0,0.5,Basic
CUST_04709,397.06,242.0,8.58,0.34,1,200.0,0.7,Standard
CUST_04710,1260.08,673.0,37.75,0.95,0,239.0,0.3,Unlimited
CUST_04711,252.02,318.0,8.88,0.43,7,155.0,11.0,Basic
CUST_04712,850.54,413.0,14.4,8.26,0,110.0,1.5,International
CUST_04713,455.55,268.0,9.25,0.11,0,148.0,0.8,Postpaid
CUST_04714,111.51,141.0,1.22,0.16,1,53.0,1.3,Prepaid
CUST_04715,757.98,481.0,13.63,6.21,0,28.0,3.0,Standard
CUST_04716,313.94,375.0,10.45,0.21,0,106.0,0.2,Standard
CUST_04717,870.31,264.0,79.85,1.07,1,65.0,0.6,Unlimited
CUST_04718,501.63,190.0,9.09,0.11,0,124.0,7.1,Standard
CUST_04719,1107.98,682.0,52.58,1.52,1,159.0,0.6,Unlimited
CUST_04720,278.65,199.0,7.36,0.39,2,176.0,34.3,Standard
CUST_04721,728.91,416.0,16.93,11.63,1,86.0,12.8,International
CUST_04722,164.52,129.0,10.28,0.27,2,159.0,18.4,Standard
CUST_04723,212.65,219.0,5.98,0.67,2,135.0,22.5,Standard
CUST_04724,717.57,472.0,17.03,2.47,4,44.0,3.2,International
CUST_04725,882.12,318.0,18.57,8.3,0,127.0,1.0,Standard
CUST_04726,130.59,147.0,1.83,0.09,0,39.0,0.9,Prepaid
CUST_04727,954.19,282.0,38.17,1.18,0,69.0,0.3,Data Plan
CUST_04728,950.71,316.0,13.35,8.49,1,61.0,2.4,International
CUST_04729,1359.95,611.0,42.41,2.42,0,242.0,0.8,Premium
CUST_04730,1330.43,617.0,53.79,1.42,0,194.0,0.4,Unlimited
CUST_04731,862.22,575.0,50.06,2.12,0,223.0,0.2,Premium
CUST_04732,177.98,87.0,2.37,0.07,0,49.0,0.7,Prepaid
CUST_04733,362.71,246.0,5.17,0.39,4,26.0,15.5,Basic
CUST_04734,166.69,90.0,1.74,0.1,0,20.0,0.4,Basic
CUST_04735,1024.14,193.0,85.8,0.76,0,86.0,2.2,Data Plan
CUST_04736,200.89,139.0,1.98,0.09,0,19.0,2.1,Basic
CUST_04737,983.11,103.0,83.27,0.85,0,101.0,1.6,Data Plan
CUST_04738,329.37,301.0,2.51,0.0,4,88.0,19.8,Standard
CUST_04739,257.65,175.0,4.28,0.75,3,72.0,18.0,Standard
CUST_04740,371.63,342.0,11.21,0.4,1,153.0,1.2,Standard
CUST_04741,435.69,223.0,8.79,0.61,2,80.0,37.0,Standard
CUST_04742,336.33,313.0,9.68,0.19,1,140.0,0.3,Postpaid
CUST_04743,1599.65,564.0,40.68,2.16,1,151.0,0.7,Premium
CUST_04744,283.15,45.0,1.52,41.94,0,177.0,2.8,Standard
CUST_04745,1032.91,199.0,82.61,0.7,0,82.0,2.6,Unlimited
CUST_04746,127.93,106.0,1.33,0.11,0,57.0,0.9,Basic
CUST_04747,573.58,347.0,8.56,0.51,0,97.0,0.6,Standard
CUST_04748,1176.69,661.0,54.71,1.58,1,125.0,0.6,Unlimited
CUST_04749,136.8,87.0,1.44,0.15,0,60.0,0.1,Basic
CUST_04750,289.92,332.0,7.72,0.31,0,137.0,1.3,Postpaid
CUST_04751,1265.03,745.0,50.58,1.8,1,235.0,0.0,Unlimited
CUST_04752,513.07,283.0,7.06,0.54,5,103.0,6.6,Standard
CUST_04753,1392.66,527.0,44.27,2.14,0,67.0,0.2,Unlimited
CUST_04754,955.37,508.0,17.56,8.46,0,85.0,0.7,Standard
CUST_04755,362.6,284.0,5.16,0.24,0,122.0,4.6,Postpaid
CUST_04756,981.61,500.0,39.96,2.05,0,206.0,0.6,Premium
CUST_04757,124.32,98.0,1.46,0.11,0,22.0,0.1,Basic
CUST_04758,1000.9,562.0,38.37,2.77,2,304.0,0.6,Unlimited
CUST_04759,1283.74,694.0,44.93,1.88,0,141.0,0.5,Premium
CUST_04760,837.82,422.0,13.0,8.22,0,44.0,0.2,International
CUST_04761,403.68,195.0,1.08,0.39,3,124.0,0.0,Standard
CUST_04762,677.74,204.0,81.5,0.78,2,103.0,0.4,Data Plan
CUST_04763,763.28,424.0,10.82,9.37,2,103.0,2.9,International
CUST_04764,201.01,217.0,7.49,0.25,3,78.0,2.2,Basic
CUST_04765,402.19,210.0,10.24,0.26,0,135.0,4.7,Postpaid
CUST_04766,849.78,461.0,13.7,7.56,0,117.0,0.7,International
CUST_04767,5882.95,61.0,2.55,18.62,9,54.0,2.3,Basic
CUST_04768,2201.58,689.0,44.3,1.98,1,199.0,0.4,Premium
CUST_04769,147.35,73.0,1.47,0.11,0,58.0,0.4,Prepaid
CUST_04770,1075.08,740.0,57.86,1.78,0,269.0,0.9,Premium
CUST_04771,904.42,360.0,14.9,9.0,3,101.0,3.5,International
CUST_04772,1057.53,546.0,45.92,1.87,0,208.0,0.3,Premium
CUST_04773,1599.12,700.0,52.8,2.28,0,221.0,0.2,Unlimited
CUST_04774,395.83,199.0,8.85,0.21,0,130.0,1.5,Postpaid
CUST_04775,810.71,333.0,13.71,5.75,2,117.0,1.9,International
CUST_04776,597.1,435.0,,6.91,2,59.0,1.5,International
CUST_04777,793.92,215.0,80.88,0.89,0,81.0,0.4,Data Plan
CUST_04778,747.28,241.0,,0.73,1,85.0,0.0,Data Plan
CUST_04779,144.99,48.0,1.16,0.06,0,44.0,1.4,Basic
CUST_04780,103.1,103.0,2.88,0.0,0,79.0,1.9,Basic
CUST_04781,1123.61,371.0,17.71,9.93,2,148.0,4.4,International
CUST_04782,439.81,181.0,8.78,0.35,1,149.0,3.8,Standard
CUST_04783,388.86,213.0,4.79,0.72,2,129.0,14.9,Standard
CUST_04784,445.14,270.0,11.03,0.48,1,192.0,1.2,Postpaid
CUST_04785,313.56,274.0,12.13,0.66,5,75.0,1.3,Basic
CUST_04786,957.11,187.0,75.6,0.73,0,64.0,0.3,Unlimited
CUST_04787,1007.55,458.0,45.55,1.42,2,194.0,0.2,Unlimited
CUST_04788,350.17,244.0,9.04,0.39,0,155.0,0.9,Postpaid
CUST_04789,975.67,749.0,50.95,1.67,1,209.0,0.8,Unlimited
CUST_04790,174.61,104.0,1.59,0.15,0,65.0,1.4,Prepaid
CUST_04791,937.37,594.0,48.36,2.75,0,213.0,0.3,Unlimited
CUST_04792,332.66,202.0,0.04,1.03,3,152.0,14.6,Standard
CUST_04793,218.94,285.0,11.7,0.21,3,108.0,5.4,Basic
CUST_04794,1389.33,795.0,44.27,1.91,0,266.0,1.7,Unlimited
CUST_04795,682.76,384.0,15.15,7.03,1,134.0,0.9,International
CUST_04796,602.17,125.0,73.53,1.09,2,80.0,1.4,Unlimited
CUST_04797,438.17,255.0,11.38,0.36,1,137.0,2.4,Standard
CUST_04798,155.46,127.0,1.91,0.18,0,65.0,1.1,Prepaid
CUST_04799,400.5,191.0,9.08,0.4,0,103.0,0.5,Postpaid
CUST_04800,314.42,192.0,10.67,0.21,0,132.0,9.3,Standard
CUST_04801,166.75,94.0,2.63,0.2,1,50.0,0.4,Prepaid
CUST_04802,630.87,264.0,14.77,6.68,0,78.0,3.1,International
CUST_04803,143.47,92.0,2.02,0.09,0,69.0,1.8,Basic
CUST_04804,285.05,287.0,6.94,0.76,4,129.0,14.8,Basic
CUST_04805,876.44,206.0,17.81,4.51,0,78.0,5.9,Standard
CUST_04806,688.34,337.0,20.39,7.19,0,38.0,4.4,International
CUST_04807,1216.81,732.0,51.67,2.72,0,211.0,0.0,Premium
CUST_04808,1202.88,490.0,65.7,1.55,0,229.0,0.6,Premium
CUST_04809,489.69,179.0,9.07,0.38,0,157.0,,Standard
CUST_04810,423.96,194.0,11.5,0.34,0,157.0,5.4,Standard
CUST_04811,181.49,127.0,1.63,0.17,1,46.0,4.4,Basic
CUST_04812,555.94,200.0,9.56,0.7,2,89.0,5.7,Basic
CUST_04813,250.4,234.0,8.9,0.34,2,170.0,1.3,Postpaid
CUST_04814,257.62,252.0,10.9,0.22,0,164.0,0.5,Standard
CUST_04815,617.19,435.0,13.21,4.68,0,59.0,9.7,International
CUST_04816,1420.52,630.0,57.15,2.95,0,142.0,0.2,Unlimited
CUST_04817,970.59,222.0,90.94,0.72,0,63.0,0.4,Unlimited
CUST_04818,304.81,394.0,3.43,0.28,5,136.0,4.1,Basic
CUST_04819,692.12,425.0,15.76,10.83,1,122.0,12.6,International
CUST_04820,1437.57,744.0,48.58,2.92,0,187.0,0.2,Unlimited
CUST_04821,1258.59,682.0,57.32,1.95,0,230.0,0.1,Premium
CUST_04822,152.91,108.0,1.45,0.14,0,62.0,0.3,Prepaid
CUST_04823,854.55,780.0,66.96,2.13,0,230.0,0.1,Premium
CUST_04824,954.92,618.0,15.0,5.76,1,70.0,8.2,Standard
CUST_04825,870.48,167.0,77.63,0.91,0,92.0,3.7,Data Plan
CUST_04826,1078.91,37.0,0.78,29.75,0,99.0,5.1,Data Plan
CUST_04827,406.85,315.0,11.08,0.26,0,183.0,0.8,Standard
CUST_04828,498.4,304.0,6.23,0.32,0,166.0,1.9,Postpaid
CUST_04829,655.8,478.0,17.43,7.99,1,96.0,1.8,International
CUST_04830,148.57,107.0,1.93,0.07,0,49.0,2.2,Prepaid
CUST_04831,189.34,201.0,9.28,0.74,3,90.0,1.7,Basic
CUST_04832,629.24,140.0,90.96,1.2,0,32.0,2.5,Data Plan
CUST_04833,262.29,213.0,12.54,0.29,17,121.0,38.7,Postpaid
CUST_04834,901.61,440.0,15.78,9.23,1,148.0,5.1,Standard
CUST_04835,409.46,290.0,8.26,0.35,1,214.0,8.4,Standard
CUST_04836,694.2,378.0,15.2,7.04,1,62.0,0.8,International
CUST_04837,746.08,428.0,13.62,10.23,2,71.0,1.4,Standard
CUST_04838,1127.03,521.0,13.37,6.91,2,146.0,0.7,International
CUST_04839,1867.48,637.0,28.61,2.97,1,205.0,0.8,Premium
CUST_04840,146.23,117.0,1.63,0.17,0,56.0,0.3,Basic
CUST_04841,256.14,352.0,11.49,0.41,1,114.0,2.2,Standard
CUST_04842,1402.3,678.0,41.87,1.96,0,228.0,0.5,Premium
CUST_04843,1602.82,645.0,42.95,2.02,0,186.0,0.7,Unlimited
CUST_04844,326.2,251.0,10.44,0.19,4,164.0,4.0,Basic
CUST_04845,1009.8,201.0,83.25,1.42,0,76.0,0.6,Unlimited
CUST_04846,187.08,116.0,2.36,0.06,0,57.0,0.6,Basic
CUST_04847,152.99,118.0,1.63,0.06,0,51.0,2.2,Basic
CUST_04848,872.71,353.0,13.95,7.82,1,71.0,1.2,International
CUST_04849,146.39,67.0,1.48,0.03,0,62.0,1.1,Basic
CUST_04850,226.23,208.0,5.8,0.24,2,95.0,36.8,Basic
CUST_04851,463.29,248.0,12.18,0.34,0,137.0,2.1,Standard
CUST_04852,784.55,655.0,50.16,2.42,1,226.0,0.4,Unlimited
CUST_04853,540.46,249.0,10.05,0.14,0,97.0,7.2,Postpaid
CUST_04854,1217.19,634.0,48.17,1.81,1,236.0,0.4,Unlimited
CUST_04855,767.3,476.0,11.22,8.27,3,113.0,4.9,International
CUST_04856,893.77,281.0,78.61,1.32,1,104.0,0.5,Unlimited
CUST_04857,120.53,70.0,1.82,0.0,1,36.0,0.7,Prepaid
CUST_04858,1015.13,384.0,16.81,6.48,0,62.0,2.9,International
CUST_04859,987.39,154.0,68.02,0.89,0,65.0,0.6,Data Plan
CUST_04860,1029.26,358.0,12.39,6.95,10,102.0,42.4,International
CUST_04861,178.43,136.0,2.31,0.14,0,42.0,0.8,Basic
CUST_04862,689.29,189.0,86.5,1.03,0,71.0,0.3,Data Plan
CUST_04863,345.17,253.0,14.21,0.18,1,151.0,2.6,Standard
CUST_04864,618.37,263.0,8.39,0.42,6,119.0,1.7,Standard
CUST_04865,158.37,146.0,2.11,0.04,1,49.0,2.1,Basic
CUST_04866,123.05,127.0,2.54,0.0,0,62.0,0.3,Basic
CUST_04867,1221.57,677.0,61.37,2.17,0,171.0,0.0,Premium
CUST_04868,373.39,279.0,8.41,0.27,0,150.0,0.0,Standard
CUST_04869,845.47,277.0,70.78,0.9,0,70.0,0.3,Data Plan
CUST_04870,140.51,118.0,2.35,0.09,0,64.0,1.6,Basic
CUST_04871,346.8,282.0,8.28,0.89,1,146.0,6.1,Basic
CUST_04872,450.26,300.0,9.59,0.28,0,166.0,2.1,Standard
CUST_04873,186.01,11.0,1.37,26.79,0,30.0,0.8,Basic
CUST_04874,426.98,352.0,9.18,0.33,0,92.0,2.7,Postpaid
CUST_04875,164.47,134.0,1.71,0.2,1,47.0,0.3,Prepaid
CUST_04876,1035.99,290.0,16.09,9.1,2,116.0,3.1,Standard
CUST_04877,1266.99,589.0,52.88,1.91,0,157.0,0.5,Unlimited
CUST_04878,820.72,226.0,65.45,1.7,1,74.0,1.7,Unlimited
CUST_04879,1018.1,203.0,80.67,0.4,14,78.0,61.1,Unlimited
CUST_04880,1106.31,483.0,16.15,6.74,0,103.0,7.0,Standard
CUST_04881,798.4,383.0,15.59,7.7,1,94.0,1.7,International
CUST_04882,1119.49,534.0,57.13,1.82,1,218.0,1.0,Premium
CUST_04883,956.75,244.0,94.55,1.6,0,91.0,0.2,Unlimited
CUST_04884,358.36,248.0,6.72,0.2,1,114.0,0.0,Standard
CUST_04885,427.97,284.0,1.69,0.35,4,92.0,4.3,Standard
CUST_04886,768.79,451.0,12.73,5.05,0,113.0,4.3,International
CUST_04887,158.57,147.0,3.05,0.18,1,60.0,0.3,Basic
CUST_04888,1205.98,279.0,15.69,8.08,1,85.0,3.0,International
CUST_04889,789.37,141.0,97.87,1.09,0,91.0,0.7,Data Plan
CUST_04890,824.65,255.0,69.67,1.1,0,92.0,1.4,Data Plan
CUST_04891,175.01,27.0,0.75,36.49,0,46.0,0.4,Basic
CUST_04892,267.6,294.0,8.06,0.26,0,107.0,2.7,Postpaid
CUST_04893,281.66,336.0,6.9,0.42,3,78.0,7.3,Basic
CUST_04894,1254.28,606.0,38.83,2.85,2,289.0,0.6,Unlimited
CUST_04895,960.98,121.0,90.62,0.79,1,75.0,0.2,Data Plan
CUST_04896,420.54,279.0,20.36,6.86,0,75.0,2.9,International
CUST_04897,556.07,350.0,7.94,0.36,1,199.0,3.3,Standard
CUST_04898,549.9,427.0,21.42,9.01,1,110.0,2.1,Standard
CUST_04899,1112.84,195.0,89.79,1.05,1,103.0,3.8,Data Plan
CUST_04900,518.15,93.0,9.18,0.52,3,120.0,7.2,Basic
CUST_04901,971.07,452.0,15.46,7.64,1,62.0,,International
CUST_04902,476.24,475.0,14.94,6.66,1,111.0,2.3,International
CUST_04903,161.87,82.0,2.18,0.12,0,68.0,3.4,Basic
CUST_04904,403.14,343.0,5.77,0.49,1,179.0,0.7,Standard
CUST_04905,1000.71,338.0,16.58,6.83,2,132.0,5.2,International
CUST_04906,1169.73,801.0,65.65,2.13,0,197.0,0.0,Premium
CUST_04907,184.89,83.0,1.32,0.1,1,35.0,3.9,Prepaid
CUST_04908,403.88,311.0,6.35,0.37,2,133.0,3.9,Postpaid
CUST_04909,1264.77,706.0,44.24,2.65,0,132.0,1.0,Unlimited
CUST_04910,1098.17,242.0,58.59,1.07,1,78.0,0.6,Data Plan
CUST_04911,1218.88,545.0,43.73,2.3,0,165.0,0.1,Unlimited
CUST_04912,638.23,273.0,71.57,1.0,0,94.0,0.7,Data Plan
CUST_04913,180.91,99.0,1.99,0.11,0,75.0,0.6,Basic
CUST_04914,224.21,302.0,11.96,0.25,7,148.0,1.6,Basic
CUST_04915,409.2,340.0,10.27,0.3,1,82.0,33.5,Basic
CUST_04916,190.05,271.0,8.63,0.87,1,165.0,25.0,Basic
CUST_04917,886.88,399.0,15.53,8.95,1,108.0,2.2,International
CUST_04918,333.2,262.0,10.94,0.27,0,149.0,1.3,Postpaid
CUST_04919,629.09,385.0,12.03,8.2,2,119.0,5.7,International
CUST_04920,310.75,264.0,7.18,0.77,4,37.0,6.2,Basic
CUST_04921,898.01,610.0,15.39,3.52,0,67.0,0.0,International
CUST_04922,1331.42,556.0,44.08,2.02,1,195.0,0.4,Premium
CUST_04923,1357.2,550.0,49.05,2.13,0,219.0,1.5,Premium
CUST_04924,891.27,268.0,10.87,6.26,1,110.0,3.4,International
CUST_04925,1382.98,547.0,40.73,1.99,0,236.0,0.9,Premium
CUST_04926,528.96,228.0,10.76,0.55,3,120.0,12.5,Basic
CUST_04927,1244.03,599.0,58.28,1.92,0,118.0,0.2,Unlimited
CUST_04928,718.9,513.0,17.54,10.68,1,58.0,3.5,International
CUST_04929,16.15,319.0,9.99,0.29,2,154.0,2.6,Standard
CUST_04930,532.22,175.0,11.87,0.54,3,78.0,1.0,Basic
CUST_04931,456.19,418.0,8.93,0.32,1,151.0,1.2,Postpaid
CUST_04932,155.69,136.0,1.99,0.14,0,33.0,,Prepaid
CUST_04933,162.25,114.0,1.48,0.11,0,35.0,0.7,Basic
CUST_04934,382.82,282.0,10.37,0.42,1,136.0,6.5,Standard
CUST_04935,1399.16,666.0,39.04,2.18,1,205.0,0.4,Unlimited
CUST_04936,1163.38,615.0,50.96,1.65,1,204.0,0.3,Unlimited
CUST_04937,363.5,388.0,11.06,0.33,1,127.0,1.5,Standard
CUST_04938,771.54,150.0,98.71,1.49,0,69.0,0.3,Data Plan
CUST_04939,792.6,281.0,18.57,3.56,0,38.0,7.1,Standard
CUST_04940,444.38,270.0,6.22,0.37,1,121.0,0.1,Standard
CUST_04941,341.93,313.0,7.88,0.49,0,157.0,0.2,Postpaid
CUST_04942,178.49,76.0,1.84,0.08,0,75.0,0.6,Basic
CUST_04943,167.6,113.0,2.03,0.12,0,51.0,0.5,Basic
CUST_04944,731.35,358.0,10.93,7.65,0,82.0,2.9,International
CUST_04945,1185.53,490.0,12.51,8.87,2,163.0,3.9,International
CUST_04946,414.08,272.0,4.66,0.13,0,159.0,2.2,Postpaid
CUST_04947,144.89,87.0,1.76,0.07,0,66.0,1.0,Basic
CUST_04948,158.01,101.0,0.85,0.12,0,42.0,1.2,Basic
CUST_04949,274.82,165.0,10.64,0.58,3,98.0,0.2,Basic
CUST_04950,1432.5,624.0,51.29,1.84,0,201.0,0.9,Premium
CUST_04951,456.79,293.0,10.59,0.33,0,84.0,1.2,Standard
CUST_04952,800.41,307.0,83.84,0.63,0,78.0,0.9,Unlimited
CUST_04953,445.51,281.0,10.56,0.96,4,144.0,8.2,Basic
CUST_04954,1189.97,811.0,60.48,1.94,0,273.0,0.4,Premium
CUST_04955,978.84,414.0,12.67,11.06,1,101.0,1.3,International
CUST_04956,276.23,326.0,7.84,0.31,1,72.0,1.6,Basic
CUST_04957,179.08,96.0,1.54,0.07,0,59.0,0.5,Basic
CUST_04958,1085.97,547.0,56.67,1.91,0,224.0,0.3,Premium
CUST_04959,284.8,247.0,6.52,0.2,0,126.0,0.1,Postpaid
CUST_04960,1509.89,481.0,41.39,2.4,0,123.0,0.1,Premium
CUST_04961,776.88,215.0,81.47,0.54,0,87.0,0.6,Unlimited
CUST_04962,1107.51,774.0,53.32,2.25,0,257.0,0.2,Premium
CUST_04963,101.78,104.0,2.19,0.1,1,61.0,0.7,Basic
CUST_04964,944.31,186.0,79.32,0.92,0,116.0,0.0,Data Plan
CUST_04965,1179.4,222.0,93.75,0.91,1,63.0,0.7,Data Plan
CUST_04966,1472.66,712.0,70.7,2.66,0,253.0,0.6,Unlimited
CUST_04967,385.87,403.0,12.19,0.36,1,185.0,0.4,Postpaid
CUST_04968,148.27,81.0,1.71,0.08,0,40.0,0.2,Basic
CUST_04969,145.88,103.0,2.29,0.05,1,50.0,0.7,Basic
CUST_04970,144.29,93.0,2.54,0.16,0,57.0,0.5,Basic
CUST_04971,424.69,314.0,7.0,0.51,4,92.0,6.7,Basic
CUST_04972,144.69,84.0,3.54,0.12,0,48.0,2.1,Prepaid
CUST_04973,553.84,265.0,9.98,0.35,1,161.0,4.8,Standard
CUST_04974,157.48,82.0,2.41,0.07,0,41.0,0.8,Prepaid
CUST_04975,98.69,87.0,2.26,0.15,1,47.0,0.0,Basic
CUST_04976,498.35,207.0,13.31,0.36,0,120.0,0.6,Standard
CUST_04977,788.61,159.0,72.04,0.79,0,73.0,4.3,Data Plan
CUST_04978,167.52,87.0,1.61,0.03,0,56.0,1.0,Basic
CUST_04979,644.53,235.0,74.86,0.87,0,64.0,0.8,Data Plan
CUST_04980,797.27,304.0,12.32,9.9,1,153.0,1.7,International
CUST_04981,305.44,309.0,6.23,0.39,2,66.0,10.2,Standard
CUST_04982,186.63,113.0,1.63,0.15,0,56.0,0.5,Prepaid
CUST_04983,935.99,211.0,89.63,1.32,0,106.0,3.2,Unlimited
CUST_04984,446.55,342.0,9.81,0.23,0,176.0,2.3,Standard
CUST_04985,1162.85,446.0,14.93,6.69,1,59.0,4.4,Standard
CUST_04986,1215.77,783.0,60.54,2.04,0,147.0,0.0,Unlimited
CUST_04987,189.16,117.0,1.8,0.16,0,35.0,0.1,Basic
CUST_04988,150.64,75.0,1.68,0.01,0,39.0,2.2,Basic
CUST_04989,173.75,90.0,2.45,0.13,0,25.0,1.9,Basic
CUST_04990,1000.79,622.0,59.16,1.05,0,300.0,0.8,Premium
CUST_04991,510.1,246.0,9.01,0.2,2,116.0,3.9,Standard
CUST_04992,303.06,358.0,9.21,0.34,1,97.0,1.4,Postpaid
CUST_04993,769.74,385.0,13.98,2.41,0,154.0,0.2,International
CUST_04994,885.37,196.0,89.44,1.16,0,64.0,0.7,Data Plan
CUST_04995,486.98,365.0,9.72,0.24,0,167.0,0.6,Standard
CUST_04996,1220.79,572.0,36.42,3.0,0,211.0,0.1,Unlimited
CUST_04997,756.0,462.0,15.16,10.06,2,128.0,0.6,International
CUST_04998,155.84,102.0,0.92,0.07,0,65.0,1.0,Basic
CUST_04999,125.24,113.0,1.17,0.13,0,45.0,1.7,Basic
CUST_05000,390.0,294.0,10.53,0.24,0,107.0,0.0,Standard
CUST_05001,281.87,130.0,11.16,0.76,1,132.0,1.7,Standard
CUST_05002,163.86,73.0,1.95,0.1,0,41.0,0.6,Basic
CUST_05003,351.07,265.0,6.06,0.2,20,157.0,69.0,Standard
CUST_05004,1287.58,652.0,28.65,1.24,0,262.0,0.3,Premium
CUST_05005,1292.47,440.0,56.28,1.72,0,200.0,0.4,Unlimited
CUST_05006,266.23,226.0,12.08,0.38,1,144.0,0.6,Postpaid
CUST_05007,84.36,382.0,16.92,0.63,3,133.0,7.1,Basic
CUST_05008,319.14,320.0,9.32,0.22,0,144.0,3.1,Standard
CUST_05009,510.78,225.0,9.76,0.24,0,99.0,9.7,Postpaid
CUST_05010,1103.94,183.0,76.48,1.06,0,97.0,4.3,Data Plan
CUST_05011,1147.12,710.0,48.69,2.0,0,171.0,0.1,Unlimited
CUST_05012,877.68,210.0,15.92,7.76,0,83.0,1.0,International
CUST_05013,553.92,312.0,9.23,0.48,0,207.0,0.4,Standard
CUST_05014,132.25,95.0,2.37,0.14,0,71.0,2.3,Basic
CUST_05015,436.21,30.0,1.16,32.12,0,144.0,0.4,Postpaid
CUST_05016,128.45,117.0,1.53,0.04,0,46.0,0.5,Basic
CUST_05017,197.39,131.0,2.04,0.03,0,43.0,0.4,Basic
CUST_05018,886.23,156.0,91.17,0.88,0,75.0,0.2,Data Plan
CUST_05019,392.15,255.0,11.0,0.3,1,169.0,3.6,Standard
CUST_05020,728.0,461.0,13.41,8.19,1,132.0,0.8,International
CUST_05021,384.33,346.0,9.67,0.17,1,147.0,0.1,Standard
CUST_05022,1243.39,569.0,56.13,1.66,0,183.0,0.3,Premium
CUST_05023,449.23,265.0,9.59,0.63,0,51.0,19.6,Basic
CUST_05024,507.69,418.0,8.69,0.29,0,157.0,0.4,Standard
CUST_05025,196.14,131.0,1.65,0.02,0,37.0,0.2,Basic
CUST_05026,1152.09,466.0,46.47,2.11,0,175.0,0.8,Premium
CUST_05027,936.12,220.0,80.78,0.71,1,98.0,1.0,Data Plan
CUST_05028,320.05,317.0,8.66,0.49,0,111.0,23.3,Standard
CUST_05029,326.72,280.0,4.32,0.48,2,34.0,1.6,Basic
CUST_05030,120.02,118.0,2.35,0.05,1,54.0,0.1,Basic
CUST_05031,419.56,306.0,13.11,0.38,3,119.0,0.9,Basic
CUST_05032,907.83,371.0,92.92,0.87,1,78.0,0.4,Data Plan
CUST_05033,1286.71,685.0,47.03,1.36,0,214.0,0.3,Unlimited
CUST_05034,130.46,29.0,0.85,41.18,0,54.0,0.2,Basic
CUST_05035,1007.41,789.0,52.8,1.46,0,212.0,0.0,Unlimited
CUST_05036,714.19,229.0,21.22,8.16,1,147.0,1.9,International
CUST_05037,208.17,92.0,2.26,0.17,0,19.0,1.2,Basic
CUST_05038,331.88,390.0,9.52,0.44,1,204.0,6.5,Standard
CUST_05039,163.99,68.0,1.51,0.06,0,45.0,1.0,Prepaid
CUST_05040,443.18,242.0,8.95,0.33,1,164.0,6.9,Standard
CUST_05041,504.6,324.0,9.64,0.38,4,173.0,0.3,Standard
CUST_05042,164.54,115.0,1.63,0.15,1,51.0,3.1,Basic
CUST_05043,475.86,162.0,3.56,0.36,1,91.0,7.4,Basic
CUST_05044,198.47,104.0,2.7,0.09,0,57.0,0.7,Prepaid
CUST_05045,971.48,216.0,55.11,1.06,1,63.0,3.9,Data Plan
CUST_05046,848.1,241.0,14.46,7.25,2,87.0,,International
CUST_05047,130.87,85.0,1.72,0.23,0,80.0,0.1,Prepaid
CUST_05048,1046.53,104.0,101.46,0.84,0,59.0,2.5,Data Plan
CUST_05049,391.63,285.0,15.9,5.75,4,73.0,0.0,Standard
CUST_05050,1256.38,479.0,47.9,1.69,0,281.0,1.0,Premium
CUST_05051,275.72,394.0,10.01,0.22,0,86.0,1.7,Standard
CUST_05052,164.2,64.0,3.17,0.12,0,50.0,1.8,Basic
CUST_05053,377.32,427.0,8.59,0.45,0,178.0,1.5,Postpaid
CUST_05054,171.25,95.0,1.88,0.09,0,42.0,3.4,Basic
CUST_05055,444.73,196.0,12.92,0.59,0,113.0,6.3,Basic
CUST_05056,978.98,78.0,92.03,0.97,0,100.0,3.1,Data Plan
CUST_05057,636.85,591.0,17.35,8.39,0,95.0,6.5,Standard
CUST_05058,125.89,68.0,2.15,0.07,1,65.0,0.2,Basic
CUST_05059,794.1,305.0,21.96,7.36,1,87.0,0.8,International
CUST_05060,358.17,261.0,6.46,0.31,0,88.0,0.3,Standard
CUST_05061,161.0,107.0,1.56,0.06,0,76.0,0.2,Basic
CUST_05062,154.99,105.0,2.58,0.22,0,52.0,0.0,Prepaid
CUST_05063,373.63,235.0,6.8,0.44,3,64.0,2.0,Standard
CUST_05064,1181.44,530.0,32.05,2.09,1,173.0,0.4,Premium
CUST_05065,378.79,279.0,10.56,0.25,0,251.0,0.8,Standard
CUST_05066,287.55,204.0,14.01,0.12,0,162.0,3.9,Postpaid
CUST_05067,895.06,218.0,65.24,0.7,0,78.0,0.0,Data Plan
CUST_05068,882.1,358.0,15.84,8.64,0,102.0,3.1,International
CUST_05069,1323.13,785.0,66.22,2.16,0,230.0,0.3,Unlimited
CUST_05070,152.45,70.0,2.66,0.11,0,49.0,1.5,Basic
CUST_05071,1253.29,660.0,56.83,2.25,0,249.0,0.1,Unlimited
CUST_05072,991.87,231.0,75.82,1.22,0,108.0,1.8,Data Plan
CUST_05073,1147.48,642.0,47.87,1.95,0,210.0,0.2,Premium
CUST_05074,16.67,354.0,7.53,0.38,1,152.0,0.6,Standard
CUST_05075,444.58,169.0,8.9,0.66,3,77.0,1.1,Basic
CUST_05076,403.84,230.0,10.49,0.49,3,171.0,5.1,Standard
CUST_05077,757.39,382.0,,8.51,0,109.0,3.9,International
CUST_05078,128.19,94.0,1.99,0.14,0,31.0,0.0,Prepaid
CUST_05079,823.3,185.0,68.89,0.89,0,55.0,0.7,Unlimited
CUST_05080,495.13,388.0,7.77,0.29,0,222.0,0.6,Standard
CUST_05081,1159.74,591.0,54.71,1.08,0,154.0,0.2,Premium
CUST_05082,1093.44,480.0,51.92,2.22,0,173.0,2.0,Premium
CUST_05083,897.52,235.0,76.08,1.3,0,70.0,3.0,Data Plan
CUST_05084,1481.25,613.0,53.13,1.91,0,135.0,0.0,Premium
CUST_05085,519.83,231.0,9.3,0.76,3,126.0,11.9,Basic
CUST_05086,363.67,220.0,6.74,0.52,3,139.0,0.9,Basic
CUST_05087,342.94,275.0,8.27,0.26,0,129.0,1.3,Postpaid
CUST_05088,753.9,425.0,15.11,7.08,0,77.0,0.0,Standard
CUST_05089,658.39,393.0,7.06,0.27,0,142.0,0.9,Standard
CUST_05090,1156.73,222.0,79.45,1.73,1,96.0,0.5,Data Plan
CUST_05091,85.41,93.0,2.46,0.1,0,43.0,2.4,Basic
CUST_05092,1220.66,582.0,49.97,2.08,0,162.0,0.2,Premium
CUST_05093,678.06,371.0,15.82,11.27,1,151.0,1.5,International
CUST_05094,779.38,73.0,78.81,0.71,1,66.0,0.4,Unlimited
CUST_05095,855.45,408.0,23.14,10.97,2,128.0,14.0,International
CUST_05096,1045.27,269.0,90.65,1.36,0,65.0,1.3,Data Plan
CUST_05097,377.84,194.0,10.6,0.38,0,180.0,2.4,Postpaid
CUST_05098,407.92,308.0,9.92,0.38,23,145.0,80.6,Standard
CUST_05099,356.54,75.0,7.09,0.41,0,98.0,64.1,Standard
CUST_05100,428.34,273.0,5.08,0.31,1,191.0,0.4,Postpaid
CUST_05101,125.82,95.0,2.16,0.12,0,42.0,3.8,Prepaid
CUST_05102,424.63,259.0,6.42,0.3,3,187.0,12.0,Standard
CUST_05103,1016.71,258.0,100.37,0.98,1,79.0,1.1,Data Plan
CUST_05104,795.1,318.0,13.25,3.98,0,98.0,9.5,Standard
CUST_05105,368.79,210.0,6.95,0.25,0,160.0,0.7,Postpaid
CUST_05106,213.14,279.0,11.06,0.58,5,86.0,2.9,Standard
CUST_05107,300.82,384.0,9.99,0.02,2,167.0,0.2,Standard
CUST_05108,50.16,147.0,11.52,0.29,4,156.0,1.4,Standard
CUST_05109,510.15,200.0,10.12,0.36,0,156.0,1.3,Standard
CUST_05110,113.23,91.0,3.09,0.02,0,46.0,0.8,Basic
CUST_05111,174.7,105.0,2.26,0.12,0,47.0,0.2,Basic
CUST_05112,764.26,483.0,13.03,6.61,0,59.0,0.9,International
CUST_05113,388.39,204.0,9.71,0.18,3,145.0,3.6,Standard
CUST_05114,1220.19,524.0,52.69,2.37,0,157.0,0.8,Premium
CUST_05115,212.3,72.0,1.47,0.07,1,13.0,0.4,Basic
CUST_05116,104.53,112.0,1.59,0.19,0,43.0,0.7,Basic
CUST_05117,188.35,108.0,1.81,0.08,1,29.0,0.1,Prepaid
CUST_05118,175.69,47.0,0.83,45.05,1,42.0,0.0,Prepaid
CUST_05119,147.77,115.0,2.12,0.06,0,55.0,0.3,Basic
CUST_05120,302.95,400.0,12.18,0.34,1,163.0,0.5,Postpaid
CUST_05121,158.07,85.0,2.0,0.03,1,41.0,1.9,Basic
CUST_05122,942.07,640.0,51.09,1.63,0,277.0,0.2,Premium
CUST_05123,428.35,235.0,7.7,0.19,0,199.0,6.0,Standard
CUST_05124,863.81,208.0,74.3,1.46,0,51.0,0.9,Data Plan
CUST_05125,460.35,205.0,7.7,0.37,1,114.0,3.9,Postpaid
CUST_05126,356.29,159.0,9.07,0.64,0,57.0,6.1,Basic
CUST_05127,248.7,279.0,7.2,0.77,2,38.0,1.8,Standard
CUST_05128,350.68,248.0,8.78,0.74,2,203.0,1.0,Basic
CUST_05129,1363.13,605.0,43.7,2.51,0,170.0,0.7,Unlimited
CUST_05130,4173.1,286.0,6.35,21.45,12,220.0,0.1,Standard
CUST_05131,413.63,239.0,5.43,0.43,0,152.0,6.6,Postpaid
CUST_05132,371.68,325.0,14.26,0.29,0,133.0,0.3,Postpaid
CUST_05133,441.63,489.0,12.65,0.44,0,176.0,2.9,Postpaid
CUST_05134,226.8,122.0,2.34,0.11,0,45.0,2.6,Prepaid
CUST_05135,422.18,341.0,8.82,0.52,1,106.0,0.6,Postpaid
CUST_05136,346.84,251.0,12.12,0.28,0,69.0,0.7,Postpaid
CUST_05137,171.98,78.0,1.94,0.13,0,73.0,0.3,Basic
CUST_05138,577.39,338.0,14.45,6.62,0,72.0,1.0,International
CUST_05139,719.36,484.0,16.06,6.86,1,93.0,7.7,International
CUST_05140,843.69,261.0,90.76,1.33,0,91.0,8.3,Data Plan
CUST_05141,527.07,397.0,13.59,0.33,0,203.0,3.0,Postpaid
CUST_05142,318.14,201.0,5.89,0.32,2,160.0,4.5,Basic
CUST_05143,919.48,598.0,43.15,1.75,2,252.0,0.3,Unlimited
CUST_05144,263.45,293.0,9.22,0.38,1,185.0,1.7,Postpaid
CUST_05145,170.46,31.0,2.32,0.11,0,49.0,2.0,Basic
CUST_05146,443.32,299.0,10.23,0.21,0,133.0,0.1,Standard
CUST_05147,1002.26,648.0,42.2,2.28,0,202.0,0.4,Unlimited
CUST_05148,790.22,542.0,13.01,11.35,3,59.0,0.8,International
CUST_05149,348.04,204.0,10.37,0.39,4,198.0,1.9,Basic
CUST_05150,550.0,654.0,8.83,9.6,0,140.0,1.1,International
CUST_05151,265.47,255.0,4.5,0.25,4,163.0,4.5,Basic
CUST_05152,1240.41,651.0,39.31,3.44,0,198.0,0.5,Unlimited
CUST_05153,916.79,409.0,11.31,7.29,0,80.0,2.6,International
CUST_05154,1228.13,188.0,105.93,1.22,0,68.0,0.7,Unlimited
CUST_05155,235.62,327.0,11.73,0.32,0,103.0,2.8,Standard
CUST_05156,949.57,347.0,18.21,5.46,1,94.0,1.0,International
CUST_05157,806.98,253.0,14.45,7.64,1,135.0,1.4,International
CUST_05158,166.16,77.0,2.14,0.12,0,62.0,0.3,Basic
CUST_05159,404.15,204.0,4.72,0.01,4,124.0,21.4,Standard
CUST_05160,93.31,103.0,1.31,0.1,1,46.0,0.2,Basic
CUST_05161,1005.75,706.0,56.85,1.6,1,224.0,0.2,Unlimited
CUST_05162,1201.11,620.0,43.91,2.79,0,192.0,0.9,Unlimited
CUST_05163,176.17,88.0,1.9,0.15,1,50.0,1.0,Basic
CUST_05164,1034.59,726.0,43.58,0.77,0,216.0,1.1,Unlimited
CUST_05165,397.71,379.0,7.11,0.17,1,104.0,7.5,Postpaid
CUST_05166,976.33,257.0,90.26,1.71,0,78.0,0.8,Data Plan
CUST_05167,1432.51,500.0,46.71,1.38,2,256.0,0.4,Unlimited
CUST_05168,419.4,382.0,9.56,0.22,1,192.0,3.2,Standard
CUST_05169,1087.32,527.0,67.7,1.75,0,168.0,2.5,Premium
CUST_05170,424.31,252.0,9.85,0.3,1,188.0,2.9,Standard
CUST_05171,481.5,305.0,12.27,0.34,0,178.0,5.0,Postpaid
CUST_05172,782.18,183.0,80.82,0.89,1,83.0,3.8,Unlimited
CUST_05173,627.48,557.0,20.16,8.81,2,121.0,0.5,International
CUST_05174,1450.79,597.0,49.23,1.74,0,153.0,0.2,Premium
CUST_05175,499.18,329.0,13.14,0.37,1,99.0,0.5,Standard
CUST_05176,205.4,108.0,2.87,0.01,0,54.0,0.0,Basic
CUST_05177,1132.21,290.0,87.69,0.93,0,69.0,0.6,Data Plan
CUST_05178,142.5,115.0,1.74,0.06,1,37.0,0.4,Basic
CUST_05179,781.16,215.0,65.7,1.14,2,80.0,0.7,Data Plan
CUST_05180,407.86,214.0,8.31,0.28,0,197.0,0.3,Standard
CUST_05181,865.11,248.0,78.17,1.44,16,84.0,42.8,Data Plan
CUST_05182,501.14,303.0,11.62,0.44,0,120.0,1.2,Standard
CUST_05183,375.73,354.0,9.05,0.45,0,92.0,8.3,Postpaid
CUST_05184,823.08,127.0,81.18,0.96,0,47.0,0.0,Unlimited
CUST_05185,726.65,303.0,17.23,8.35,0,112.0,2.1,International
CUST_05186,144.39,158.0,2.27,0.01,0,65.0,0.6,Basic
CUST_05187,678.6,180.0,83.68,0.66,0,69.0,1.2,Unlimited
CUST_05188,850.38,170.0,73.11,1.2,0,64.0,0.1,Data Plan
CUST_05189,821.93,579.0,45.9,2.01,0,159.0,0.7,Unlimited
CUST_05190,1202.72,565.0,37.63,1.93,0,277.0,0.1,Unlimited
CUST_05191,220.73,316.0,10.53,0.21,6,92.0,10.0,Basic
CUST_05192,1558.53,648.0,48.6,2.39,1,141.0,0.4,Premium
CUST_05193,1031.28,204.0,78.22,0.86,1,85.0,1.8,Unlimited
CUST_05194,380.96,279.0,9.62,0.3,0,189.0,1.9,Postpaid
CUST_05195,483.24,319.0,9.12,0.57,0,152.0,0.2,Postpaid
CUST_05196,1298.03,647.0,47.98,2.38,0,234.0,0.2,Unlimited
CUST_05197,417.15,249.0,9.49,0.39,0,173.0,0.3,Standard
CUST_05198,941.76,205.0,103.25,1.45,1,54.0,2.7,Data Plan
CUST_05199,791.55,524.0,14.88,7.29,10,103.0,57.7,Standard
CUST_05200,422.86,142.0,9.74,0.65,6,67.0,5.7,Standard
CUST_05201,438.11,117.0,6.71,0.62,4,119.0,6.4,Basic
CUST_05202,1018.98,560.0,55.64,2.46,0,220.0,2.1,Unlimited
CUST_05203,836.55,186.0,91.63,1.02,0,101.0,1.7,Data Plan
CUST_05204,866.59,621.0,15.73,7.45,0,37.0,0.1,International
CUST_05205,189.31,82.0,2.64,0.24,0,61.0,1.9,Basic
CUST_05206,1076.9,205.0,99.32,1.52,1,66.0,2.3,Unlimited
CUST_05207,1347.78,714.0,47.25,2.52,0,278.0,0.8,Unlimited
CUST_05208,1042.28,576.0,19.32,2.66,1,195.0,0.4,Premium
CUST_05209,402.79,458.0,10.66,0.28,0,206.0,6.9,Standard
CUST_05210,150.55,101.0,1.7,0.09,0,53.0,0.2,Basic
CUST_05211,187.15,90.0,2.16,0.16,0,55.0,6.6,Basic
CUST_05212,1254.94,817.0,51.26,1.43,0,161.0,0.3,Unlimited
CUST_05213,706.39,379.0,10.86,10.64,1,102.0,9.8,International
CUST_05214,780.25,563.0,12.82,8.29,2,115.0,1.3,International
CUST_05215,176.76,186.0,7.83,0.77,2,188.0,10.1,Basic
CUST_05216,686.3,242.0,94.4,0.67,0,60.0,0.6,Data Plan
CUST_05217,427.11,360.0,7.77,0.33,0,202.0,0.2,Standard
CUST_05218,799.76,245.0,64.47,0.97,0,119.0,2.0,Data Plan
CUST_05219,358.32,332.0,8.67,0.28,0,103.0,0.8,Postpaid
CUST_05220,364.29,394.0,8.41,0.23,0,136.0,0.5,Standard
CUST_05221,151.37,220.0,6.36,0.51,1,162.0,2.6,Standard
CUST_05222,527.68,298.0,13.27,0.29,0,153.0,0.8,Postpaid
CUST_05223,1003.49,639.0,39.78,1.76,0,202.0,1.7,Unlimited
CUST_05224,478.58,335.0,9.21,0.24,0,162.0,3.0,Standard
CUST_05225,365.44,164.0,5.06,0.54,2,97.0,2.3,Basic
CUST_05226,1269.1,537.0,36.73,1.38,0,191.0,0.7,Unlimited
CUST_05227,138.35,113.0,1.83,0.1,0,36.0,0.1,Basic
CUST_05228,419.62,322.0,11.01,0.39,1,138.0,5.7,Postpaid
CUST_05229,1089.68,399.0,14.54,6.54,0,107.0,1.2,International
CUST_05230,306.56,194.0,5.22,0.22,4,172.0,1.4,Standard
CUST_05231,205.47,77.0,1.88,0.11,0,41.0,0.3,Basic
CUST_05232,341.74,267.0,7.15,0.4,0,149.0,3.1,Postpaid
CUST_05233,558.79,376.0,11.36,0.37,0,133.0,5.2,Standard
CUST_05234,402.58,219.0,9.29,0.3,6,133.0,13.5,Basic
CUST_05235,541.82,261.0,10.94,0.25,0,144.0,0.7,Postpaid
CUST_05236,540.88,243.0,5.68,0.33,0,163.0,3.8,Standard
CUST_05237,1111.26,494.0,37.84,2.15,0,197.0,0.1,Premium
CUST_05238,398.3,160.0,11.03,0.35,0,236.0,2.3,Standard
CUST_05239,168.57,76.0,2.2,0.02,0,58.0,1.0,Basic
CUST_05240,1049.1,402.0,11.85,5.8,1,123.0,0.7,International
CUST_05241,433.72,234.0,9.12,0.31,0,129.0,0.9,Postpaid
CUST_05242,1610.51,533.0,41.43,2.15,0,210.0,0.1,Premium
CUST_05243,261.29,388.0,8.61,0.35,0,168.0,0.1,Standard
CUST_05244,876.85,138.0,79.77,1.08,1,60.0,1.6,Data Plan
CUST_05245,244.07,332.0,13.99,0.83,5,149.0,0.0,Basic
CUST_05246,1306.72,573.0,49.41,2.16,0,194.0,0.2,Unlimited
CUST_05247,128.85,130.0,1.19,0.07,0,33.0,0.9,Prepaid
CUST_05248,1337.46,549.0,63.05,1.43,0,253.0,0.4,Premium
CUST_05249,88.75,115.0,2.34,0.15,0,38.0,3.7,Prepaid
CUST_05250,512.75,231.0,11.86,0.28,0,156.0,0.1,Standard
CUST_05251,223.9,75.0,1.23,0.06,0,38.0,0.4,Basic
CUST_05252,155.82,132.0,2.65,0.1,1,55.0,1.5,Basic
CUST_05253,254.42,309.0,9.03,0.31,1,175.0,1.1,Standard
CUST_05254,678.29,217.0,95.04,1.16,0,89.0,2.3,Data Plan
CUST_05255,162.38,75.0,2.4,0.07,0,78.0,0.3,Basic
CUST_05256,1295.63,429.0,49.31,3.03,0,217.0,0.3,Unlimited
CUST_05257,1344.52,743.0,61.16,2.6,1,244.0,1.1,Unlimited
CUST_05258,157.3,59.0,2.22,0.14,0,53.0,0.0,Basic
CUST_05259,981.45,594.0,58.42,1.59,0,334.0,0.3,Unlimited
CUST_05260,1386.12,721.0,70.92,1.14,0,194.0,0.4,Unlimited
CUST_05261,351.43,298.0,4.46,0.23,0,209.0,0.2,Standard
CUST_05262,287.21,347.0,10.9,0.44,1,149.0,0.1,Postpaid
CUST_05263,820.0,639.0,34.77,1.65,0,151.0,0.0,Premium
CUST_05264,344.9,337.0,9.03,,1,116.0,0.6,Postpaid
CUST_05265,735.74,300.0,8.87,12.81,2,113.0,5.1,International
CUST_05266,1182.02,687.0,65.88,2.62,0,228.0,0.0,Premium
CUST_05267,294.49,256.0,12.75,0.68,5,119.0,1.8,Standard
CUST_05268,388.49,258.0,11.74,0.35,1,107.0,0.0,Standard
CUST_05269,299.76,282.0,10.09,0.26,0,102.0,2.9,Standard
CUST_05270,722.12,222.0,68.13,1.12,1,81.0,1.9,Data Plan
CUST_05271,382.74,291.0,8.63,0.34,0,185.0,0.2,Standard
CUST_05272,154.51,110.0,1.93,0.15,0,47.0,1.0,Prepaid
CUST_05273,408.37,199.0,4.36,0.55,6,121.0,5.2,Basic
CUST_05274,174.39,116.0,1.51,0.08,0,45.0,0.0,Basic
CUST_05275,140.33,102.0,2.01,0.06,0,56.0,1.3,Basic
CUST_05276,353.67,314.0,10.31,0.16,0,125.0,1.1,Standard
CUST_05277,410.1,298.0,9.05,0.21,1,231.0,0.1,Standard
CUST_05278,461.55,206.0,6.79,0.63,3,134.0,4.5,Standard
CUST_05279,1312.04,530.0,45.16,1.71,2,194.0,0.2,Unlimited
CUST_05280,782.53,196.0,92.9,0.63,0,97.0,0.1,Data Plan
CUST_05281,1052.16,607.0,42.5,1.81,0,253.0,0.2,Unlimited
CUST_05282,313.84,415.0,9.22,0.33,1,105.0,4.1,Postpaid
CUST_05283,631.0,375.0,11.41,5.6,0,122.0,2.9,International
CUST_05284,988.78,188.0,70.56,0.64,0,92.0,0.3,Data Plan
CUST_05285,1190.4,809.0,42.68,3.08,0,148.0,0.2,Premium
CUST_05286,703.58,154.0,63.12,1.36,0,101.0,0.7,Data Plan
CUST_05287,248.83,311.0,4.38,0.42,4,55.0,18.0,Standard
CUST_05288,328.08,265.0,14.49,0.4,1,90.0,0.2,Postpaid
CUST_05289,930.77,825.0,45.54,1.88,0,210.0,0.4,Unlimited
CUST_05290,709.74,265.0,88.83,1.29,0,59.0,1.5,Data Plan
CUST_05291,518.1,266.0,9.86,0.57,1,73.0,12.7,Basic
CUST_05292,153.26,109.0,2.72,0.1,0,46.0,0.8,Basic
CUST_05293,313.88,347.0,4.5,0.63,6,116.0,0.5,Basic
CUST_05294,214.57,209.0,9.03,0.1,1,119.0,6.6,Basic
CUST_05295,720.95,210.0,54.64,1.14,1,93.0,0.4,Unlimited
CUST_05296,112.66,45.0,2.24,0.11,0,47.0,1.0,Basic
CUST_05297,394.7,179.0,9.66,0.68,4,157.0,30.2,Basic
CUST_05298,151.56,110.0,2.85,0.16,1,51.0,0.1,Basic
CUST_05299,970.03,414.0,13.9,8.72,1,76.0,0.3,International
CUST_05300,672.62,444.0,18.65,8.13,1,117.0,0.6,International
CUST_05301,559.43,210.0,49.04,1.12,0,90.0,0.8,Data Plan
CUST_05302,314.67,261.0,8.6,0.41,2,182.0,0.9,Standard
CUST_05303,120.76,72.0,2.01,0.11,0,46.0,0.9,Basic
CUST_05304,181.61,68.0,1.52,0.19,0,20.0,0.1,Prepaid
CUST_05305,3896.77,360.0,13.12,6.76,1,111.0,2.2,International
CUST_05306,1317.89,602.0,63.2,1.64,0,168.0,0.3,Premium
CUST_05307,980.47,594.0,55.48,2.43,0,247.0,0.9,Unlimited
CUST_05308,389.83,285.0,6.54,0.21,0,129.0,1.3,Standard
CUST_05309,159.63,222.0,8.67,0.42,3,103.0,0.4,Basic
CUST_05310,363.68,385.0,5.78,0.41,0,153.0,2.4,Postpaid
CUST_05311,133.28,90.0,2.9,0.05,0,46.0,0.0,Prepaid
CUST_05312,902.72,173.0,71.25,0.86,0,84.0,0.6,Unlimited
CUST_05313,392.04,330.0,9.44,0.29,0,107.0,0.1,Standard
CUST_05314,1187.95,163.0,80.85,0.98,0,94.0,0.2,Unlimited
CUST_05315,264.49,326.0,5.12,0.41,5,143.0,6.1,Basic
CUST_05316,305.1,378.0,8.27,0.62,2,117.0,5.6,Basic
CUST_05317,751.97,321.0,6.99,7.79,3,98.0,0.1,International
CUST_05318,430.62,299.0,8.47,0.34,1,154.0,1.1,Postpaid
CUST_05319,938.34,376.0,59.94,1.66,0,166.0,1.3,Unlimited
CUST_05320,418.2,362.0,10.25,0.26,1,154.0,1.1,Standard
CUST_05321,303.58,320.0,6.54,0.2,1,221.0,1.2,Standard
CUST_05322,445.97,366.0,8.42,0.69,3,137.0,0.1,Standard
CUST_05323,434.05,401.0,11.12,0.29,0,154.0,0.9,Postpaid
CUST_05324,289.3,349.0,10.17,0.3,2,145.0,4.6,Standard
CUST_05325,1326.35,546.0,53.68,1.48,0,225.0,0.3,Premium
CUST_05326,436.7,284.0,9.94,0.33,2,246.0,1.4,Postpaid
CUST_05327,1316.42,697.0,34.91,1.76,1,155.0,0.2,Premium
CUST_05328,1102.95,578.0,28.99,1.99,21,142.0,90.0,Premium
CUST_05329,1455.57,550.0,57.22,1.3,1,322.0,0.5,Unlimited
CUST_05330,164.14,94.0,2.47,0.09,0,70.0,4.4,Basic
CUST_05331,303.49,284.0,,0.7,4,155.0,9.7,Basic
CUST_05332,4408.21,212.0,10.54,28.9,10,144.0,11.5,Standard
CUST_05333,401.81,272.0,8.11,0.49,1,224.0,2.0,Postpaid
CUST_05334,441.06,266.0,7.65,0.3,0,153.0,2.1,Postpaid
CUST_05335,305.63,268.0,11.57,0.33,0,199.0,1.3,Postpaid
CUST_05336,1243.12,192.0,100.74,1.36,1,64.0,1.5,Data Plan
CUST_05337,398.36,330.0,12.36,0.45,1,168.0,1.6,Postpaid
CUST_05338,342.92,316.0,11.06,0.27,1,144.0,0.1,Standard
CUST_05339,170.89,123.0,1.89,0.11,0,31.0,2.2,Basic
CUST_05340,291.26,412.0,10.53,0.4,1,136.0,0.9,Standard
CUST_05341,716.63,580.0,41.35,1.61,0,206.0,0.3,Premium
CUST_05342,1004.61,252.0,91.21,0.83,1,115.0,0.4,Data Plan
CUST_05343,998.01,175.0,78.92,1.03,0,94.0,0.1,Data Plan
CUST_05344,670.08,458.0,12.29,9.36,1,101.0,4.0,International
CUST_05345,153.88,117.0,1.85,0.1,0,50.0,3.9,Prepaid
CUST_05346,218.4,133.0,15.14,0.24,1,138.0,4.7,Basic
CUST_05347,431.66,281.0,7.87,0.25,1,112.0,4.0,Postpaid
CUST_05348,168.35,92.0,2.1,0.14,0,36.0,2.0,Basic
CUST_05349,492.6,310.0,9.4,0.25,0,184.0,3.0,Standard
CUST_05350,743.62,379.0,16.48,7.81,2,91.0,0.7,Standard
CUST_05351,142.76,108.0,0.96,0.09,0,82.0,0.5,Prepaid
CUST_05352,704.59,160.0,97.44,1.08,1,51.0,0.3,Data Plan
CUST_05353,644.8,265.0,79.59,0.7,0,73.0,0.9,Unlimited
CUST_05354,155.54,87.0,3.04,0.1,0,29.0,0.5,Prepaid
CUST_05355,1219.63,140.0,65.93,1.46,0,107.0,0.1,Data Plan
CUST_05356,1189.74,563.0,76.55,1.89,0,197.0,0.0,Premium
CUST_05357,136.13,75.0,1.65,0.18,0,65.0,0.9,Basic
CUST_05358,1374.96,683.0,42.82,2.05,0,170.0,0.5,Premium
CUST_05359,919.08,403.0,12.69,6.48,0,81.0,0.7,International
CUST_05360,916.61,415.0,14.96,9.02,0,126.0,7.5,International
CUST_05361,156.25,138.0,0.95,0.13,2,56.0,2.2,Basic
CUST_05362,457.27,275.0,7.94,0.2,1,139.0,2.3,Postpaid
CUST_05363,578.53,299.0,9.73,0.43,5,155.0,3.6,Basic
CUST_05364,908.15,430.0,13.19,9.04,1,110.0,0.9,Standard
CUST_05365,406.37,398.0,13.22,0.35,0,212.0,1.8,Standard
CUST_05366,1257.29,603.0,32.88,0.83,0,132.0,0.4,Premium
CUST_05367,183.39,275.0,14.65,0.41,1,139.0,1.8,Basic
CUST_05368,152.46,94.0,1.1,0.17,0,39.0,1.8,Prepaid
CUST_05369,992.12,380.0,16.69,6.64,1,115.0,5.5,International
CUST_05370,19.27,84.0,,0.14,2,57.0,1.9,Basic
CUST_05371,346.69,346.0,11.97,0.32,1,170.0,0.3,Standard
CUST_05372,1109.72,432.0,46.2,1.88,1,181.0,0.1,Unlimited
CUST_05373,382.04,310.0,9.39,0.17,0,126.0,5.6,Postpaid
CUST_05374,398.71,282.0,7.57,0.26,1,168.0,0.5,Standard
CUST_05375,140.97,104.0,2.15,0.08,0,35.0,0.6,Basic
CUST_05376,253.4,245.0,6.27,0.38,1,99.0,7.8,Standard
CUST_05377,240.95,214.0,11.59,0.3,4,160.0,17.6,Basic
CUST_05378,273.17,268.0,12.09,0.41,0,148.0,0.2,Standard
CUST_05379,223.77,249.0,6.79,0.34,1,223.0,10.9,Postpaid
CUST_05380,825.38,146.0,91.02,0.65,1,81.0,1.6,Data Plan
CUST_05381,149.9,101.0,1.31,0.1,0,25.0,2.0,Basic
CUST_05382,1252.69,605.0,50.57,2.43,0,201.0,0.0,Unlimited
CUST_05383,1012.27,195.0,104.37,1.7,1,96.0,0.5,Data Plan
CUST_05384,436.55,257.0,11.03,0.36,0,147.0,1.6,Standard
CUST_05385,136.91,80.0,1.3,0.04,0,66.0,0.1,Basic
CUST_05386,923.73,248.0,93.05,1.5,0,91.0,0.2,Data Plan
CUST_05387,1105.33,585.0,42.0,2.67,0,169.0,0.2,Unlimited
CUST_05388,191.23,85.0,2.43,0.2,0,82.0,1.1,Basic
CUST_05389,1188.73,499.0,49.01,2.01,1,220.0,0.7,Premium
CUST_05390,1315.38,655.0,67.42,1.75,0,199.0,0.2,Premium
CUST_05391,862.06,359.0,16.43,12.18,0,39.0,3.1,International
CUST_05392,136.4,66.0,2.42,0.0,0,43.0,0.3,Basic
CUST_05393,187.38,83.0,2.33,0.11,1,39.0,0.1,Basic
CUST_05394,1075.39,192.0,95.86,1.03,1,89.0,0.5,Data Plan
CUST_05395,883.42,461.0,16.29,6.73,1,71.0,4.9,International
CUST_05396,154.4,143.0,1.44,0.04,0,70.0,0.4,Prepaid
CUST_05397,717.71,337.0,10.81,8.81,1,84.0,1.8,International
CUST_05398,421.63,242.0,8.66,0.36,1,115.0,1.9,Standard
CUST_05399,321.5,349.0,10.62,0.25,0,172.0,0.4,Postpaid
CUST_05400,408.78,380.0,10.27,0.34,0,154.0,5.4,Postpaid
CUST_05401,369.38,200.0,7.58,0.5,3,124.0,44.4,Basic
CUST_05402,427.09,336.0,10.9,0.36,2,113.0,0.5,Postpaid
CUST_05403,588.4,475.0,16.31,10.32,0,126.0,0.3,Standard
CUST_05404,1353.34,640.0,65.25,1.31,0,202.0,1.2,Premium
CUST_05405,169.43,80.0,2.01,0.05,1,52.0,0.8,Basic
CUST_05406,341.01,393.0,11.55,0.25,1,187.0,5.2,Standard
CUST_05407,317.21,173.0,6.66,0.53,5,161.0,9.8,Basic
CUST_05408,166.54,33.0,1.89,39.84,0,62.0,0.1,Basic
CUST_05409,717.36,177.0,66.34,0.65,1,48.0,2.4,Data Plan
CUST_05410,708.91,160.0,11.98,9.68,0,116.0,4.8,Standard
CUST_05411,100.15,77.0,2.47,0.12,1,39.0,0.2,Basic
CUST_05412,895.18,254.0,65.67,1.18,0,58.0,0.6,Data Plan
CUST_05413,883.21,244.0,97.83,1.47,1,63.0,1.4,Data Plan
CUST_05414,552.8,253.0,4.81,0.76,2,218.0,0.7,Standard
CUST_05415,796.69,195.0,90.68,1.23,0,94.0,3.5,Data Plan
CUST_05416,478.54,185.0,10.11,0.31,0,162.0,2.6,Postpaid
CUST_05417,880.52,245.0,123.51,1.3,0,99.0,0.2,Unlimited
CUST_05418,120.65,142.0,1.98,0.06,1,61.0,0.0,Basic
CUST_05419,376.44,384.0,11.12,0.25,0,223.0,1.8,Standard
CUST_05420,345.09,334.0,14.45,0.26,0,157.0,1.7,Standard
CUST_05421,1093.86,579.0,49.94,2.81,0,163.0,0.8,Unlimited
CUST_05422,1028.48,260.0,14.53,8.4,0,154.0,8.5,International
CUST_05423,414.52,272.0,11.36,0.4,0,168.0,0.0,Postpaid
CUST_05424,452.34,215.0,13.41,0.49,2,138.0,5.7,Basic
CUST_05425,494.96,231.0,8.75,0.63,1,136.0,4.4,Basic
CUST_05426,941.4,381.0,17.18,7.73,2,102.0,2.3,International
CUST_05427,886.48,432.0,15.97,5.78,1,108.0,3.6,International
CUST_05428,805.44,431.0,13.95,6.84,0,95.0,3.1,International
CUST_05429,335.27,242.0,7.57,0.36,3,110.0,31.1,Standard
CUST_05430,1001.05,119.0,70.25,1.12,1,76.0,1.5,Data Plan
CUST_05431,113.71,104.0,1.43,0.19,1,21.0,0.8,Prepaid
CUST_05432,249.86,313.0,10.46,0.07,0,87.0,5.3,Standard
CUST_05433,628.04,402.0,11.66,5.27,2,137.0,0.1,International
CUST_05434,621.36,194.0,95.73,0.9,0,87.0,3.2,Data Plan
CUST_05435,841.91,372.0,11.18,7.04,1,116.0,1.1,International
CUST_05436,941.77,171.0,109.51,0.97,1,52.0,0.1,Data Plan
CUST_05437,1163.91,585.0,40.68,2.73,0,71.0,0.1,Premium
CUST_05438,20.89,240.0,113.57,0.44,0,109.0,5.6,Data Plan
CUST_05439,745.41,481.0,16.79,8.49,1,103.0,7.5,International
CUST_05440,1141.27,602.0,50.8,1.77,0,301.0,0.0,Unlimited
CUST_05441,1290.26,591.0,44.8,1.23,1,174.0,1.4,Premium
CUST_05442,478.68,290.0,10.82,0.13,0,200.0,0.8,Postpaid
CUST_05443,395.5,265.0,10.23,0.45,0,134.0,1.7,Standard
CUST_05444,810.89,225.0,87.88,1.41,1,49.0,3.1,Data Plan
CUST_05445,1396.6,475.0,44.23,2.08,0,261.0,0.4,Premium
CUST_05446,377.32,275.0,7.85,0.27,0,138.0,0.4,Standard
CUST_05447,984.05,763.0,42.62,1.55,1,157.0,0.9,Premium
CUST_05448,860.16,158.0,65.38,1.24,0,94.0,0.9,Data Plan
CUST_05449,256.06,210.0,6.61,0.52,3,78.0,2.1,Standard
CUST_05450,895.78,267.0,88.3,1.19,0,86.0,0.4,Data Plan
CUST_05451,106.85,109.0,1.11,0.07,0,52.0,0.5,Basic
CUST_05452,1243.45,152.0,86.77,1.01,0,57.0,1.4,Data Plan
CUST_05453,769.51,355.0,17.62,8.18,1,115.0,2.3,International
CUST_05454,15.65,245.0,73.22,1.62,0,66.0,0.2,Data Plan
CUST_05455,868.3,193.0,93.28,0.67,0,37.0,0.9,Unlimited
CUST_05456,152.36,126.0,2.44,0.24,0,52.0,5.6,Basic
CUST_05457,430.16,353.0,9.13,0.61,4,81.0,3.4,Basic
CUST_05458,875.9,139.0,88.42,1.25,0,80.0,5.3,Unlimited
CUST_05459,425.13,354.0,7.76,0.16,2,131.0,2.3,Standard
CUST_05460,459.36,246.0,7.11,0.31,4,138.0,19.4,Basic
CUST_05461,159.58,105.0,1.13,0.1,0,55.0,2.8,Prepaid
CUST_05462,112.17,97.0,2.54,0.07,2,40.0,0.4,Basic
CUST_05463,770.88,154.0,88.09,1.14,0,61.0,0.3,Unlimited
CUST_05464,788.07,432.0,12.51,4.6,2,114.0,1.5,International
CUST_05465,1076.09,10.0,1.8,39.45,0,72.0,0.5,Unlimited
CUST_05466,156.42,151.0,2.64,0.07,0,48.0,0.7,Prepaid
CUST_05467,134.48,93.0,1.92,0.2,0,73.0,0.2,Prepaid
CUST_05468,1128.72,207.0,94.49,0.94,0,57.0,0.5,Data Plan
CUST_05469,1214.04,588.0,52.97,2.11,0,223.0,0.3,Premium
CUST_05470,785.52,516.0,14.99,6.98,2,81.0,1.9,International
CUST_05471,1351.12,607.0,34.2,2.06,0,190.0,0.1,Premium
CUST_05472,307.42,410.0,9.96,0.07,1,199.0,,Postpaid
CUST_05473,1023.44,114.0,75.58,0.75,0,31.0,0.7,Data Plan
CUST_05474,1254.13,639.0,49.09,1.76,0,176.0,0.1,Premium
CUST_05475,311.7,172.0,9.01,0.29,0,187.0,0.8,Standard
CUST_05476,1162.79,378.0,55.88,1.81,0,199.0,0.4,Unlimited
CUST_05477,379.83,143.0,7.84,0.46,1,134.0,0.1,Standard
CUST_05478,421.84,276.0,9.43,0.14,0,182.0,0.2,Standard
CUST_05479,1034.76,670.0,60.46,2.35,1,191.0,0.2,Premium
CUST_05480,1403.28,16.0,1.14,35.76,0,164.0,0.5,Premium
CUST_05481,1288.79,477.0,22.72,2.25,0,218.0,0.0,Unlimited
CUST_05482,798.02,554.0,13.58,10.78,2,133.0,0.1,Standard
CUST_05483,501.43,152.0,10.27,0.28,0,113.0,1.8,Standard
CUST_05484,346.86,259.0,5.56,0.17,1,138.0,9.1,Basic
CUST_05485,130.15,90.0,2.73,0.06,1,53.0,1.6,Basic
CUST_05486,401.21,324.0,11.2,0.36,0,147.0,1.7,Postpaid
CUST_05487,901.48,201.0,83.59,0.96,0,63.0,0.9,Data Plan
CUST_05488,450.32,241.0,11.15,0.27,0,158.0,2.1,Standard
CUST_05489,1278.75,772.0,45.03,1.51,0,157.0,0.0,Premium
CUST_05490,776.97,135.0,109.64,1.0,0,96.0,0.7,Unlimited
CUST_05491,1094.46,529.0,45.78,2.86,1,236.0,0.1,Premium
CUST_05492,117.9,71.0,2.52,0.15,14,30.0,41.5,Basic
CUST_05493,321.02,221.0,10.48,0.55,2,75.0,1.3,Standard
CUST_05494,623.45,72.0,10.87,0.65,4,120.0,1.6,Basic
CUST_05495,1225.14,680.0,43.45,2.35,0,206.0,0.0,Unlimited
CUST_05496,706.83,382.0,16.0,11.55,2,83.0,2.3,Standard
CUST_05497,1103.85,593.0,46.56,2.22,0,201.0,0.3,Unlimited
CUST_05498,361.8,335.0,10.71,0.46,0,174.0,5.4,Standard
CUST_05499,1016.52,267.0,72.4,0.94,0,67.0,0.3,Unlimited
CUST_05500,399.77,316.0,9.21,0.21,1,149.0,4.5,Postpaid
CUST_05501,348.65,250.0,10.43,0.67,2,70.0,2.5,Basic
CUST_05502,527.8,402.0,10.15,0.23,2,224.0,0.1,Postpaid
CUST_05503,1098.94,683.0,48.67,1.93,1,192.0,0.5,Unlimited
CUST_05504,280.39,243.0,6.29,0.6,3,155.0,8.4,Basic
CUST_05505,421.09,327.0,11.83,0.15,0,180.0,0.5,Postpaid
CUST_05506,112.89,60.0,2.19,0.1,0,44.0,0.1,Basic
CUST_05507,1050.26,414.0,19.77,9.99,0,113.0,1.8,International
CUST_05508,459.17,346.0,9.85,0.36,1,169.0,0.1,Postpaid
CUST_05509,377.38,285.0,7.92,0.41,11,217.0,45.4,Postpaid
CUST_05510,372.41,375.0,6.6,0.19,0,215.0,1.4,Postpaid
CUST_05511,917.84,509.0,70.49,2.46,0,241.0,2.2,Unlimited
CUST_05512,118.39,89.0,2.29,0.24,1,65.0,1.1,Basic
CUST_05513,359.35,273.0,7.25,0.42,3,113.0,3.1,Basic
CUST_05514,344.7,102.0,14.16,0.51,4,49.0,8.9,Basic
CUST_05515,144.23,119.0,2.81,0.09,1,39.0,1.4,Basic
CUST_05516,722.89,131.0,68.96,1.01,0,75.0,0.2,Data Plan
CUST_05517,1244.34,684.0,44.08,1.58,0,209.0,1.5,Premium
CUST_05518,858.71,255.0,60.51,1.05,0,61.0,0.1,Data Plan
CUST_05519,123.73,120.0,0.92,0.1,1,50.0,4.1,Prepaid
CUST_05520,427.83,231.0,11.33,0.67,2,105.0,1.3,Basic
CUST_05521,159.23,149.0,2.5,0.13,1,67.0,0.3,Basic
CUST_05522,206.91,297.0,5.89,0.43,2,118.0,10.3,Standard
CUST_05523,672.7,223.0,91.46,1.41,0,82.0,2.0,Data Plan
CUST_05524,1139.31,515.0,32.68,2.34,0,154.0,0.3,Premium
CUST_05525,398.08,21.0,1.55,34.14,0,172.0,5.3,Standard
CUST_05526,305.75,120.0,0.0,0.41,2,114.0,1.7,Basic
CUST_05527,429.45,290.0,3.29,0.39,1,122.0,2.7,Standard
CUST_05528,869.16,354.0,18.15,9.07,1,104.0,4.4,International
CUST_05529,141.9,85.0,1.86,0.07,0,52.0,1.8,Basic
CUST_05530,761.35,247.0,77.5,1.17,0,65.0,1.5,Data Plan
CUST_05531,605.23,458.0,17.26,7.08,0,106.0,3.8,International
CUST_05532,748.32,406.0,12.96,9.9,0,74.0,7.5,International
CUST_05533,1356.16,471.0,45.16,1.62,0,171.0,2.5,Premium
CUST_05534,179.57,105.0,2.78,0.2,0,46.0,0.6,Prepaid
CUST_05535,420.87,239.0,5.69,0.14,4,124.0,8.2,Basic
CUST_05536,684.04,19.0,1.33,26.93,0,109.0,2.4,International
CUST_05537,344.27,281.0,9.48,0.35,0,177.0,1.2,Postpaid
CUST_05538,474.71,273.0,7.1,0.5,4,120.0,0.2,Standard
CUST_05539,160.52,27.0,1.83,34.74,0,37.0,0.3,Basic
CUST_05540,1051.07,157.0,67.13,,0,50.0,0.4,Data Plan
CUST_05541,1243.04,674.0,61.71,2.51,0,236.0,0.6,Premium
CUST_05542,404.61,263.0,3.02,0.47,5,156.0,2.2,Basic
CUST_05543,405.15,242.0,8.57,0.46,5,61.0,5.7,Standard
CUST_05544,331.33,321.0,7.04,0.23,0,153.0,0.4,Postpaid
CUST_05545,991.27,302.0,10.92,5.65,0,78.0,6.9,Standard
CUST_05546,177.46,87.0,2.43,0.08,1,48.0,0.2,Basic
CUST_05547,359.53,346.0,11.91,0.45,0,127.0,0.2,Postpaid
CUST_05548,372.64,218.0,9.35,0.18,0,210.0,,Standard
CUST_05549,299.61,325.0,10.47,0.56,2,110.0,6.0,Standard
CUST_05550,468.42,292.0,8.94,0.68,5,102.0,1.0,Basic
CUST_05551,432.58,279.0,10.23,0.28,0,93.0,3.9,Standard
CUST_05552,1475.74,571.0,51.42,2.61,1,149.0,0.6,Unlimited
CUST_05553,119.32,101.0,2.01,0.12,0,39.0,1.1,Basic
CUST_05554,126.5,103.0,1.97,0.15,1,66.0,1.5,Basic
CUST_05555,763.01,343.0,14.09,8.53,0,63.0,0.5,International
CUST_05556,271.33,236.0,6.2,0.73,5,169.0,0.9,Standard
CUST_05557,408.04,373.0,11.26,0.29,0,136.0,0.1,Standard
CUST_05558,449.35,323.0,10.87,0.27,0,209.0,0.1,Postpaid
CUST_05559,153.76,105.0,1.83,0.11,0,51.0,1.9,Basic
CUST_05560,1153.58,542.0,51.61,2.21,0,219.0,0.1,Unlimited
CUST_05561,1213.21,259.0,69.51,0.62,0,92.0,1.3,Data Plan
CUST_05562,669.14,476.0,12.5,8.58,0,128.0,0.1,Standard
CUST_05563,88.86,75.0,2.43,0.17,0,37.0,0.1,Prepaid
CUST_05564,400.3,288.0,10.96,0.57,4,94.0,12.9,Basic
CUST_05565,1227.83,596.0,48.78,2.41,2,141.0,0.9,Unlimited
CUST_05566,330.1,339.0,7.58,0.3,0,121.0,5.4,Standard
CUST_05567,854.09,392.0,12.56,10.75,1,87.0,0.7,International
CUST_05568,360.1,286.0,5.33,0.7,3,180.0,1.1,Standard
CUST_05569,527.35,424.0,17.84,7.05,0,142.0,0.9,International
CUST_05570,874.43,363.0,15.5,6.88,2,88.0,0.6,International
CUST_05571,832.7,429.0,12.91,10.4,2,142.0,1.0,Standard
CUST_05572,794.92,221.0,46.43,1.57,1,95.0,2.8,Data Plan
CUST_05573,284.75,260.0,4.86,0.22,4,49.0,12.2,Standard
CUST_05574,383.41,276.0,12.77,0.31,0,205.0,3.1,Postpaid
CUST_05575,405.91,259.0,9.61,0.3,2,140.0,2.9,Standard
CUST_05576,248.34,333.0,12.93,0.35,0,110.0,0.7,Postpaid
CUST_05577,161.56,83.0,1.75,0.09,0,47.0,0.5,Basic
CUST_05578,205.16,147.0,8.91,0.74,5,148.0,6.4,Basic
CUST_05579,1165.76,525.0,57.54,1.54,0,181.0,0.0,Premium
CUST_05580,1382.64,616.0,34.43,1.82,0,194.0,0.1,Unlimited
CUST_05581,152.88,109.0,1.3,0.0,0,38.0,1.6,Basic
CUST_05582,763.43,142.0,87.29,1.18,1,76.0,0.1,Data Plan
CUST_05583,928.95,112.0,66.58,1.06,1,101.0,0.3,Unlimited
CUST_05584,306.88,330.0,8.99,0.3,0,118.0,0.7,Standard
CUST_05585,1086.69,187.0,63.09,1.4,1,98.0,,Data Plan
CUST_05586,918.74,192.0,83.78,0.96,0,104.0,0.8,Data Plan
CUST_05587,142.63,73.0,2.32,0.05,0,57.0,0.6,Basic
CUST_05588,797.54,228.0,103.52,0.6,0,106.0,0.0,Data Plan
CUST_05589,1683.23,554.0,45.34,2.71,0,211.0,0.6,Premium
CUST_05590,1335.51,701.0,42.05,2.84,1,181.0,0.8,Premium
CUST_05591,162.71,109.0,1.5,0.08,0,44.0,0.2,Basic
CUST_05592,173.73,160.0,1.7,0.09,0,36.0,3.3,Basic
CUST_05593,520.61,327.0,7.24,0.25,1,199.0,3.7,Postpaid
CUST_05594,1486.44,586.0,40.87,2.41,1,222.0,0.2,Unlimited
CUST_05595,264.34,237.0,8.14,0.17,3,211.0,0.5,Standard
CUST_05596,829.58,130.0,74.03,0.68,10,81.0,68.6,Unlimited
CUST_05597,447.58,234.0,12.38,0.45,0,114.0,0.1,Standard
CUST_05598,445.14,307.0,8.19,0.32,1,197.0,2.4,Standard
CUST_05599,696.2,171.0,64.37,1.44,0,77.0,1.1,Unlimited
CUST_05600,1001.85,596.0,57.83,1.12,0,212.0,0.4,Premium
CUST_05601,948.47,557.0,17.57,8.58,1,99.0,2.1,International
CUST_05602,122.42,91.0,1.94,0.06,0,35.0,1.2,Prepaid
CUST_05603,386.86,279.0,9.39,0.84,1,77.0,7.6,Basic
CUST_05604,1240.82,493.0,54.67,2.63,0,289.0,0.7,Premium
CUST_05605,921.21,174.0,78.5,0.88,1,89.0,0.8,Unlimited
CUST_05606,890.97,356.0,16.71,4.96,1,112.0,2.2,International
CUST_05607,306.45,316.0,8.36,0.37,0,135.0,4.2,Postpaid
CUST_05608,116.81,110.0,1.52,0.08,1,60.0,2.8,Basic
CUST_05609,105.63,111.0,1.1,0.04,1,38.0,2.6,Basic
CUST_05610,993.84,360.0,17.24,8.57,1,132.0,2.6,Standard
CUST_05611,303.72,263.0,5.83,0.18,0,193.0,1.3,Postpaid
CUST_05612,188.15,93.0,2.13,0.07,0,56.0,2.8,Prepaid
CUST_05613,769.46,302.0,16.69,6.57,2,116.0,3.5,Standard
CUST_05614,111.61,112.0,2.25,0.08,0,86.0,0.4,Basic
CUST_05615,1159.3,598.0,73.2,2.29,0,168.0,0.6,Premium
CUST_05616,574.25,256.0,8.6,0.26,4,86.0,8.2,Standard
CUST_05617,329.6,340.0,11.9,0.16,1,180.0,4.8,Postpaid
CUST_05618,110.87,87.0,1.03,0.14,0,36.0,1.6,Basic
CUST_05619,278.47,240.0,9.93,0.74,0,135.0,5.8,Basic
CUST_05620,342.43,432.0,12.5,0.32,0,137.0,1.8,Standard
CUST_05621,1241.46,533.0,59.01,1.56,0,196.0,0.4,Unlimited
CUST_05622,173.39,63.0,1.54,0.05,0,47.0,0.4,Prepaid
CUST_05623,861.67,404.0,16.7,9.32,1,89.0,4.6,International
CUST_05624,335.53,283.0,10.66,0.23,0,150.0,0.5,Standard
CUST_05625,155.71,158.0,1.87,0.16,0,62.0,0.1,Basic
CUST_05626,442.65,191.0,8.13,0.35,0,124.0,0.0,Standard
CUST_05627,270.73,324.0,,0.41,0,164.0,1.9,Postpaid
CUST_05628,353.59,220.0,11.22,0.65,2,186.0,0.8,Postpaid
CUST_05629,5459.86,606.0,44.0,32.52,9,182.0,0.6,Unlimited
CUST_05630,1029.79,183.0,80.18,1.15,0,99.0,2.7,Data Plan
CUST_05631,429.07,286.0,9.48,0.53,5,156.0,5.7,Basic
CUST_05632,669.57,253.0,97.07,1.5,0,63.0,0.6,Data Plan
CUST_05633,176.45,52.0,2.0,0.17,0,59.0,0.2,Basic
CUST_05634,124.16,136.0,1.77,0.13,0,80.0,1.5,Basic
CUST_05635,139.17,75.0,1.96,0.12,0,58.0,0.6,Prepaid
CUST_05636,373.35,290.0,11.31,0.17,0,121.0,0.6,Standard
CUST_05637,176.09,84.0,2.82,0.15,0,37.0,0.3,Prepaid
CUST_05638,216.94,105.0,1.96,0.13,1,68.0,0.4,Basic
CUST_05639,202.08,85.0,2.04,0.08,0,34.0,2.9,Basic
CUST_05640,782.41,381.0,14.14,4.58,1,88.0,2.1,International
CUST_05641,171.25,119.0,2.26,0.15,0,40.0,5.9,Basic
CUST_05642,1724.64,733.0,49.63,2.56,0,228.0,1.2,Premium
CUST_05643,428.07,323.0,10.14,0.2,0,123.0,0.3,Standard
CUST_05644,297.24,270.0,9.79,0.28,1,214.0,1.9,Standard
CUST_05645,1020.35,536.0,45.95,2.0,0,209.0,0.4,Unlimited
CUST_05646,284.6,260.0,8.52,0.34,0,150.0,0.6,Standard
CUST_05647,862.67,213.0,8.73,6.29,1,44.0,2.5,Standard
CUST_05648,1060.23,466.0,11.83,9.28,2,86.0,2.7,International
CUST_05649,167.38,58.0,2.06,0.13,0,58.0,0.2,Basic
CUST_05650,490.39,349.0,9.42,0.4,1,135.0,4.6,Standard
CUST_05651,206.54,95.0,2.56,0.15,1,55.0,0.3,Basic
CUST_05652,145.68,85.0,2.11,0.12,0,39.0,3.4,Basic
CUST_05653,822.42,179.0,86.52,1.05,2,65.0,0.5,Data Plan
CUST_05654,957.19,158.0,72.52,1.37,0,84.0,1.1,Unlimited
CUST_05655,143.89,61.0,2.2,0.2,0,41.0,1.4,Prepaid
CUST_05656,245.7,312.0,3.29,0.29,4,107.0,6.9,Standard
CUST_05657,988.57,207.0,67.45,1.02,0,92.0,0.5,Data Plan
CUST_05658,140.93,96.0,,0.01,0,30.0,0.4,Prepaid
CUST_05659,290.48,376.0,7.27,0.23,0,181.0,1.7,Standard
CUST_05660,406.09,335.0,8.09,0.37,1,141.0,0.6,Postpaid
CUST_05661,1261.81,512.0,51.87,1.87,0,230.0,1.0,Unlimited
CUST_05662,851.0,223.0,74.43,0.82,1,96.0,0.5,Data Plan
CUST_05663,330.92,292.0,11.02,0.32,0,95.0,1.9,Postpaid
CUST_05664,627.16,261.0,11.38,8.78,0,141.0,0.2,International
CUST_05665,1358.81,659.0,42.32,1.47,1,162.0,0.6,Premium
CUST_05666,508.62,259.0,10.64,0.35,0,157.0,0.7,Standard
CUST_05667,906.89,195.0,71.35,0.75,0,86.0,0.2,Unlimited
CUST_05668,1319.97,780.0,66.42,2.71,0,321.0,1.1,Premium
CUST_05669,469.92,209.0,10.39,0.17,0,176.0,2.5,Standard
CUST_05670,932.84,549.0,,3.01,0,89.0,0.3,Unlimited
CUST_05671,168.54,273.0,4.31,0.61,3,123.0,11.8,Basic
CUST_05672,1224.12,550.0,57.81,0.82,0,176.0,0.3,Unlimited
CUST_05673,786.31,471.0,59.54,1.51,0,226.0,0.8,Unlimited
CUST_05674,305.21,253.0,7.01,0.45,2,136.0,9.0,Basic
CUST_05675,157.51,96.0,1.97,0.19,0,39.0,0.1,Basic
CUST_05676,529.19,260.0,12.19,0.29,1,156.0,3.2,Standard
CUST_05677,1122.78,608.0,55.71,1.96,1,208.0,1.3,Unlimited
CUST_05678,407.41,392.0,7.13,0.24,0,208.0,0.6,Postpaid
CUST_05679,329.35,342.0,10.37,0.31,0,136.0,2.0,Standard
CUST_05680,776.97,583.0,51.52,1.59,0,210.0,2.0,Premium
CUST_05681,321.43,241.0,10.11,0.43,0,175.0,1.2,Standard
CUST_05682,407.78,316.0,11.76,0.37,1,184.0,2.8,Standard
CUST_05683,653.07,418.0,16.58,9.62,2,92.0,2.0,International
CUST_05684,746.38,205.0,15.34,7.07,0,95.0,0.4,International
CUST_05685,335.86,426.0,11.2,0.31,0,96.0,7.5,Standard
CUST_05686,50.0,239.0,10.15,0.56,1,160.0,8.0,Basic
CUST_05687,368.13,366.0,11.13,0.41,0,192.0,0.2,Standard
CUST_05688,168.99,105.0,1.93,0.14,1,54.0,5.0,Basic
CUST_05689,441.61,37.0,1.57,41.17,1,105.0,15.8,Basic
CUST_05690,276.36,216.0,8.11,0.0,1,62.0,1.1,Basic
CUST_05691,289.43,286.0,12.63,0.93,1,76.0,10.4,Standard
CUST_05692,471.34,255.0,11.12,0.58,3,112.0,14.8,Basic
CUST_05693,1052.91,11.0,1.1,28.5,1,52.0,0.3,Unlimited
CUST_05694,1021.37,547.0,37.42,1.96,0,108.0,1.4,Unlimited
CUST_05695,750.02,180.0,96.23,0.64,0,116.0,0.8,Data Plan
CUST_05696,262.54,390.0,8.76,0.2,0,167.0,1.1,Standard
CUST_05697,1205.24,770.0,51.11,1.91,0,315.0,0.1,Unlimited
CUST_05698,185.9,82.0,1.9,0.15,1,45.0,0.8,Prepaid
CUST_05699,129.23,98.0,2.35,0.05,0,45.0,2.1,Basic
CUST_05700,779.56,262.0,118.4,1.3,1,89.0,1.6,Data Plan
CUST_05701,824.87,488.0,34.56,2.97,0,246.0,0.3,Premium
CUST_05702,775.83,392.0,16.33,8.28,0,164.0,5.2,International
CUST_05703,143.67,90.0,1.38,0.08,0,76.0,2.3,Prepaid
CUST_05704,354.76,213.0,3.83,0.35,4,122.0,2.5,Basic
CUST_05705,1035.15,704.0,46.94,2.77,0,99.0,0.5,Premium
CUST_05706,263.02,302.0,8.73,0.21,0,184.0,6.1,Standard
CUST_05707,1398.83,616.0,49.26,1.79,1,185.0,0.4,Premium
CUST_05708,174.82,152.0,2.25,0.09,0,56.0,0.7,Basic
CUST_05709,271.79,287.0,5.81,0.88,8,119.0,2.0,Basic
CUST_05710,372.46,376.0,9.65,0.25,1,72.0,3.8,Standard
CUST_05711,1145.12,260.0,60.28,0.92,1,120.0,0.4,Unlimited
CUST_05712,479.37,399.0,10.9,0.29,2,162.0,3.7,Postpaid
CUST_05713,90.62,146.0,2.63,0.17,0,20.0,2.5,Prepaid
CUST_05714,194.34,64.0,2.84,0.16,0,38.0,0.8,Basic
CUST_05715,158.01,112.0,2.66,0.0,1,45.0,1.9,Basic
CUST_05716,1108.87,167.0,52.39,1.4,0,55.0,0.9,Data Plan
CUST_05717,399.62,195.0,7.58,0.07,3,110.0,1.4,Standard
CUST_05718,331.38,283.0,12.3,0.26,2,147.0,0.2,Standard
CUST_05719,904.4,239.0,75.56,1.24,0,68.0,0.5,Data Plan
CUST_05720,1274.72,549.0,39.7,2.13,1,156.0,0.5,Premium
CUST_05721,112.87,75.0,2.49,0.15,0,53.0,0.7,Prepaid
CUST_05722,458.99,199.0,9.41,0.32,0,195.0,2.9,Standard
CUST_05723,209.48,140.0,,0.57,3,137.0,9.8,Basic
CUST_05724,194.88,132.0,1.58,0.11,0,78.0,0.8,Basic
CUST_05725,441.05,254.0,9.87,0.3,1,190.0,0.8,Postpaid
CUST_05726,176.91,102.0,1.58,0.08,0,73.0,1.2,Basic
CUST_05727,168.27,78.0,3.29,0.11,0,82.0,0.3,Prepaid
CUST_05728,1063.09,690.0,37.31,1.75,0,154.0,0.6,Premium
CUST_05729,805.34,225.0,91.0,1.3,0,76.0,1.8,Data Plan
CUST_05730,333.46,338.0,10.95,0.39,0,120.0,2.1,Standard
CUST_05731,948.62,381.0,14.03,8.36,0,89.0,3.6,Standard
CUST_05732,520.02,286.0,59.85,1.12,0,57.0,1.3,Data Plan
CUST_05733,395.97,179.0,8.3,0.73,5,137.0,9.6,Basic
CUST_05734,386.26,261.0,12.19,0.44,0,161.0,0.0,Standard
CUST_05735,945.55,344.0,16.33,6.65,0,106.0,3.7,Standard
CUST_05736,1085.09,648.0,58.49,1.7,1,156.0,0.3,Premium
CUST_05737,4236.56,271.0,11.65,0.52,1,157.0,0.4,Standard
CUST_05738,799.75,303.0,18.96,7.47,0,91.0,0.2,International
CUST_05739,743.64,407.0,16.67,5.6,1,167.0,6.9,International
CUST_05740,497.27,306.0,8.17,0.3,0,143.0,1.3,Standard
CUST_05741,1137.92,394.0,54.64,2.73,0,196.0,1.2,Unlimited
CUST_05742,1510.49,407.0,49.15,1.5,0,267.0,0.9,Premium
CUST_05743,1506.61,513.0,48.72,1.53,0,163.0,0.1,Premium
CUST_05744,481.61,191.0,7.3,0.28,1,119.0,1.8,Basic
CUST_05745,429.72,269.0,11.25,0.34,0,134.0,0.5,Standard
CUST_05746,463.23,342.0,4.68,0.13,1,187.0,0.8,Standard
CUST_05747,968.95,215.0,67.54,1.22,0,78.0,1.9,Data Plan
CUST_05748,277.75,226.0,10.2,0.34,3,181.0,5.5,Basic
CUST_05749,1370.14,596.0,63.23,1.97,0,183.0,0.0,Premium
CUST_05750,450.09,57.0,1.51,0.64,4,175.0,6.1,Basic
CUST_05751,1164.19,603.0,33.79,0.98,0,263.0,0.3,Premium
CUST_05752,311.54,293.0,9.05,0.18,0,120.0,0.7,Standard
CUST_05753,434.76,231.0,9.37,0.4,0,193.0,1.6,Postpaid
CUST_05754,1558.4,553.0,50.12,1.78,1,260.0,0.2,Premium
CUST_05755,338.43,45.0,1.76,49.31,1,125.0,0.9,Standard
CUST_05756,417.73,316.0,9.48,0.22,1,197.0,0.9,Standard
CUST_05757,952.09,659.0,53.58,1.65,1,267.0,0.1,Premium
CUST_05758,466.38,214.0,9.25,0.3,1,94.0,2.1,Postpaid
CUST_05759,119.27,132.0,1.38,0.0,0,40.0,0.4,Prepaid
CUST_05760,1556.47,497.0,42.66,1.71,0,163.0,0.3,Premium
CUST_05761,509.59,272.0,10.36,0.31,0,174.0,1.1,Standard
CUST_05762,316.94,247.0,9.55,0.25,0,181.0,6.3,Standard
CUST_05763,818.32,423.0,13.83,9.71,1,32.0,3.0,Standard
CUST_05764,679.28,435.0,12.09,3.43,2,138.0,0.3,International
CUST_05765,440.78,283.0,7.51,0.27,2,186.0,0.9,Standard
CUST_05766,311.41,247.0,4.01,0.63,3,147.0,25.9,Basic
CUST_05767,1213.75,558.0,43.27,2.52,1,235.0,0.1,Unlimited
CUST_05768,1142.43,157.0,93.58,0.56,0,84.0,0.6,Unlimited
CUST_05769,930.11,230.0,93.63,0.66,1,82.0,0.9,Unlimited
CUST_05770,4664.55,218.0,8.86,0.24,2,179.0,3.2,Standard
CUST_05771,98.42,247.0,6.57,0.54,4,121.0,0.2,Standard
CUST_05772,696.3,524.0,13.97,6.62,1,123.0,6.4,Standard
CUST_05773,672.72,404.0,12.85,8.01,1,76.0,3.4,Standard
CUST_05774,1160.01,541.0,52.26,1.76,1,155.0,0.3,Unlimited
CUST_05775,1370.21,622.0,40.13,2.69,0,145.0,0.5,Unlimited
CUST_05776,456.49,246.0,9.42,0.39,0,119.0,0.6,Postpaid
CUST_05777,860.87,592.0,30.48,2.4,0,193.0,,Premium
CUST_05778,1380.42,574.0,31.17,2.49,0,203.0,0.5,Unlimited
CUST_05779,858.35,250.0,44.62,0.71,2,102.0,3.6,Data Plan
CUST_05780,1237.84,599.0,33.34,2.42,1,228.0,0.9,Premium
CUST_05781,1376.4,531.0,45.61,2.99,0,193.0,1.0,Premium
CUST_05782,120.67,45.0,2.17,0.11,0,28.0,0.4,Basic
CUST_05783,855.03,504.0,16.8,10.21,1,111.0,4.0,International
CUST_05784,668.27,394.0,,6.34,1,129.0,1.2,Standard
CUST_05785,367.13,199.0,10.15,0.3,2,123.0,0.2,Standard
CUST_05786,177.84,96.0,2.32,0.01,0,30.0,0.1,Basic
CUST_05787,910.94,550.0,42.39,2.2,0,163.0,1.1,Unlimited
CUST_05788,376.36,203.0,11.85,0.35,0,193.0,0.9,Postpaid
CUST_05789,487.5,352.0,9.49,,0,169.0,1.5,Standard
CUST_05790,1522.79,650.0,28.6,1.92,0,86.0,0.2,Premium
CUST_05791,133.01,128.0,2.9,0.17,20,65.0,39.3,Basic
CUST_05792,257.59,231.0,11.64,0.17,0,133.0,2.6,Standard
CUST_05793,392.51,258.0,4.34,0.56,2,88.0,31.7,Standard
CUST_05794,333.61,342.0,8.4,0.3,0,121.0,1.9,Standard
CUST_05795,398.51,261.0,11.16,0.4,0,129.0,0.5,Standard
CUST_05796,483.57,314.0,8.56,0.28,0,160.0,1.5,Standard
CUST_05797,367.94,458.0,15.9,6.94,0,67.0,4.2,International
CUST_05798,1063.69,547.0,30.82,2.06,0,132.0,0.3,Premium
CUST_05799,4687.4,821.0,46.58,36.85,13,194.0,0.2,Unlimited
CUST_05800,894.39,162.0,73.82,1.12,0,91.0,2.4,Data Plan
CUST_05801,720.36,176.0,74.3,1.35,1,103.0,0.6,Data Plan
CUST_05802,150.44,73.0,1.75,0.16,0,61.0,0.7,Prepaid
CUST_05803,1417.47,662.0,51.36,1.67,1,248.0,0.7,Unlimited
CUST_05804,864.66,522.0,8.87,6.23,0,79.0,1.6,Standard
CUST_05805,342.92,310.0,10.42,0.35,0,104.0,1.4,Postpaid
CUST_05806,384.6,375.0,12.57,0.4,0,118.0,3.4,Standard
CUST_05807,97.11,104.0,2.2,0.06,0,76.0,0.1,Prepaid
CUST_05808,1115.69,634.0,51.23,1.84,0,188.0,0.2,Unlimited
CUST_05809,4228.89,229.0,63.88,0.53,0,38.0,1.1,Unlimited
CUST_05810,139.22,135.0,2.8,0.19,0,34.0,2.6,Prepaid
CUST_05811,322.0,355.0,6.71,0.5,1,36.0,1.6,Postpaid
CUST_05812,165.03,102.0,1.79,0.18,0,43.0,1.7,Basic
CUST_05813,473.93,269.0,9.52,0.36,1,142.0,2.2,Postpaid
CUST_05814,516.05,230.0,10.48,0.27,0,74.0,0.6,Standard
CUST_05815,118.66,56.0,1.91,0.01,0,61.0,1.7,Prepaid
CUST_05816,113.07,63.0,2.0,0.15,16,39.0,78.5,Basic
CUST_05817,212.22,93.0,1.12,0.08,0,49.0,2.3,Prepaid
CUST_05818,364.09,365.0,8.3,0.29,0,152.0,1.9,Postpaid
CUST_05819,426.94,389.0,8.02,0.28,0,136.0,0.8,Postpaid
CUST_05820,1437.65,656.0,48.06,2.31,0,225.0,0.0,Premium
CUST_05821,151.81,101.0,2.78,0.12,0,63.0,0.9,Prepaid
CUST_05822,1512.32,650.0,41.73,2.51,0,284.0,0.1,Premium
CUST_05823,1299.53,725.0,46.5,1.57,0,253.0,0.9,Unlimited
CUST_05824,364.25,281.0,8.86,0.42,4,102.0,15.2,Basic
CUST_05825,403.27,292.0,8.59,0.35,0,171.0,1.4,Standard
CUST_05826,1490.18,629.0,53.81,2.57,0,172.0,0.0,Premium
CUST_05827,534.95,214.0,7.69,0.51,6,102.0,2.1,Basic
CUST_05828,417.62,219.0,6.72,0.32,2,131.0,5.1,Basic
CUST_05829,1074.67,612.0,55.32,2.19,2,159.0,0.0,Unlimited
CUST_05830,764.58,407.0,14.98,9.01,0,114.0,2.0,Standard
CUST_05831,317.91,251.0,11.27,0.21,1,202.0,7.0,Postpaid
CUST_05832,262.82,315.0,12.32,,1,99.0,3.1,Basic
CUST_05833,841.86,442.0,12.83,11.11,0,80.0,6.6,International
CUST_05834,351.52,234.0,9.39,0.36,0,227.0,0.4,Standard
CUST_05835,261.48,293.0,12.8,0.24,0,109.0,4.3,Postpaid
CUST_05836,961.39,201.0,74.55,1.02,1,75.0,5.4,Unlimited
CUST_05837,902.16,180.0,85.82,1.02,0,98.0,1.4,Data Plan
CUST_05838,561.58,330.0,4.86,0.46,3,181.0,2.0,Basic
CUST_05839,502.35,311.0,12.72,0.36,1,143.0,0.6,Standard
CUST_05840,289.85,216.0,12.27,0.32,3,113.0,0.5,Standard
CUST_05841,178.65,79.0,1.75,0.15,0,32.0,0.8,Basic
CUST_05842,372.0,312.0,6.43,0.31,1,94.0,0.9,Standard
CUST_05843,881.27,218.0,65.97,,0,97.0,1.5,Unlimited
CUST_05844,1361.56,598.0,54.9,1.71,1,230.0,0.8,Premium
CUST_05845,405.93,172.0,5.42,0.21,0,178.0,11.0,Postpaid
CUST_05846,385.96,301.0,12.86,0.23,0,83.0,2.2,Standard
CUST_05847,155.94,104.0,2.12,0.09,0,48.0,2.7,Basic
CUST_05848,288.77,287.0,4.69,0.38,7,106.0,22.7,Standard
CUST_05849,386.41,136.0,8.67,0.39,4,164.0,0.6,Basic
CUST_05850,1215.35,467.0,57.72,2.52,0,256.0,1.1,Unlimited
CUST_05851,167.18,96.0,1.58,0.12,1,51.0,0.3,Basic
CUST_05852,132.69,126.0,2.29,0.14,0,51.0,0.0,Prepaid
CUST_05853,444.05,328.0,11.84,0.36,0,126.0,0.0,Postpaid
CUST_05854,146.37,124.0,1.91,0.0,0,71.0,0.7,Basic
CUST_05855,331.86,359.0,6.61,0.24,0,143.0,1.2,Postpaid
CUST_05856,437.02,332.0,9.92,0.25,0,161.0,1.4,Postpaid
CUST_05857,770.98,189.0,105.01,1.24,0,81.0,0.5,Unlimited
CUST_05858,142.58,102.0,1.94,0.15,1,56.0,0.8,Prepaid
CUST_05859,1032.13,561.0,53.05,1.68,0,224.0,0.3,Premium
CUST_05860,493.24,364.0,11.36,0.44,0,59.0,4.7,Standard
CUST_05861,349.73,279.0,9.48,0.29,0,177.0,1.3,Standard
CUST_05862,428.48,286.0,11.5,0.37,0,173.0,4.9,Postpaid
CUST_05863,282.67,369.0,6.37,0.61,4,132.0,6.9,Basic
CUST_05864,1060.81,186.0,75.69,0.8,0,78.0,,Data Plan
CUST_05865,1143.7,490.0,51.6,1.04,0,167.0,0.5,Premium
CUST_05866,175.15,108.0,1.54,0.05,0,73.0,0.0,Basic
CUST_05867,155.06,83.0,1.7,0.15,0,34.0,1.9,Basic
CUST_05868,459.45,347.0,8.88,0.3,0,132.0,1.8,Standard
CUST_05869,374.09,30.0,1.87,29.21,2,187.0,1.2,Standard
CUST_05870,461.63,231.0,12.7,0.31,0,186.0,0.9,Postpaid
CUST_05871,1003.98,115.0,107.77,0.42,1,77.0,0.3,Unlimited
CUST_05872,116.2,65.0,0.55,0.09,0,30.0,0.8,Basic
CUST_05873,146.53,87.0,1.19,0.21,0,41.0,0.7,Prepaid
CUST_05874,977.43,204.0,71.76,0.99,0,49.0,0.9,Data Plan
CUST_05875,152.93,72.0,1.66,0.06,1,37.0,1.2,Prepaid
CUST_05876,85.4,91.0,1.57,0.14,1,34.0,1.0,Basic
CUST_05877,428.75,159.0,8.48,0.62,4,70.0,1.3,Standard
CUST_05878,598.32,403.0,15.56,8.12,3,159.0,2.8,Standard
CUST_05879,1390.76,472.0,54.61,3.14,0,224.0,1.1,Premium
CUST_05880,703.68,349.0,12.32,11.05,1,109.0,1.9,Standard
CUST_05881,5064.89,215.0,8.11,15.54,8,55.0,7.0,Basic
CUST_05882,279.04,313.0,9.4,0.36,2,152.0,7.5,Postpaid
CUST_05883,459.63,446.0,11.08,0.46,0,187.0,5.9,Standard
CUST_05884,191.94,152.0,7.58,0.91,0,101.0,2.3,Basic
CUST_05885,680.62,450.0,15.66,8.74,1,114.0,0.4,International
CUST_05886,158.3,79.0,1.91,0.12,0,32.0,1.2,Prepaid
CUST_05887,161.09,76.0,2.53,0.04,0,60.0,2.3,Prepaid
CUST_05888,160.39,114.0,2.03,0.03,0,31.0,0.0,Prepaid
CUST_05889,413.05,287.0,8.31,1.04,5,163.0,7.7,Standard
CUST_05890,424.63,383.0,7.48,0.32,1,127.0,1.1,Postpaid
CUST_05891,114.9,99.0,1.38,0.06,0,54.0,0.7,Basic
CUST_05892,444.21,203.0,11.78,0.39,0,172.0,13.0,Postpaid
CUST_05893,843.58,165.0,68.92,1.07,0,90.0,0.3,Data Plan
CUST_05894,120.81,66.0,1.54,0.07,0,43.0,1.8,Basic
CUST_05895,909.42,586.0,10.81,8.86,3,17.0,2.7,International
CUST_05896,678.72,536.0,16.13,10.56,1,124.0,9.4,International
CUST_05897,1169.43,688.0,28.22,2.94,1,215.0,0.3,Premium
CUST_05898,641.09,438.0,15.99,8.11,0,75.0,2.3,Standard
CUST_05899,964.74,199.0,88.95,0.62,0,63.0,2.8,Data Plan
CUST_05900,171.65,117.0,1.88,0.08,0,20.0,2.2,Prepaid
CUST_05901,849.43,253.0,79.93,1.06,0,81.0,5.2,Data Plan
CUST_05902,714.98,323.0,78.61,0.68,1,81.0,0.3,Data Plan
CUST_05903,377.17,305.0,11.31,0.17,0,171.0,2.6,Standard
CUST_05904,146.46,82.0,1.54,0.11,0,26.0,0.2,Prepaid
CUST_05905,151.46,66.0,2.33,0.04,0,21.0,0.0,Basic
CUST_05906,174.66,80.0,1.85,0.16,1,71.0,0.8,Prepaid
CUST_05907,1396.55,548.0,36.96,1.07,0,201.0,0.3,Premium
CUST_05908,380.88,150.0,6.19,0.73,5,156.0,8.8,Standard
CUST_05909,176.86,112.0,2.52,0.18,0,54.0,1.8,Basic
CUST_05910,790.04,177.0,85.14,1.64,0,40.0,1.2,Data Plan
CUST_05911,95.97,63.0,1.88,0.08,0,65.0,0.4,Basic
CUST_05912,392.01,384.0,10.52,0.15,0,47.0,0.4,Postpaid
CUST_05913,1010.15,182.0,83.52,1.17,1,53.0,2.2,Data Plan
CUST_05914,960.01,237.0,69.6,1.32,1,58.0,1.4,Data Plan
CUST_05915,736.33,406.0,15.43,10.84,0,141.0,0.9,International
CUST_05916,1360.41,625.0,39.65,2.24,0,202.0,0.5,Premium
CUST_05917,330.03,325.0,12.99,0.26,1,119.0,1.0,Standard
CUST_05918,183.25,82.0,2.2,0.13,0,40.0,0.9,Prepaid
CUST_05919,260.09,382.0,10.88,0.18,2,173.0,6.2,Postpaid
CUST_05920,315.41,284.0,10.32,0.46,6,95.0,2.0,Basic
CUST_05921,130.38,131.0,,0.14,0,70.0,1.1,Basic
CUST_05922,1365.86,414.0,58.22,1.91,0,164.0,0.0,Premium
CUST_05923,291.7,199.0,0.0,0.91,2,99.0,0.0,Basic
CUST_05924,497.59,354.0,9.91,0.4,0,95.0,1.7,Postpaid
CUST_05925,1063.25,152.0,90.55,1.32,1,44.0,2.8,Data Plan
CUST_05926,947.26,454.0,56.61,1.91,0,286.0,0.4,Premium
CUST_05927,129.6,101.0,2.04,0.06,0,46.0,1.2,Basic
CUST_05928,463.8,228.0,4.46,0.34,0,131.0,10.4,Standard
CUST_05929,1057.29,570.0,46.6,2.94,0,175.0,1.0,Premium
CUST_05930,482.09,252.0,8.9,0.25,0,95.0,0.6,Standard
CUST_05931,583.54,100.0,93.13,1.41,0,90.0,2.7,Data Plan
CUST_05932,381.05,370.0,11.44,0.22,1,140.0,0.2,Postpaid
CUST_05933,506.07,340.0,7.08,0.32,0,153.0,0.3,Postpaid
CUST_05934,608.45,438.0,10.99,9.75,1,43.0,2.3,Standard
CUST_05935,321.98,220.0,12.83,0.46,2,64.0,3.3,Postpaid
CUST_05936,303.84,234.0,7.27,0.29,0,169.0,7.4,Standard
CUST_05937,924.12,169.0,94.67,1.04,0,62.0,1.0,Data Plan
CUST_05938,99.92,104.0,1.76,0.08,0,69.0,0.4,Basic
CUST_05939,341.53,346.0,2.33,0.55,4,119.0,0.9,Standard
CUST_05940,1202.64,653.0,53.33,1.61,0,154.0,1.1,Unlimited
CUST_05941,968.12,324.0,15.46,8.6,0,35.0,1.3,Standard
CUST_05942,143.25,99.0,1.44,0.08,1,53.0,0.4,Prepaid
CUST_05943,429.92,304.0,10.0,0.27,0,62.0,1.0,Standard
CUST_05944,677.94,408.0,12.7,4.09,1,86.0,3.1,International
CUST_05945,807.98,225.0,67.64,0.81,0,127.0,1.1,Data Plan
CUST_05946,817.55,181.0,68.94,0.22,1,107.0,0.2,Unlimited
CUST_05947,396.13,164.0,5.87,0.47,3,132.0,6.7,Basic
CUST_05948,143.93,122.0,1.77,0.1,0,70.0,1.4,Prepaid
CUST_05949,286.31,131.0,11.01,0.53,3,90.0,5.1,Standard
CUST_05950,263.23,288.0,8.31,0.35,1,221.0,5.8,Standard
CUST_05951,1018.34,258.0,71.9,1.04,1,101.0,1.5,Data Plan
CUST_05952,465.07,311.0,11.98,0.44,1,190.0,0.6,Standard
CUST_05953,407.0,350.0,9.62,0.13,1,87.0,2.2,Postpaid
CUST_05954,340.97,346.0,12.01,0.3,0,205.0,2.7,Postpaid
CUST_05955,4470.99,288.0,7.85,30.02,8,94.0,0.1,Standard
CUST_05956,1232.09,731.0,37.85,1.66,1,113.0,,Unlimited
CUST_05957,121.87,112.0,1.69,0.18,1,61.0,1.9,Prepaid
CUST_05958,1234.12,91.0,87.49,0.96,0,61.0,0.0,Data Plan
CUST_05959,178.92,111.0,2.03,0.13,1,31.0,0.3,Prepaid
CUST_05960,850.98,281.0,79.77,1.17,0,92.0,1.7,Data Plan
CUST_05961,472.54,211.0,8.97,0.3,0,58.0,6.2,Postpaid
CUST_05962,223.3,269.0,13.71,0.31,1,85.0,1.9,Standard
CUST_05963,153.52,178.0,1.2,0.15,0,55.0,1.8,Basic
CUST_05964,162.82,64.0,1.72,0.08,0,55.0,2.7,Basic
CUST_05965,292.51,221.0,9.24,0.51,6,105.0,0.2,Standard
CUST_05966,130.76,148.0,2.22,0.12,0,59.0,0.3,Prepaid
CUST_05967,513.51,204.0,9.28,0.25,0,150.0,1.1,Postpaid
CUST_05968,399.77,346.0,6.82,0.25,0,97.0,3.6,Postpaid
CUST_05969,1335.76,623.0,53.64,2.09,0,286.0,0.3,Unlimited
CUST_05970,1224.34,878.0,60.63,1.77,0,199.0,0.3,Unlimited
CUST_05971,1154.86,222.0,99.96,1.52,0,75.0,3.1,Data Plan
CUST_05972,440.8,177.0,11.1,0.29,0,119.0,2.6,Standard
CUST_05973,1044.35,565.0,32.37,1.26,0,341.0,0.4,Premium
CUST_05974,370.91,234.0,11.55,0.24,1,152.0,0.5,Standard
CUST_05975,165.49,86.0,2.02,0.08,1,36.0,1.3,Basic
CUST_05976,662.86,386.0,13.84,6.95,4,72.0,3.0,Standard
CUST_05977,808.56,222.0,80.32,1.17,0,90.0,0.4,Unlimited
CUST_05978,926.16,544.0,17.68,7.58,1,67.0,8.6,International
CUST_05979,134.23,99.0,2.1,0.09,0,57.0,0.0,Basic
CUST_05980,1235.98,604.0,66.5,1.31,0,198.0,0.8,Premium
CUST_05981,314.29,329.0,12.31,0.39,0,157.0,2.0,Standard
CUST_05982,388.02,259.0,12.46,0.26,2,202.0,0.6,Standard
CUST_05983,318.87,297.0,9.82,0.31,0,187.0,6.4,Standard
CUST_05984,997.11,163.0,85.8,0.9,0,46.0,1.4,Data Plan
CUST_05985,399.68,286.0,8.32,0.36,0,93.0,1.9,Standard
CUST_05986,736.98,332.0,12.25,7.89,1,46.0,7.7,International
CUST_05987,999.01,205.0,106.24,0.96,0,94.0,0.8,Data Plan
CUST_05988,911.75,177.0,97.85,1.35,2,70.0,0.3,Unlimited
CUST_05989,327.82,216.0,4.12,0.25,4,171.0,0.9,Standard
CUST_05990,780.04,372.0,17.7,9.47,1,144.0,5.2,International
CUST_05991,414.87,331.0,8.44,0.29,0,127.0,1.2,Standard
CUST_05992,823.43,206.0,101.78,1.32,0,87.0,1.7,Data Plan
CUST_05993,1251.54,552.0,49.3,2.71,1,210.0,1.4,Premium
CUST_05994,377.82,208.0,8.79,0.31,0,155.0,0.2,Standard
CUST_05995,12.05,100.0,1.45,0.12,0,59.0,2.1,Basic
CUST_05996,321.27,176.0,5.72,0.39,3,97.0,21.1,Basic
CUST_05997,1005.76,164.0,46.15,0.9,0,87.0,0.7,Unlimited
CUST_05998,224.09,316.0,6.11,0.86,5,74.0,10.6,Standard
CUST_05999,152.09,117.0,1.97,0.04,0,60.0,0.0,Basic
CUST_06000,421.48,304.0,8.18,0.33,4,193.0,0.6,Postpaid
CUST_06001,284.51,283.0,11.64,0.16,0,131.0,0.1,Standard
CUST_06002,131.32,136.0,2.3,0.08,0,59.0,0.6,Basic
CUST_06003,710.36,310.0,15.27,7.97,1,152.0,5.0,International
CUST_06004,538.95,209.0,10.66,0.36,0,170.0,2.6,Standard
CUST_06005,397.97,124.0,7.55,0.56,1,89.0,3.9,Standard
CUST_06006,365.82,410.0,9.57,0.4,4,85.0,7.7,Basic
CUST_06007,949.39,503.0,15.44,6.15,1,112.0,2.4,International
CUST_06008,1369.16,705.0,43.43,1.61,0,258.0,1.0,Unlimited
CUST_06009,333.99,281.0,3.43,0.13,4,108.0,1.6,Basic
CUST_06010,943.34,188.0,116.96,0.84,0,80.0,0.5,Unlimited
CUST_06011,275.99,266.0,4.09,0.61,1,115.0,18.2,Standard
CUST_06012,817.16,394.0,14.02,6.58,0,124.0,0.7,International
CUST_06013,585.4,42.0,7.31,0.12,2,90.0,7.7,Basic
CUST_06014,193.24,109.0,1.93,0.08,0,54.0,0.3,Basic
CUST_06015,825.92,382.0,13.01,4.58,1,81.0,2.0,International
CUST_06016,3281.52,603.0,41.19,1.57,1,225.0,0.8,Unlimited
CUST_06017,1117.05,234.0,67.82,0.84,1,81.0,1.1,Unlimited
CUST_06018,791.4,198.0,84.4,0.92,0,101.0,0.5,Unlimited
CUST_06019,387.05,350.0,13.4,0.28,2,155.0,4.2,Standard
CUST_06020,646.81,323.0,10.68,11.38,2,76.0,0.9,International
CUST_06021,931.86,158.0,79.15,0.82,2,95.0,1.1,Data Plan
CUST_06022,394.19,264.0,9.0,0.19,1,142.0,0.9,Postpaid
CUST_06023,326.02,459.0,12.45,0.23,0,125.0,1.2,Standard
CUST_06024,129.67,80.0,2.08,0.1,0,66.0,0.2,Prepaid
CUST_06025,501.68,389.0,6.42,0.22,0,186.0,0.3,Postpaid
CUST_06026,571.96,345.0,5.3,0.38,1,107.0,2.7,Postpaid
CUST_06027,316.63,154.0,9.63,0.76,3,71.0,3.0,Basic
CUST_06028,445.45,200.0,9.87,0.99,6,90.0,1.0,Standard
CUST_06029,496.93,342.0,7.31,0.45,2,101.0,0.8,Basic
CUST_06030,134.45,43.0,1.04,0.11,0,67.0,0.6,Basic
CUST_06031,128.07,85.0,2.12,0.08,0,64.0,2.0,Prepaid
CUST_06032,1028.45,200.0,85.97,1.25,0,65.0,0.4,Data Plan
CUST_06033,342.73,176.0,6.76,0.22,1,109.0,24.3,Standard
CUST_06034,1160.96,659.0,57.15,2.8,1,243.0,0.5,Unlimited
CUST_06035,1209.43,585.0,68.99,1.9,1,126.0,0.6,Unlimited
CUST_06036,900.04,525.0,63.63,1.47,0,163.0,0.2,Premium
CUST_06037,396.72,33.0,1.36,24.96,0,171.0,1.4,Standard
CUST_06038,784.1,92.0,81.03,0.69,0,75.0,2.0,Data Plan
CUST_06039,957.94,295.0,20.0,6.78,0,79.0,6.7,International
CUST_06040,451.39,236.0,11.07,0.22,1,161.0,0.5,Standard
CUST_06041,302.27,318.0,7.24,0.22,0,154.0,1.5,Standard
CUST_06042,377.39,186.0,8.45,0.28,1,130.0,,Standard
CUST_06043,1029.11,205.0,62.69,0.49,0,49.0,0.7,Unlimited
CUST_06044,797.12,463.0,13.16,6.96,3,107.0,1.3,International
CUST_06045,1186.14,488.0,25.68,1.67,0,242.0,0.4,Unlimited
CUST_06046,688.78,140.0,85.74,1.38,0,79.0,0.3,Unlimited
CUST_06047,1324.71,626.0,50.89,2.32,0,240.0,0.1,Premium
CUST_06048,953.88,171.0,111.17,1.05,0,86.0,1.8,Unlimited
CUST_06049,760.16,251.0,48.39,0.47,0,105.0,0.1,Data Plan
CUST_06050,851.67,328.0,14.09,9.21,0,69.0,1.5,International
CUST_06051,964.92,311.0,17.59,6.29,0,46.0,3.1,International
CUST_06052,324.36,308.0,4.98,0.3,5,120.0,5.7,Basic
CUST_06053,402.31,313.0,7.9,0.3,2,152.0,2.7,Postpaid
CUST_06054,1449.04,575.0,61.52,2.34,0,237.0,1.1,Unlimited
CUST_06055,129.8,59.0,2.15,0.07,1,53.0,0.2,Prepaid
CUST_06056,997.25,111.0,82.48,1.33,0,50.0,0.2,Unlimited
CUST_06057,646.69,371.0,15.5,9.58,1,73.0,1.6,International
CUST_06058,741.37,429.0,16.56,9.63,1,55.0,2.2,Standard
CUST_06059,139.13,62.0,2.37,0.11,0,54.0,0.7,Prepaid
CUST_06060,513.89,226.0,15.17,0.44,0,183.0,1.2,Standard
CUST_06061,507.9,392.0,10.97,0.27,1,163.0,1.4,Postpaid
CUST_06062,762.38,460.0,18.32,11.32,2,96.0,3.0,Standard
CUST_06063,581.21,369.0,11.13,8.3,0,120.0,0.3,International
CUST_06064,1200.42,593.0,40.5,2.51,0,176.0,0.0,Unlimited
CUST_06065,1764.61,648.0,38.02,2.04,0,180.0,0.4,Unlimited
CUST_06066,869.23,305.0,86.88,0.84,0,68.0,1.1,Data Plan
CUST_06067,1293.55,551.0,40.85,2.42,0,252.0,0.2,Unlimited
CUST_06068,524.31,311.0,8.47,0.22,0,186.0,1.4,Standard
CUST_06069,402.36,296.0,9.27,0.23,0,184.0,0.7,Standard
CUST_06070,118.8,109.0,2.1,0.08,0,45.0,0.2,Basic
CUST_06071,1279.58,428.0,12.91,6.66,1,133.0,1.1,Standard
CUST_06072,117.57,99.0,2.48,0.09,1,63.0,1.1,Prepaid
CUST_06073,914.55,99.0,88.0,0.39,0,92.0,1.8,Data Plan
CUST_06074,1217.82,463.0,53.18,1.68,0,191.0,0.0,Unlimited
CUST_06075,524.72,296.0,17.1,9.52,0,100.0,2.3,International
CUST_06076,385.33,81.0,10.36,0.47,3,147.0,1.9,Basic
CUST_06077,475.01,229.0,8.09,0.27,2,144.0,0.7,Standard
CUST_06078,382.87,332.0,10.84,0.18,0,121.0,0.2,Standard
CUST_06079,438.59,359.0,9.91,0.32,1,122.0,1.2,Standard
CUST_06080,1035.47,499.0,11.77,12.07,0,115.0,3.0,International
CUST_06081,781.93,193.0,98.13,0.83,0,83.0,0.1,Unlimited
CUST_06082,367.27,281.0,8.55,0.32,2,96.0,13.6,Basic
CUST_06083,527.32,188.0,8.21,0.85,6,121.0,11.9,Basic
CUST_06084,151.67,89.0,2.55,0.07,0,68.0,0.4,Basic
CUST_06085,222.36,230.0,11.05,0.34,1,0.0,0.0,Standard
CUST_06086,879.65,300.0,14.55,9.56,0,78.0,1.8,International
CUST_06087,785.47,327.0,13.02,7.95,0,110.0,4.6,Standard
CUST_06088,356.23,303.0,9.5,0.29,0,127.0,1.6,Postpaid
CUST_06089,1134.57,173.0,62.22,1.11,0,94.0,3.5,Data Plan
CUST_06090,358.01,247.0,7.31,0.34,2,153.0,2.7,Postpaid
CUST_06091,679.3,96.0,73.25,0.72,1,93.0,0.2,Data Plan
CUST_06092,420.78,325.0,8.87,0.24,0,94.0,3.6,Standard
CUST_06093,512.93,329.0,10.7,0.34,0,159.0,6.1,Postpaid
CUST_06094,624.62,292.0,113.64,0.77,0,96.0,2.4,Data Plan
CUST_06095,770.02,203.0,86.23,0.58,0,131.0,0.6,Data Plan
CUST_06096,310.37,282.0,9.13,0.28,1,181.0,3.0,Postpaid
CUST_06097,930.35,287.0,12.87,7.51,1,109.0,1.6,International
CUST_06098,431.03,304.0,11.18,0.39,1,147.0,1.6,Standard
CUST_06099,472.02,233.0,9.1,0.39,0,185.0,8.7,Standard
CUST_06100,929.66,194.0,10.26,6.63,1,192.0,2.6,Standard
CUST_06101,186.51,102.0,2.09,0.09,0,36.0,0.1,Prepaid
CUST_06102,343.51,390.0,8.91,0.14,1,85.0,3.1,Standard
CUST_06103,554.65,249.0,14.3,0.23,1,120.0,8.6,Standard
CUST_06104,19.24,310.0,8.86,0.32,0,118.0,0.8,Standard
CUST_06105,907.25,181.0,76.35,0.4,0,83.0,0.9,Data Plan
CUST_06106,283.54,255.0,10.57,0.77,5,64.0,28.4,Basic
CUST_06107,1363.06,480.0,56.62,2.32,1,214.0,1.1,Unlimited
CUST_06108,472.92,219.0,6.02,0.53,2,100.0,11.4,Standard
CUST_06109,503.73,20.0,1.88,33.56,2,165.0,5.1,Postpaid
CUST_06110,307.2,263.0,9.17,0.47,5,80.0,8.7,Standard
CUST_06111,318.59,280.0,11.69,0.35,1,59.0,1.4,Standard
CUST_06112,1068.44,694.0,47.61,2.14,1,199.0,0.8,Premium
CUST_06113,1096.8,607.0,43.47,1.54,0,104.0,0.4,Premium
CUST_06114,340.62,356.0,12.54,0.29,0,177.0,2.7,Standard
CUST_06115,1005.04,625.0,65.72,1.61,0,108.0,0.2,Premium
CUST_06116,459.57,179.0,12.56,0.2,0,104.0,1.3,Postpaid
CUST_06117,385.47,295.0,9.39,0.22,0,171.0,2.6,Standard
CUST_06118,694.95,430.0,12.14,6.84,0,60.0,0.8,International
CUST_06119,356.11,317.0,10.24,0.33,1,159.0,4.5,Standard
CUST_06120,686.74,208.0,70.17,1.4,1,86.0,0.5,Data Plan
CUST_06121,419.51,331.0,6.07,0.36,0,200.0,3.6,Postpaid
CUST_06122,348.47,216.0,6.35,0.49,4,178.0,9.1,Basic
CUST_06123,976.42,354.0,13.16,2.92,0,81.0,3.2,International
CUST_06124,308.27,347.0,8.04,0.29,1,145.0,4.2,Standard
CUST_06125,134.95,69.0,1.89,0.08,0,37.0,0.2,Basic
CUST_06126,1334.5,622.0,36.97,2.15,2,163.0,0.6,Premium
CUST_06127,352.0,244.0,10.82,0.28,1,117.0,1.4,Postpaid
CUST_06128,460.62,337.0,9.29,0.09,1,155.0,2.0,Standard
CUST_06129,504.12,359.0,11.94,0.44,1,191.0,3.7,Postpaid
CUST_06130,1066.2,280.0,67.03,1.15,0,101.0,1.4,Data Plan
CUST_06131,1006.09,579.0,60.78,1.96,2,276.0,1.0,Premium
CUST_06132,985.05,702.0,45.43,0.52,1,136.0,1.5,Unlimited
CUST_06133,1168.97,479.0,52.65,2.09,0,115.0,0.2,Unlimited
CUST_06134,413.37,185.0,14.55,0.12,0,170.0,2.9,Postpaid
CUST_06135,355.23,283.0,9.73,0.64,3,113.0,5.0,Basic
CUST_06136,441.68,285.0,9.51,0.15,0,230.0,1.2,Standard
CUST_06137,273.71,221.0,11.16,0.52,0,168.0,11.2,Basic
CUST_06138,862.94,223.0,91.75,0.62,1,88.0,0.1,Data Plan
CUST_06139,520.31,355.0,8.15,0.37,1,154.0,0.7,Standard
CUST_06140,172.54,79.0,1.55,0.12,0,55.0,2.5,Basic
CUST_06141,942.16,577.0,53.16,2.0,0,291.0,0.2,Unlimited
CUST_06142,730.33,274.0,15.12,6.23,1,77.0,0.9,International
CUST_06143,281.84,316.0,10.21,0.21,1,90.0,3.6,Standard
CUST_06144,5642.0,140.0,2.01,31.98,11,19.0,0.2,Prepaid
CUST_06145,1093.35,624.0,37.24,2.14,0,194.0,0.6,Unlimited
CUST_06146,1032.45,644.0,59.15,2.19,0,157.0,0.5,Unlimited
CUST_06147,977.86,180.0,79.83,0.47,0,62.0,2.4,Data Plan
CUST_06148,369.34,277.0,12.78,0.21,0,128.0,3.1,Standard
CUST_06149,811.54,379.0,13.58,6.55,2,149.0,1.1,Standard
CUST_06150,838.23,379.0,18.15,6.03,0,130.0,9.7,International
CUST_06151,466.69,160.0,5.8,0.85,2,66.0,8.6,Basic
CUST_06152,952.53,429.0,12.22,6.46,0,86.0,1.1,International
CUST_06153,324.37,199.0,11.54,0.6,6,156.0,1.0,Standard
CUST_06154,1091.65,570.0,56.92,2.41,0,253.0,0.2,Unlimited
CUST_06155,299.88,225.0,11.28,0.37,2,164.0,3.2,Postpaid
CUST_06156,205.4,88.0,1.76,0.06,0,72.0,0.4,Prepaid
CUST_06157,210.31,131.0,1.74,0.03,1,45.0,0.3,Prepaid
CUST_06158,887.39,166.0,66.63,0.75,2,55.0,1.2,Data Plan
CUST_06159,899.87,463.0,51.32,1.84,0,235.0,0.0,Unlimited
CUST_06160,149.44,91.0,2.11,0.21,1,70.0,0.1,Prepaid
CUST_06161,992.25,121.0,91.42,0.75,0,75.0,2.6,Data Plan
CUST_06162,1028.89,710.0,56.01,0.58,0,207.0,3.5,Premium
CUST_06163,306.33,250.0,6.7,0.52,3,115.0,2.8,Basic
CUST_06164,591.28,440.0,10.24,6.49,4,65.0,1.9,International
CUST_06165,234.24,343.0,0.0,0.55,0,156.0,2.7,Basic
CUST_06166,154.25,134.0,2.39,0.06,0,40.0,0.4,Prepaid
CUST_06167,166.39,117.0,1.89,0.11,0,53.0,0.1,Basic
CUST_06168,920.89,253.0,67.0,0.51,0,72.0,3.9,Data Plan
CUST_06169,990.49,414.0,17.28,8.34,3,138.0,5.0,International
CUST_06170,874.35,181.0,105.42,0.86,1,104.0,0.0,Unlimited
CUST_06171,362.39,234.0,8.05,0.28,1,94.0,1.5,Postpaid
CUST_06172,1191.06,593.0,46.93,1.87,0,225.0,0.5,Unlimited
CUST_06173,1162.89,646.0,57.6,1.52,1,203.0,0.6,Premium
CUST_06174,120.05,117.0,3.02,0.1,0,33.0,0.1,Basic
CUST_06175,555.87,257.0,7.94,0.23,1,145.0,2.5,Standard
CUST_06176,499.58,241.0,9.58,0.36,2,179.0,0.4,Postpaid
CUST_06177,133.54,225.0,10.84,0.19,2,143.0,1.2,Standard
CUST_06178,223.96,391.0,4.75,0.58,3,71.0,6.8,Basic
CUST_06179,370.24,255.0,11.59,0.5,1,156.0,1.2,Postpaid
CUST_06180,152.32,88.0,1.71,0.15,0,75.0,0.3,Basic
CUST_06181,355.03,189.0,8.92,0.23,1,197.0,2.3,Postpaid
CUST_06182,660.3,427.0,14.55,5.21,1,89.0,0.5,International
CUST_06183,4182.35,95.0,2.84,15.77,14,54.0,0.2,Basic
CUST_06184,1575.13,687.0,46.97,2.04,0,165.0,0.3,Unlimited
CUST_06185,1148.25,207.0,91.26,1.13,1,84.0,2.3,Data Plan
CUST_06186,735.91,380.0,15.89,7.2,0,103.0,2.3,International
CUST_06187,985.07,146.0,58.76,1.27,1,66.0,2.8,Data Plan
CUST_06188,780.4,262.0,72.45,1.49,0,39.0,1.3,Data Plan
CUST_06189,680.84,444.0,13.99,5.2,1,116.0,6.3,International
CUST_06190,708.94,243.0,108.62,0.64,0,94.0,1.0,Data Plan
CUST_06191,257.9,256.0,14.42,0.66,4,125.0,6.9,Standard
CUST_06192,464.47,289.0,12.45,0.29,0,163.0,3.0,Standard
CUST_06193,282.93,277.0,9.23,0.16,0,151.0,1.3,Postpaid
CUST_06194,1111.65,481.0,43.96,3.2,0,196.0,0.1,Premium
CUST_06195,1056.29,696.0,70.22,2.1,3,239.0,0.5,Premium
CUST_06196,579.0,404.0,15.97,8.08,0,74.0,2.2,International
CUST_06197,450.79,283.0,13.05,0.47,1,81.0,6.8,Standard
CUST_06198,887.08,337.0,17.91,8.05,0,147.0,2.2,International
CUST_06199,448.84,371.0,12.48,0.42,1,107.0,0.3,Postpaid
CUST_06200,811.57,208.0,68.26,0.93,0,74.0,0.8,Data Plan
CUST_06201,1054.83,216.0,66.36,0.6,1,78.0,0.6,Unlimited
CUST_06202,812.93,244.0,67.24,1.14,2,63.0,0.3,Unlimited
CUST_06203,119.99,86.0,1.8,0.15,0,49.0,5.1,Prepaid
CUST_06204,1121.21,565.0,44.38,2.27,0,194.0,0.3,Unlimited
CUST_06205,483.77,209.0,7.77,0.4,0,159.0,8.2,Basic
CUST_06206,974.54,517.0,28.41,2.02,0,209.0,0.5,Premium
CUST_06207,336.18,350.0,10.31,0.48,0,125.0,2.0,Standard
CUST_06208,3452.87,54.0,2.23,0.15,1,35.0,0.6,Prepaid
CUST_06209,870.36,353.0,14.29,5.97,0,90.0,0.7,International
CUST_06210,408.96,403.0,10.03,0.26,0,121.0,1.2,Standard
CUST_06211,1656.52,767.0,35.38,2.4,0,208.0,0.0,Premium
CUST_06212,920.45,187.0,81.52,2.08,1,90.0,1.6,Data Plan
CUST_06213,594.78,475.0,16.0,3.87,1,113.0,0.5,Standard
CUST_06214,163.1,158.0,1.62,0.06,0,41.0,0.9,Basic
CUST_06215,168.46,55.0,1.7,0.1,1,65.0,1.4,Basic
CUST_06216,172.77,107.0,2.28,0.02,0,52.0,0.0,Basic
CUST_06217,895.53,229.0,13.07,9.23,1,82.0,1.4,Standard
CUST_06218,493.27,288.0,2.08,0.4,2,99.0,14.1,Basic
CUST_06219,149.76,100.0,2.2,0.11,0,41.0,0.2,Prepaid
CUST_06220,799.55,241.0,80.93,1.19,0,98.0,3.1,Data Plan
CUST_06221,423.94,248.0,6.29,0.46,3,132.0,1.0,Standard
CUST_06222,1100.52,429.0,63.2,1.83,1,176.0,0.1,Unlimited
CUST_06223,1472.67,551.0,40.63,2.25,0,249.0,1.8,Unlimited
CUST_06224,319.28,269.0,12.48,0.28,0,153.0,0.3,Postpaid
CUST_06225,746.52,230.0,67.38,0.87,0,57.0,1.2,Data Plan
CUST_06226,201.28,301.0,3.0,0.21,6,117.0,16.2,Basic
CUST_06227,1277.47,758.0,66.44,0.93,0,219.0,0.8,Unlimited
CUST_06228,153.33,105.0,1.84,0.11,0,19.0,0.0,Basic
CUST_06229,300.41,284.0,11.67,0.14,0,151.0,1.5,Postpaid
CUST_06230,386.64,261.0,11.75,0.37,0,150.0,0.4,Standard
CUST_06231,345.75,224.0,8.5,0.23,0,165.0,6.0,Postpaid
CUST_06232,926.37,595.0,46.0,3.2,1,265.0,0.0,Unlimited
CUST_06233,843.33,230.0,84.66,1.13,0,59.0,3.2,Data Plan
CUST_06234,123.66,109.0,1.91,0.02,0,71.0,0.4,Basic
CUST_06235,668.48,160.0,82.28,1.26,1,66.0,0.6,Data Plan
CUST_06236,962.11,233.0,98.85,0.66,2,89.0,0.2,Unlimited
CUST_06237,418.57,213.0,7.17,0.23,0,114.0,0.3,Standard
CUST_06238,378.86,267.0,10.86,0.27,0,113.0,1.2,Standard
CUST_06239,990.56,461.0,60.11,1.2,1,226.0,0.2,Premium
CUST_06240,172.81,105.0,0.89,0.0,1,37.0,2.9,Basic
CUST_06241,338.27,356.0,6.88,0.38,0,228.0,1.8,Postpaid
CUST_06242,124.01,88.0,1.5,0.1,0,24.0,0.6,Prepaid
CUST_06243,519.23,276.0,6.85,0.42,0,149.0,3.4,Basic
CUST_06244,409.08,301.0,13.83,0.84,2,83.0,3.9,Basic
CUST_06245,829.7,283.0,16.53,7.2,1,119.0,1.9,International
CUST_06246,412.74,161.0,5.55,0.48,3,116.0,9.2,Basic
CUST_06247,1225.17,605.0,55.54,2.24,0,185.0,1.0,Unlimited
CUST_06248,172.66,108.0,1.54,0.06,0,64.0,2.4,Basic
CUST_06249,804.1,179.0,70.36,1.43,0,116.0,0.2,Data Plan
CUST_06250,325.04,335.0,5.45,0.47,3,121.0,2.9,Basic
CUST_06251,212.65,141.0,2.12,0.11,0,43.0,1.5,Basic
CUST_06252,515.49,377.0,12.26,0.38,2,135.0,0.2,Postpaid
CUST_06253,309.84,318.0,0.0,0.08,0,89.0,7.2,Standard
CUST_06254,332.8,219.0,13.28,0.35,2,116.0,4.7,Standard
CUST_06255,811.9,165.0,68.99,0.65,1,91.0,0.8,Data Plan
CUST_06256,380.03,316.0,9.68,0.45,0,136.0,5.5,Basic
CUST_06257,325.7,249.0,11.95,0.29,0,195.0,0.1,Standard
CUST_06258,155.2,105.0,0.81,0.0,0,81.0,2.5,Basic
CUST_06259,1261.11,656.0,36.76,2.86,1,225.0,0.5,Unlimited
CUST_06260,104.91,84.0,2.69,0.07,0,26.0,0.8,Basic
CUST_06261,769.32,210.0,70.55,0.59,0,78.0,6.1,Data Plan
CUST_06262,506.16,261.0,14.03,0.34,0,128.0,0.7,Standard
CUST_06263,379.24,228.0,8.85,0.23,0,180.0,0.0,Postpaid
CUST_06264,1021.24,374.0,13.2,7.17,0,107.0,7.1,International
CUST_06265,381.43,255.0,10.72,0.23,0,169.0,2.4,Standard
CUST_06266,719.63,142.0,90.98,1.24,0,111.0,2.1,Data Plan
CUST_06267,359.91,28.0,1.89,25.18,0,153.0,5.1,Standard
CUST_06268,1014.26,232.0,84.58,1.04,0,71.0,3.3,Data Plan
CUST_06269,351.4,298.0,8.09,0.38,2,140.0,0.1,Standard
CUST_06270,1369.48,651.0,52.39,1.88,1,268.0,0.5,Unlimited
CUST_06271,2707.84,126.0,12.64,0.19,3,127.0,2.7,Standard
CUST_06272,420.78,293.0,8.72,0.23,0,105.0,0.1,Standard
CUST_06273,175.22,66.0,1.5,0.2,0,36.0,2.7,Basic
CUST_06274,1274.47,589.0,60.19,2.41,0,193.0,1.5,Unlimited
CUST_06275,148.29,103.0,2.06,0.14,0,61.0,0.1,Basic
CUST_06276,832.11,194.0,54.18,1.06,0,93.0,0.9,Unlimited
CUST_06277,740.66,463.0,15.64,9.85,0,164.0,0.3,Standard
CUST_06278,654.46,289.0,95.96,1.19,2,52.0,0.9,Unlimited
CUST_06279,527.36,348.0,11.29,0.19,0,175.0,1.2,Postpaid
CUST_06280,322.69,332.0,12.61,0.13,1,176.0,0.0,Postpaid
CUST_06281,330.85,351.0,6.17,0.23,0,147.0,2.1,Standard
CUST_06282,331.52,199.0,11.75,0.27,0,206.0,0.9,Standard
CUST_06283,905.03,397.0,12.52,5.74,1,105.0,0.1,Standard
CUST_06284,149.6,112.0,1.42,0.13,0,83.0,0.1,Prepaid
CUST_06285,389.03,188.0,15.42,0.79,5,73.0,2.0,Basic
CUST_06286,1065.1,19.0,0.71,34.75,0,79.0,1.2,Unlimited
CUST_06287,1021.23,117.0,108.27,1.21,0,99.0,1.3,Data Plan
CUST_06288,341.28,315.0,9.97,0.06,1,146.0,1.6,Standard
CUST_06289,3470.16,231.0,63.68,37.74,11,121.0,1.1,Data Plan
CUST_06290,1147.12,640.0,53.4,2.49,0,233.0,1.8,Premium
CUST_06291,129.67,108.0,1.63,0.03,0,66.0,1.2,Basic
CUST_06292,384.43,328.0,10.12,0.25,1,192.0,0.7,Standard
CUST_06293,342.71,356.0,11.06,0.36,1,171.0,2.8,Standard
CUST_06294,1111.38,693.0,45.7,2.31,0,126.0,0.0,Unlimited
CUST_06295,841.45,264.0,92.1,0.28,0,43.0,0.3,Unlimited
CUST_06296,396.34,349.0,,0.34,21,118.0,77.7,Postpaid
CUST_06297,515.56,285.0,7.46,0.28,0,148.0,0.9,Standard
CUST_06298,940.64,522.0,17.76,6.76,1,112.0,1.4,Standard
CUST_06299,1110.98,186.0,105.94,1.12,0,94.0,3.6,Data Plan
CUST_06300,673.0,184.0,66.56,1.22,0,88.0,1.2,Data Plan
CUST_06301,867.83,388.0,11.26,9.83,1,56.0,4.1,International
CUST_06302,315.89,196.0,6.66,0.36,3,108.0,10.8,Basic
CUST_06303,342.66,238.0,10.52,0.43,0,176.0,0.9,Postpaid
CUST_06304,807.32,223.0,75.74,1.13,0,71.0,1.3,Data Plan
CUST_06305,390.63,355.0,11.36,0.33,0,126.0,0.3,Postpaid
CUST_06306,463.43,127.0,8.14,0.57,4,74.0,0.2,Basic
CUST_06307,508.29,355.0,6.6,0.52,0,121.0,0.6,Postpaid
CUST_06308,433.51,245.0,10.13,0.35,0,104.0,0.2,Postpaid
CUST_06309,383.57,442.0,8.98,0.16,0,134.0,1.5,Postpaid
CUST_06310,782.39,361.0,16.61,8.01,1,113.0,2.0,International
CUST_06311,166.1,114.0,1.8,0.13,0,85.0,0.0,Prepaid
CUST_06312,180.43,121.0,2.35,0.05,1,89.0,0.0,Basic
CUST_06313,188.49,437.0,7.63,0.45,0,166.0,7.1,Postpaid
CUST_06314,783.56,181.0,81.42,0.47,0,93.0,0.7,Unlimited
CUST_06315,480.2,239.0,9.82,0.73,3,97.0,9.7,Standard
CUST_06316,269.92,226.0,8.36,0.47,2,97.0,4.7,Basic
CUST_06317,505.56,341.0,10.65,0.21,3,145.0,0.2,Standard
CUST_06318,1028.26,293.0,69.6,1.04,2,50.0,0.7,Data Plan
CUST_06319,348.47,179.0,10.63,0.31,0,204.0,6.7,Postpaid
CUST_06320,1063.52,478.0,11.95,5.95,0,141.0,1.2,International
CUST_06321,1166.76,141.0,73.94,0.53,1,75.0,1.5,Unlimited
CUST_06322,107.77,75.0,2.41,0.15,1,14.0,0.1,Basic
CUST_06323,975.1,394.0,12.62,6.04,1,112.0,8.6,Standard
CUST_06324,451.15,384.0,13.93,7.41,2,46.0,3.8,International
CUST_06325,487.38,375.0,10.5,0.41,0,142.0,1.5,Postpaid
CUST_06326,123.26,55.0,2.34,0.11,0,44.0,0.2,Basic
CUST_06327,785.61,137.0,76.37,1.34,0,111.0,0.9,Data Plan
CUST_06328,942.38,216.0,62.82,0.8,0,78.0,1.1,Data Plan
CUST_06329,919.19,267.0,68.32,0.8,0,102.0,0.0,Data Plan
CUST_06330,1237.2,557.0,49.8,2.73,1,181.0,0.7,Premium
CUST_06331,998.14,141.0,98.85,1.07,0,78.0,4.5,Data Plan
CUST_06332,438.29,281.0,9.19,0.36,0,162.0,0.3,Standard
CUST_06333,285.0,358.0,12.06,0.51,2,146.0,1.6,Basic
CUST_06334,122.33,121.0,3.41,0.09,0,46.0,0.9,Basic
CUST_06335,449.53,267.0,6.71,0.37,0,167.0,4.9,Standard
CUST_06336,474.53,383.0,8.66,0.33,21,108.0,50.6,Postpaid
CUST_06337,1069.51,373.0,13.83,5.83,0,83.0,0.2,International
CUST_06338,172.98,72.0,,0.14,0,49.0,3.6,Prepaid
CUST_06339,674.49,226.0,69.21,0.76,1,109.0,2.1,Data Plan
CUST_06340,411.7,313.0,10.63,0.39,0,151.0,3.8,Standard
CUST_06341,1051.93,136.0,69.06,0.89,1,92.0,4.9,Unlimited
CUST_06342,119.92,107.0,2.36,0.09,1,31.0,0.6,Basic
CUST_06343,1333.86,536.0,44.52,2.17,0,203.0,0.5,Unlimited
CUST_06344,113.27,147.0,2.33,0.1,1,51.0,0.9,Basic
CUST_06345,342.13,217.0,8.03,0.81,6,124.0,22.2,Basic
CUST_06346,917.01,280.0,50.98,0.63,1,87.0,1.9,Data Plan
CUST_06347,361.04,227.0,13.59,0.28,1,152.0,2.8,Postpaid
CUST_06348,133.08,90.0,1.3,0.03,0,50.0,0.6,Basic
CUST_06349,966.29,691.0,41.25,2.14,0,191.0,0.1,Premium
CUST_06350,1062.4,627.0,23.12,2.29,0,254.0,0.1,Unlimited
CUST_06351,416.51,288.0,7.34,0.72,2,71.0,14.2,Basic
CUST_06352,170.34,108.0,1.38,0.12,0,40.0,3.1,Basic
CUST_06353,859.08,230.0,83.85,1.62,2,88.0,0.3,Unlimited
CUST_06354,372.47,105.0,9.93,0.55,2,144.0,7.4,Basic
CUST_06355,131.32,80.0,2.35,0.09,0,67.0,0.4,Prepaid
CUST_06356,149.41,118.0,2.51,0.12,1,23.0,4.1,Basic
CUST_06357,99.5,62.0,1.59,0.07,1,71.0,0.2,Basic
CUST_06358,406.21,258.0,9.02,0.2,1,164.0,1.2,Postpaid
CUST_06359,518.36,234.0,11.15,0.34,1,215.0,0.3,Standard
CUST_06360,406.47,300.0,12.29,0.32,0,194.0,0.8,Postpaid
CUST_06361,377.19,308.0,12.83,0.33,0,138.0,0.5,Postpaid
CUST_06362,424.66,322.0,5.65,0.69,4,123.0,6.0,Basic
CUST_06363,500.16,357.0,9.89,0.24,1,112.0,0.4,Standard
CUST_06364,1013.99,207.0,59.41,0.91,1,91.0,0.4,Data Plan
CUST_06365,535.88,299.0,10.02,0.5,0,150.0,3.1,Standard
CUST_06366,438.75,285.0,13.56,0.24,0,146.0,0.6,Postpaid
CUST_06367,1222.79,671.0,40.41,1.73,2,158.0,0.2,Premium
CUST_06368,356.47,342.0,9.56,0.17,0,120.0,3.8,Postpaid
CUST_06369,1297.33,619.0,54.21,1.12,0,128.0,0.8,Unlimited
CUST_06370,98.61,77.0,1.55,0.11,0,49.0,1.6,Basic
CUST_06371,353.31,253.0,8.77,0.42,0,141.0,0.9,Standard
CUST_06372,892.96,216.0,85.97,1.12,0,60.0,0.6,Data Plan
CUST_06373,1074.88,160.0,84.92,1.16,0,64.0,1.1,Data Plan
CUST_06374,485.27,236.0,9.24,0.14,0,181.0,1.8,Standard
CUST_06375,987.1,682.0,67.95,2.24,2,233.0,1.6,Unlimited
CUST_06376,402.65,337.0,5.33,0.75,3,157.0,25.7,Basic
CUST_06377,992.98,195.0,75.15,1.16,0,66.0,0.3,Data Plan
CUST_06378,992.13,506.0,43.53,2.28,0,221.0,1.1,Unlimited
CUST_06379,401.69,210.0,14.65,0.49,2,113.0,1.6,Basic
CUST_06380,1020.27,180.0,89.71,1.37,0,57.0,1.0,Data Plan
CUST_06381,798.67,448.0,16.95,7.13,0,130.0,4.1,International
CUST_06382,205.62,45.0,1.25,0.13,0,25.0,0.0,Basic
CUST_06383,340.23,203.0,9.13,0.6,5,76.0,1.3,Standard
CUST_06384,131.83,113.0,2.3,0.13,2,59.0,0.5,Prepaid
CUST_06385,1215.24,474.0,55.58,2.61,0,84.0,1.0,Unlimited
CUST_06386,214.27,129.0,1.2,0.1,0,47.0,0.6,Basic
CUST_06387,456.26,285.0,10.53,0.29,1,148.0,0.8,Postpaid
CUST_06388,874.74,358.0,10.02,7.08,1,116.0,1.3,International
CUST_06389,975.78,655.0,51.07,1.75,0,237.0,0.3,Premium
CUST_06390,375.37,225.0,9.25,0.66,1,149.0,0.3,Standard
CUST_06391,1292.41,813.0,35.17,2.19,0,207.0,0.2,Unlimited
CUST_06392,402.29,342.0,6.95,0.39,0,186.0,5.2,Standard
CUST_06393,460.26,278.0,9.41,0.35,4,43.0,15.0,Basic
CUST_06394,1320.06,511.0,48.48,2.16,0,213.0,0.5,Unlimited
CUST_06395,1033.1,16.0,1.09,31.56,0,161.0,0.2,Unlimited
CUST_06396,230.53,198.0,8.9,0.13,2,45.0,3.5,Basic
CUST_06397,1030.48,648.0,55.85,1.97,1,145.0,3.2,Premium
CUST_06398,175.58,84.0,2.18,0.12,1,71.0,2.1,Prepaid
CUST_06399,1175.06,594.0,55.95,1.73,0,236.0,0.2,Premium
CUST_06400,1125.13,604.0,33.46,1.67,0,171.0,0.4,Unlimited
CUST_06401,273.09,245.0,12.96,0.23,1,94.0,0.6,Standard
CUST_06402,1181.55,568.0,57.03,2.17,0,119.0,0.5,Premium
CUST_06403,198.11,207.0,3.83,0.48,2,149.0,2.3,Basic
CUST_06404,468.64,312.0,7.37,0.39,0,142.0,1.0,Standard
CUST_06405,914.11,227.0,90.07,1.22,0,85.0,1.2,Data Plan
CUST_06406,1382.69,790.0,43.45,2.72,1,159.0,0.7,Premium
CUST_06407,214.32,70.0,1.22,0.09,0,29.0,1.7,Prepaid
CUST_06408,168.34,168.0,8.46,0.39,2,139.0,0.2,Basic
CUST_06409,368.64,298.0,8.66,0.31,1,104.0,1.8,Postpaid
CUST_06410,431.0,337.0,9.34,0.33,1,163.0,0.7,Standard
CUST_06411,749.56,403.0,18.19,5.13,1,114.0,0.8,International
CUST_06412,1049.68,646.0,52.89,1.11,1,147.0,0.4,Premium
CUST_06413,404.58,283.0,7.74,0.3,2,128.0,0.1,Standard
CUST_06414,258.63,158.0,11.85,0.51,3,65.0,0.4,Basic
CUST_06415,433.32,307.0,6.37,0.35,0,121.0,2.2,Postpaid
CUST_06416,1301.95,444.0,59.85,3.03,0,134.0,0.1,Premium
CUST_06417,183.78,93.0,1.17,0.15,0,45.0,2.4,Basic
CUST_06418,746.35,464.0,17.41,9.5,2,67.0,2.1,International
CUST_06419,141.75,127.0,2.16,0.1,0,48.0,0.1,Prepaid
CUST_06420,1251.0,238.0,91.8,0.92,0,79.0,1.5,Data Plan
CUST_06421,382.29,294.0,15.17,0.4,0,198.0,3.7,Standard
CUST_06422,821.61,496.0,14.3,6.76,1,70.0,4.5,Standard
CUST_06423,308.14,258.0,8.84,0.24,1,204.0,4.0,Postpaid
CUST_06424,1002.24,217.0,66.99,0.95,1,40.0,2.1,Unlimited
CUST_06425,320.37,325.0,16.82,0.3,0,124.0,3.3,Standard
CUST_06426,168.38,68.0,1.49,0.0,0,31.0,1.5,Prepaid
CUST_06427,401.17,388.0,11.0,0.36,0,167.0,1.0,Standard
CUST_06428,152.47,110.0,2.31,0.1,0,34.0,1.8,Basic
CUST_06429,1464.35,504.0,44.77,2.4,0,162.0,0.8,Unlimited
CUST_06430,1072.26,587.0,40.08,2.49,1,272.0,0.2,Unlimited
CUST_06431,977.78,587.0,63.52,2.85,0,253.0,0.4,Premium
CUST_06432,749.82,83.0,82.55,1.49,0,94.0,1.1,Data Plan
CUST_06433,1045.02,267.0,74.61,1.02,0,47.0,0.7,Data Plan
CUST_06434,333.7,201.0,17.61,0.09,4,168.0,4.4,Standard
CUST_06435,417.18,335.0,12.07,0.2,1,117.0,1.8,Standard
CUST_06436,745.39,432.0,14.66,6.86,1,75.0,5.5,Standard
CUST_06437,1211.98,203.0,102.83,1.19,0,101.0,2.7,Unlimited
CUST_06438,888.24,241.0,85.17,0.81,0,76.0,0.5,Data Plan
CUST_06439,749.56,172.0,91.01,1.16,1,100.0,1.1,Data Plan
CUST_06440,167.72,90.0,2.11,0.07,0,35.0,0.2,Basic
CUST_06441,430.74,358.0,12.65,0.2,1,188.0,2.1,Standard
CUST_06442,568.19,445.0,15.85,4.46,1,136.0,7.1,International
CUST_06443,786.55,417.0,14.74,8.47,0,105.0,2.7,International
CUST_06444,176.69,109.0,1.56,0.03,0,35.0,0.6,Basic
CUST_06445,546.68,190.0,71.61,1.52,0,88.0,0.8,Unlimited
CUST_06446,557.55,394.0,10.0,0.33,0,130.0,3.3,Standard
CUST_06447,824.29,390.0,14.05,4.71,0,125.0,1.4,International
CUST_06448,377.68,338.0,7.63,0.34,1,162.0,0.3,Postpaid
CUST_06449,979.3,264.0,96.12,1.27,1,67.0,0.9,Data Plan
CUST_06450,381.52,289.0,12.85,0.39,0,125.0,4.1,Standard
CUST_06451,176.85,120.0,1.88,0.0,0,47.0,1.4,Basic
CUST_06452,472.89,273.0,7.44,0.57,2,156.0,4.2,Standard
CUST_06453,155.08,117.0,2.6,0.09,0,32.0,1.3,Basic
CUST_06454,1342.1,454.0,41.42,1.07,0,159.0,0.1,Unlimited
CUST_06455,1032.55,168.0,59.6,1.33,0,22.0,2.1,Data Plan
CUST_06456,1186.97,578.0,34.91,0.84,0,204.0,0.0,Unlimited
CUST_06457,1284.39,515.0,60.01,1.41,0,216.0,,Premium
CUST_06458,551.05,210.0,12.45,0.28,0,207.0,1.0,Standard
CUST_06459,1422.95,631.0,45.23,2.05,0,233.0,0.0,Premium
CUST_06460,492.52,354.0,14.03,0.23,0,157.0,0.0,Standard
CUST_06461,591.3,454.0,17.44,8.45,3,58.0,7.5,International
CUST_06462,345.2,321.0,7.29,0.32,0,112.0,5.2,Standard
CUST_06463,197.22,111.0,3.2,0.16,0,43.0,5.1,Basic
CUST_06464,1018.59,134.0,44.85,1.16,0,84.0,5.0,Data Plan
CUST_06465,1382.23,621.0,52.63,2.97,1,223.0,0.1,Unlimited
CUST_06466,178.92,119.0,2.3,0.11,1,56.0,1.1,Basic
CUST_06467,928.34,216.0,78.61,1.08,0,42.0,0.4,Data Plan
CUST_06468,837.84,374.0,15.82,6.47,3,66.0,0.5,International
CUST_06469,1218.66,621.0,42.6,1.9,0,242.0,0.8,Unlimited
CUST_06470,129.69,84.0,2.23,0.08,0,61.0,0.8,Basic
CUST_06471,944.07,250.0,69.43,0.66,0,88.0,0.7,Data Plan
CUST_06472,54.07,188.0,9.51,0.73,0,184.0,19.9,Basic
CUST_06473,169.7,114.0,2.04,0.02,0,66.0,1.4,Prepaid
CUST_06474,119.96,252.0,7.72,0.56,3,128.0,17.8,Standard
CUST_06475,138.99,77.0,0.63,0.14,0,31.0,1.8,Basic
CUST_06476,152.58,90.0,2.77,0.11,0,59.0,1.6,Basic
CUST_06477,726.91,176.0,95.54,1.0,0,102.0,1.2,Data Plan
CUST_06478,916.58,248.0,66.12,1.15,0,64.0,7.2,Unlimited
CUST_06479,854.85,432.0,17.97,11.81,0,140.0,1.6,Standard
CUST_06480,638.85,384.0,15.28,7.93,1,93.0,1.5,Standard
CUST_06481,674.75,250.0,11.6,4.73,0,107.0,2.2,International
CUST_06482,331.83,242.0,12.56,0.48,3,124.0,55.1,Basic
CUST_06483,348.89,322.0,8.61,0.28,1,123.0,0.3,Standard
CUST_06484,1102.16,202.0,98.86,1.19,0,100.0,0.5,Unlimited
CUST_06485,973.18,323.0,16.72,7.92,0,75.0,7.4,International
CUST_06486,440.92,179.0,9.23,0.42,1,154.0,0.3,Standard
CUST_06487,198.86,97.0,2.59,0.03,0,80.0,0.3,Prepaid
CUST_06488,618.98,373.0,7.18,0.68,3,158.0,3.9,Standard
CUST_06489,285.37,251.0,6.1,0.65,5,108.0,9.2,Standard
CUST_06490,314.25,288.0,11.02,0.16,1,151.0,0.2,Postpaid
CUST_06491,125.17,131.0,2.59,0.12,0,40.0,0.1,Basic
CUST_06492,385.54,187.0,12.03,0.07,0,72.0,1.5,Standard
CUST_06493,863.28,189.0,65.97,1.24,0,65.0,2.6,Data Plan
CUST_06494,991.1,279.0,73.95,0.69,0,54.0,1.6,Unlimited
CUST_06495,883.02,527.0,64.05,1.83,0,188.0,0.1,Premium
CUST_06496,247.5,191.0,12.61,0.44,1,145.0,0.2,Standard
CUST_06497,1059.24,655.0,64.68,1.21,0,301.0,0.1,Premium
CUST_06498,130.42,150.0,0.96,0.16,0,35.0,2.4,Basic
CUST_06499,167.07,105.0,2.09,0.05,0,50.0,3.6,Basic
CUST_06500,464.85,302.0,8.8,0.39,2,189.0,4.5,Standard
CUST_06501,521.94,350.0,10.64,0.42,0,139.0,0.5,Postpaid
CUST_06502,582.15,280.0,18.73,10.27,0,44.0,3.0,International
CUST_06503,383.32,364.0,4.29,,2,103.0,0.5,Standard
CUST_06504,859.41,305.0,19.91,7.88,0,120.0,0.2,International
CUST_06505,267.54,300.0,9.7,0.18,1,121.0,1.7,Postpaid
CUST_06506,931.04,194.0,67.81,1.27,0,86.0,2.1,Data Plan
CUST_06507,630.98,453.0,16.27,8.48,2,75.0,1.2,International
CUST_06508,186.25,99.0,1.67,0.21,2,49.0,0.8,Prepaid
CUST_06509,765.07,566.0,43.15,1.86,0,270.0,0.8,Unlimited
CUST_06510,852.04,327.0,15.3,5.7,1,119.0,8.7,International
CUST_06511,375.27,327.0,10.26,0.11,1,70.0,0.2,Standard
CUST_06512,246.43,427.0,8.05,0.32,1,186.0,0.3,Postpaid
CUST_06513,1177.84,169.0,90.87,0.91,0,105.0,2.9,Data Plan
CUST_06514,970.55,573.0,34.34,1.46,0,254.0,0.1,Unlimited
CUST_06515,1425.97,649.0,44.7,2.89,0,138.0,0.7,Unlimited
CUST_06516,141.34,104.0,1.84,0.02,0,62.0,0.1,Prepaid
CUST_06517,913.0,681.0,47.18,2.12,0,193.0,0.6,Premium
CUST_06518,381.26,174.0,13.68,0.49,3,78.0,3.0,Basic
CUST_06519,1046.81,242.0,78.92,0.62,0,82.0,0.5,Data Plan
CUST_06520,439.19,295.0,12.91,0.27,0,114.0,0.1,Standard
CUST_06521,4410.82,622.0,60.2,1.63,0,198.0,0.2,Unlimited
CUST_06522,217.36,267.0,8.22,0.32,0,225.0,0.8,Postpaid
CUST_06523,746.54,138.0,98.0,1.02,0,95.0,0.6,Unlimited
CUST_06524,354.14,251.0,7.88,0.48,0,184.0,1.2,Standard
CUST_06525,147.82,93.0,1.64,0.16,0,55.0,0.5,Basic
CUST_06526,809.85,254.0,15.36,8.45,0,84.0,0.5,International
CUST_06527,303.24,282.0,10.42,0.33,1,181.0,0.3,Postpaid
CUST_06528,518.0,330.0,9.89,0.36,1,46.0,1.5,Postpaid
CUST_06529,647.53,483.0,22.59,9.44,1,97.0,0.2,International
CUST_06530,135.36,130.0,1.69,0.12,0,50.0,0.0,Prepaid
CUST_06531,223.81,334.0,11.33,0.78,4,91.0,2.3,Standard
CUST_06532,188.33,77.0,0.75,0.12,1,51.0,2.1,Basic
CUST_06533,1082.38,620.0,34.76,2.3,0,118.0,0.1,Unlimited
CUST_06534,1296.24,677.0,39.95,2.13,0,195.0,0.6,Premium
CUST_06535,482.96,305.0,8.46,0.27,0,185.0,0.2,Postpaid
CUST_06536,451.69,398.0,11.11,0.35,0,183.0,1.4,Postpaid
CUST_06537,422.72,197.0,10.25,0.29,0,181.0,2.1,Standard
CUST_06538,383.95,354.0,10.72,0.27,0,221.0,1.9,Standard
CUST_06539,941.89,196.0,79.87,1.23,0,83.0,1.9,Data Plan
CUST_06540,311.52,285.0,7.82,0.36,3,82.0,3.6,Basic
CUST_06541,188.01,122.0,1.58,0.17,1,40.0,1.4,Prepaid
CUST_06542,732.35,38.0,0.53,45.97,0,104.0,2.5,Data Plan
CUST_06543,160.73,145.0,2.12,0.07,0,42.0,0.4,Basic
CUST_06544,426.41,290.0,9.08,0.2,1,128.0,1.1,Standard
CUST_06545,779.05,588.0,47.11,1.46,0,183.0,0.0,Premium
CUST_06546,144.72,133.0,1.96,0.01,0,76.0,0.2,Prepaid
CUST_06547,345.56,308.0,9.4,0.36,0,224.0,1.6,Standard
CUST_06548,788.61,253.0,15.6,10.29,0,114.0,0.7,International
CUST_06549,387.69,150.0,10.24,0.85,5,94.0,39.2,Standard
CUST_06550,456.81,26.0,0.72,34.68,0,145.0,3.1,Basic
CUST_06551,158.81,108.0,1.83,0.07,0,55.0,0.1,Prepaid
CUST_06552,133.67,25.0,1.66,0.08,0,76.0,0.7,Basic
CUST_06553,474.65,297.0,9.7,0.22,1,120.0,,Postpaid
CUST_06554,142.23,51.0,2.04,0.1,0,30.0,1.1,Basic
CUST_06555,1237.04,601.0,45.8,2.31,0,162.0,0.0,Premium
CUST_06556,405.94,279.0,10.51,0.21,0,45.0,3.0,Standard
CUST_06557,482.06,275.0,5.96,0.65,1,147.0,6.6,Standard
CUST_06558,441.72,240.0,12.14,0.06,1,119.0,1.3,Postpaid
CUST_06559,416.04,338.0,12.47,0.21,0,122.0,1.2,Postpaid
CUST_06560,1086.34,214.0,79.93,1.04,1,67.0,1.2,Data Plan
CUST_06561,507.51,259.0,11.24,0.32,0,167.0,0.6,Postpaid
CUST_06562,380.19,315.0,9.58,0.49,0,205.0,2.6,Postpaid
CUST_06563,340.08,159.0,8.16,0.48,3,117.0,16.7,Standard
CUST_06564,242.38,277.0,9.26,0.19,0,203.0,0.7,Standard
CUST_06565,457.14,287.0,9.61,0.31,0,136.0,0.7,Postpaid
CUST_06566,164.24,100.0,1.51,0.05,0,46.0,1.3,Basic
CUST_06567,140.71,136.0,1.9,0.05,0,32.0,0.3,Basic
CUST_06568,990.64,143.0,65.05,0.82,0,82.0,2.6,Data Plan
CUST_06569,515.46,300.0,9.11,0.37,1,111.0,0.8,Standard
CUST_06570,982.27,450.0,16.89,7.86,0,89.0,4.2,International
CUST_06571,145.59,131.0,2.21,0.1,2,44.0,0.0,Basic
CUST_06572,127.65,109.0,1.41,0.2,1,59.0,1.2,Basic
CUST_06573,155.97,117.0,1.7,0.15,0,54.0,0.1,Basic
CUST_06574,263.39,341.0,3.18,0.4,4,151.0,7.4,Basic
CUST_06575,390.91,235.0,6.18,0.22,3,62.0,1.9,Basic
CUST_06576,777.61,490.0,44.15,1.91,0,267.0,1.6,Premium
CUST_06577,501.64,236.0,12.2,0.09,0,150.0,0.2,Postpaid
CUST_06578,365.01,379.0,10.52,0.3,1,191.0,7.0,Postpaid
CUST_06579,554.45,333.0,8.55,0.22,1,132.0,0.4,Postpaid
CUST_06580,1291.43,502.0,50.98,2.85,0,267.0,0.3,Unlimited
CUST_06581,1259.78,574.0,66.7,2.83,0,167.0,0.6,Unlimited
CUST_06582,848.5,247.0,80.01,1.19,0,127.0,1.0,Data Plan
CUST_06583,302.94,272.0,13.43,0.23,1,190.0,0.6,Postpaid
CUST_06584,925.64,393.0,17.68,7.3,2,54.0,5.5,Standard
CUST_06585,113.17,74.0,2.36,0.07,0,37.0,0.3,Basic
CUST_06586,350.19,378.0,7.54,0.41,24,143.0,86.3,Postpaid
CUST_06587,532.41,349.0,12.99,0.3,0,123.0,5.2,Standard
CUST_06588,392.14,270.0,2.63,0.75,2,133.0,4.2,Basic
CUST_06589,169.51,116.0,2.04,0.16,1,72.0,0.0,Basic
CUST_06590,357.95,296.0,6.75,0.38,4,61.0,11.2,Basic
CUST_06591,411.95,218.0,9.21,0.3,0,134.0,0.6,Postpaid
CUST_06592,629.02,209.0,80.71,0.78,0,63.0,4.1,Data Plan
CUST_06593,949.53,474.0,19.3,11.42,1,137.0,0.8,International
CUST_06594,1137.85,499.0,66.27,2.57,0,240.0,0.2,Unlimited
CUST_06595,222.69,376.0,7.93,0.24,0,92.0,0.8,Postpaid
CUST_06596,1054.21,396.0,19.49,4.55,0,127.0,1.6,International
CUST_06597,358.09,309.0,12.08,0.4,0,162.0,0.6,Postpaid
CUST_06598,159.05,87.0,1.81,0.05,1,56.0,0.5,Basic
CUST_06599,97.54,95.0,1.1,0.07,0,49.0,0.6,Basic
CUST_06600,810.66,113.0,84.79,1.19,1,99.0,1.9,Unlimited
CUST_06601,464.08,307.0,10.89,0.19,0,183.0,1.7,Postpaid
CUST_06602,443.42,343.0,10.4,0.06,0,97.0,5.5,Standard
CUST_06603,769.57,455.0,16.38,7.8,1,105.0,4.1,International
CUST_06604,150.86,86.0,1.49,0.12,0,54.0,0.1,Prepaid
CUST_06605,349.07,324.0,10.46,0.13,0,208.0,7.7,Postpaid
CUST_06606,486.42,313.0,9.12,0.35,0,123.0,0.9,Postpaid
CUST_06607,340.16,198.0,13.33,0.76,4,159.0,1.9,Basic
CUST_06608,949.75,263.0,21.07,8.89,0,37.0,3.9,Standard
CUST_06609,883.01,152.0,102.77,1.14,0,78.0,0.4,Data Plan
CUST_06610,1463.41,708.0,62.56,2.25,0,189.0,0.6,Unlimited
CUST_06611,1009.53,201.0,102.86,0.98,0,87.0,0.3,Unlimited
CUST_06612,239.18,218.0,8.94,0.32,1,177.0,6.0,Standard
CUST_06613,755.91,321.0,11.44,6.27,0,122.0,3.3,International
CUST_06614,1168.66,515.0,42.66,1.83,1,153.0,0.7,Unlimited
CUST_06615,551.48,355.0,12.06,0.24,0,128.0,5.8,Standard
CUST_06616,386.62,321.0,6.8,0.31,0,156.0,1.3,Standard
CUST_06617,771.37,174.0,61.37,0.77,0,22.0,0.4,Data Plan
CUST_06618,811.75,233.0,80.2,1.06,0,88.0,0.6,Data Plan
CUST_06619,1308.04,484.0,41.59,2.29,0,214.0,0.2,Unlimited
CUST_06620,161.31,113.0,1.7,0.16,0,15.0,1.4,Basic
CUST_06621,950.19,215.0,82.42,1.0,0,95.0,1.0,Data Plan
CUST_06622,642.34,303.0,16.9,11.2,1,78.0,2.7,International
CUST_06623,1182.16,672.0,46.81,1.54,0,108.0,1.6,Premium
CUST_06624,466.97,259.0,5.43,0.09,0,166.0,0.7,Postpaid
CUST_06625,141.25,101.0,2.33,0.11,1,46.0,0.8,Prepaid
CUST_06626,191.99,160.0,8.82,0.47,4,190.0,12.9,Standard
CUST_06627,433.93,161.0,5.11,0.78,4,115.0,2.0,Standard
CUST_06628,1227.48,503.0,47.85,1.64,0,189.0,0.7,Premium
CUST_06629,1182.71,716.0,45.15,2.2,0,120.0,0.3,Unlimited
CUST_06630,1356.58,782.0,43.11,2.05,0,241.0,0.1,Premium
CUST_06631,901.33,183.0,132.27,0.86,0,97.0,2.0,Data Plan
CUST_06632,1472.07,663.0,53.2,2.13,1,96.0,1.1,Premium
CUST_06633,441.51,214.0,8.68,0.47,0,146.0,3.8,Standard
CUST_06634,394.6,188.0,11.48,0.75,4,83.0,15.8,Basic
CUST_06635,1694.28,515.0,40.99,2.08,0,257.0,0.1,Unlimited
CUST_06636,904.24,554.0,40.8,1.88,1,163.0,1.8,Premium
CUST_06637,137.02,100.0,2.18,0.16,0,41.0,0.0,Basic
CUST_06638,329.13,276.0,10.82,0.88,2,97.0,3.5,Basic
CUST_06639,1462.92,519.0,57.81,2.16,1,176.0,0.0,Premium
CUST_06640,130.11,121.0,1.75,0.17,0,67.0,1.1,Prepaid
CUST_06641,587.84,413.0,15.89,9.18,1,56.0,0.7,International
CUST_06642,261.4,243.0,6.38,0.28,3,93.0,20.1,Basic
CUST_06643,115.75,131.0,2.07,0.19,1,55.0,0.4,Prepaid
CUST_06644,841.66,318.0,11.45,9.82,1,98.0,3.7,International
CUST_06645,266.59,128.0,9.34,0.25,1,153.0,0.8,Standard
CUST_06646,400.58,340.0,10.15,0.4,0,141.0,1.2,Standard
CUST_06647,242.44,251.0,10.32,0.12,1,200.0,10.7,Standard
CUST_06648,426.86,206.0,5.24,0.23,0,170.0,0.2,Postpaid
CUST_06649,389.64,339.0,12.71,0.32,1,92.0,2.4,Standard
CUST_06650,146.02,111.0,1.61,0.06,0,37.0,0.4,Prepaid
CUST_06651,119.17,121.0,,0.17,0,42.0,2.2,Prepaid
CUST_06652,198.97,56.0,2.15,0.1,0,58.0,0.8,Basic
CUST_06653,1362.24,630.0,60.81,2.06,1,231.0,0.1,Unlimited
CUST_06654,141.07,121.0,1.71,0.0,0,57.0,1.1,Prepaid
CUST_06655,378.27,198.0,10.84,0.38,1,180.0,0.3,Standard
CUST_06656,877.73,282.0,15.62,12.15,0,89.0,1.2,Standard
CUST_06657,366.22,328.0,11.31,0.34,1,176.0,1.0,Standard
CUST_06658,486.43,330.0,12.03,0.34,0,108.0,5.0,Postpaid
CUST_06659,154.29,82.0,1.55,0.14,0,61.0,1.4,Basic
CUST_06660,389.76,106.0,7.28,0.27,3,151.0,4.7,Basic
CUST_06661,428.16,300.0,10.7,0.26,1,146.0,0.0,Postpaid
CUST_06662,150.42,73.0,1.84,0.04,0,69.0,1.1,Basic
CUST_06663,680.4,453.0,18.28,5.93,0,152.0,2.4,Standard
CUST_06664,149.73,109.0,1.57,0.17,0,21.0,0.7,Basic
CUST_06665,1054.83,15.0,0.89,26.69,0,97.0,0.7,Unlimited
CUST_06666,132.86,108.0,2.4,0.1,0,23.0,0.1,Basic
CUST_06667,445.53,294.0,7.84,0.31,5,156.0,1.8,Standard
CUST_06668,477.66,241.0,8.04,0.47,1,174.0,1.4,Standard
CUST_06669,821.37,291.0,94.04,1.18,0,101.0,0.6,Unlimited
CUST_06670,1271.45,411.0,36.89,1.99,0,224.0,0.4,Unlimited
CUST_06671,133.39,69.0,2.6,0.11,0,42.0,0.6,Basic
CUST_06672,396.89,309.0,11.52,0.4,0,164.0,2.0,Postpaid
CUST_06673,448.32,270.0,5.64,0.26,4,100.0,7.7,Standard
CUST_06674,890.96,199.0,68.05,0.8,1,93.0,3.0,Unlimited
CUST_06675,894.62,258.0,16.62,8.29,0,157.0,0.3,International
CUST_06676,373.8,226.0,10.26,0.39,6,188.0,30.7,Basic
CUST_06677,550.56,467.0,13.02,10.53,1,103.0,0.6,International
CUST_06678,999.62,742.0,32.89,1.93,0,186.0,0.3,Unlimited
CUST_06679,465.68,289.0,7.82,0.34,0,155.0,1.4,Standard
CUST_06680,142.68,101.0,1.21,0.08,0,70.0,1.9,Basic
CUST_06681,1117.63,546.0,43.32,1.88,0,123.0,0.1,Premium
CUST_06682,277.93,315.0,8.66,0.35,2,67.0,13.3,Standard
CUST_06683,127.33,74.0,2.28,0.12,0,69.0,0.2,Basic
CUST_06684,418.2,97.0,6.82,0.14,3,125.0,18.6,Basic
CUST_06685,188.43,119.0,2.48,0.12,0,57.0,0.5,Basic
CUST_06686,823.07,129.0,86.42,0.48,0,105.0,0.5,Unlimited
CUST_06687,143.21,76.0,2.38,0.11,1,70.0,1.0,Prepaid
CUST_06688,841.8,254.0,66.75,1.01,1,101.0,0.5,Unlimited
CUST_06689,159.68,56.0,2.3,0.0,1,65.0,0.5,Basic
CUST_06690,174.41,69.0,2.45,0.1,0,42.0,0.2,Prepaid
CUST_06691,168.89,62.0,1.6,0.07,0,29.0,1.1,Basic
CUST_06692,177.41,116.0,2.04,0.17,1,54.0,2.6,Prepaid
CUST_06693,1436.56,613.0,46.45,2.47,0,170.0,0.1,Premium
CUST_06694,86.28,109.0,1.67,0.07,1,34.0,,Prepaid
CUST_06695,373.85,170.0,6.93,0.51,1,205.0,26.6,Standard
CUST_06696,563.04,341.0,14.46,8.75,0,54.0,3.6,International
CUST_06697,1317.47,469.0,54.38,1.42,0,224.0,0.5,Premium
CUST_06698,281.61,330.0,11.39,0.31,0,175.0,1.8,Postpaid
CUST_06699,172.05,107.0,1.97,0.13,0,47.0,1.0,Basic
CUST_06700,475.02,263.0,4.48,0.03,2,83.0,3.3,Basic
CUST_06701,1313.49,587.0,53.84,2.0,0,226.0,0.8,Unlimited
CUST_06702,104.23,102.0,1.63,0.01,0,59.0,0.4,Basic
CUST_06703,366.82,358.0,9.72,0.4,1,95.0,1.8,Postpaid
CUST_06704,1258.43,685.0,44.32,1.44,0,262.0,0.8,Premium
CUST_06705,923.81,397.0,16.6,7.02,1,103.0,5.8,International
CUST_06706,1265.45,155.0,76.28,1.04,0,98.0,2.9,Unlimited
CUST_06707,403.62,297.0,9.17,0.36,1,133.0,0.5,Postpaid
CUST_06708,136.04,122.0,2.05,0.09,0,45.0,1.1,Prepaid
CUST_06709,308.52,187.0,2.72,0.53,1,81.0,5.0,Basic
CUST_06710,208.7,297.0,8.62,0.41,0,156.0,1.6,Standard
CUST_06711,473.39,386.0,9.12,0.33,0,195.0,0.1,Standard
CUST_06712,439.85,281.0,6.5,0.2,0,41.0,3.1,Standard
CUST_06713,630.61,289.0,95.33,0.92,0,44.0,0.2,Unlimited
CUST_06714,424.9,255.0,10.77,0.26,0,145.0,1.9,Standard
CUST_06715,695.79,182.0,71.07,0.93,1,74.0,0.4,Data Plan
CUST_06716,816.01,555.0,18.0,10.74,0,96.0,3.0,International
CUST_06717,857.6,178.0,61.06,0.53,0,94.0,3.1,Data Plan
CUST_06718,947.49,281.0,61.81,0.79,1,76.0,1.6,Data Plan
CUST_06719,425.43,300.0,11.21,0.27,0,119.0,0.5,Standard
CUST_06720,378.06,210.0,12.04,0.3,0,114.0,0.2,Postpaid
CUST_06721,148.81,114.0,2.24,0.18,0,58.0,1.7,Prepaid
CUST_06722,530.75,347.0,9.46,0.54,1,130.0,1.2,Standard
CUST_06723,912.49,331.0,17.56,8.94,3,96.0,5.0,International
CUST_06724,663.54,443.0,13.81,7.96,1,40.0,4.7,International
CUST_06725,182.42,91.0,1.85,0.08,0,69.0,0.3,Basic
CUST_06726,607.21,380.0,12.09,10.12,1,96.0,5.6,International
CUST_06727,428.39,296.0,9.81,0.32,1,162.0,0.2,Standard
CUST_06728,107.94,93.0,2.1,0.11,0,35.0,2.5,Basic
CUST_06729,1196.76,222.0,84.22,0.91,1,87.0,1.2,Data Plan
CUST_06730,970.11,238.0,97.76,1.04,0,85.0,0.9,Unlimited
CUST_06731,507.96,358.0,6.73,0.25,0,85.0,1.5,Postpaid
CUST_06732,390.32,385.0,12.88,0.26,0,245.0,3.7,Standard
CUST_06733,783.64,415.0,16.36,6.81,2,78.0,0.5,International
CUST_06734,511.2,258.0,12.37,0.33,0,200.0,1.8,Standard
CUST_06735,1191.58,194.0,68.04,1.62,0,85.0,0.1,Data Plan
CUST_06736,300.25,285.0,9.26,0.3,0,84.0,1.4,Standard
CUST_06737,140.77,87.0,1.74,0.0,0,42.0,0.1,Prepaid
CUST_06738,882.56,262.0,18.27,8.13,1,91.0,6.7,International
CUST_06739,276.32,232.0,8.4,0.5,1,195.0,0.3,Standard
CUST_06740,603.6,220.0,9.15,0.32,0,147.0,4.2,Standard
CUST_06741,740.27,177.0,72.69,0.72,20,64.0,35.1,Unlimited
CUST_06742,540.18,338.0,7.22,0.49,0,149.0,0.9,Postpaid
CUST_06743,162.57,82.0,1.63,0.13,0,15.0,3.4,Basic
CUST_06744,989.31,611.0,14.78,8.86,1,69.0,0.8,International
CUST_06745,330.64,341.0,10.85,0.12,0,155.0,1.8,Postpaid
CUST_06746,802.51,395.0,11.05,6.08,0,149.0,9.2,Standard
CUST_06747,120.34,124.0,1.94,0.08,0,59.0,0.4,Basic
CUST_06748,1334.93,586.0,35.91,2.22,0,121.0,1.3,Premium
CUST_06749,745.84,396.0,12.24,9.24,3,118.0,0.1,International
CUST_06750,312.27,267.0,9.33,0.36,0,115.0,0.2,Standard
CUST_06751,87.98,68.0,2.28,0.03,1,59.0,3.4,Basic
CUST_06752,444.15,256.0,6.27,0.33,0,77.0,1.1,Standard
CUST_06753,130.29,90.0,2.16,0.17,0,71.0,1.7,Basic
CUST_06754,161.43,91.0,1.86,0.14,0,47.0,0.2,Basic
CUST_06755,314.71,183.0,11.78,0.75,5,158.0,4.4,Basic
CUST_06756,1294.08,526.0,47.28,1.84,0,193.0,0.2,Unlimited
CUST_06757,133.49,143.0,1.39,0.11,0,60.0,,Basic
CUST_06758,976.24,268.0,88.23,1.25,0,88.0,0.8,Data Plan
CUST_06759,323.76,304.0,10.31,0.25,1,161.0,2.0,Standard
CUST_06760,124.48,126.0,1.63,0.04,3,51.0,0.6,Basic
CUST_06761,420.26,342.0,10.47,0.25,0,152.0,2.8,Standard
CUST_06762,479.6,365.0,9.4,0.18,0,111.0,1.9,Standard
CUST_06763,148.03,125.0,1.93,0.05,0,37.0,1.0,Basic
CUST_06764,887.78,441.0,37.92,1.91,0,268.0,1.0,Unlimited
CUST_06765,637.14,431.0,12.16,7.98,1,66.0,4.3,International
CUST_06766,443.06,317.0,11.75,0.62,2,98.0,0.4,Standard
CUST_06767,150.57,112.0,2.68,0.04,0,52.0,2.2,Basic
CUST_06768,256.08,309.0,10.68,0.37,1,139.0,0.3,Standard
CUST_06769,247.9,475.0,7.01,0.78,2,125.0,0.6,Basic
CUST_06770,858.77,491.0,16.51,8.75,1,107.0,2.9,International
CUST_06771,546.8,318.0,10.58,0.31,0,122.0,0.0,Standard
CUST_06772,594.38,130.0,12.46,0.31,0,105.0,0.0,Postpaid
CUST_06773,1225.73,468.0,51.53,2.65,0,258.0,0.2,Unlimited
CUST_06774,757.22,169.0,80.52,0.73,0,89.0,0.7,Data Plan
CUST_06775,348.7,409.0,10.38,0.87,4,150.0,5.3,Standard
CUST_06776,248.67,225.0,8.11,0.46,8,149.0,9.5,Basic
CUST_06777,426.54,301.0,11.12,0.32,2,117.0,4.7,Standard
CUST_06778,197.32,119.0,2.08,0.16,1,33.0,3.3,Prepaid
CUST_06779,383.59,264.0,7.87,0.54,2,108.0,4.9,Standard
CUST_06780,307.05,158.0,5.67,0.37,4,174.0,32.5,Basic
CUST_06781,402.99,340.0,6.85,0.23,1,243.0,5.2,Standard
CUST_06782,379.85,394.0,7.61,0.24,1,178.0,3.3,Standard
CUST_06783,542.93,207.0,12.1,0.31,0,135.0,1.2,Standard
CUST_06784,1337.4,683.0,48.85,2.84,1,215.0,1.8,Unlimited
CUST_06785,970.75,197.0,81.73,0.82,0,81.0,1.4,Unlimited
CUST_06786,796.05,374.0,10.91,7.37,0,91.0,3.3,Standard
CUST_06787,330.62,292.0,17.87,0.47,3,102.0,3.8,Standard
CUST_06788,197.38,100.0,0.65,0.08,0,54.0,0.2,Prepaid
CUST_06789,458.17,328.0,12.95,0.28,1,185.0,0.6,Postpaid
CUST_06790,845.05,411.0,14.92,8.11,0,106.0,3.4,International
CUST_06791,370.51,284.0,8.36,0.16,0,210.0,0.5,Standard
CUST_06792,1425.84,615.0,46.35,1.9,1,180.0,0.4,Premium
CUST_06793,139.7,40.0,1.23,0.12,0,47.0,1.0,Basic
CUST_06794,283.12,257.0,5.54,,6,115.0,3.6,Basic
CUST_06795,1563.87,503.0,46.07,1.57,1,243.0,0.0,Unlimited
CUST_06796,137.89,107.0,2.35,0.08,0,35.0,0.4,Basic
CUST_06797,191.27,47.0,2.27,0.12,0,27.0,0.5,Basic
CUST_06798,503.96,43.0,1.33,36.62,0,116.0,2.1,Postpaid
CUST_06799,682.84,434.0,16.12,9.37,1,116.0,0.3,Standard
CUST_06800,223.09,333.0,10.6,0.36,4,109.0,3.8,Standard
CUST_06801,475.91,355.0,13.05,0.32,0,74.0,0.3,Postpaid
CUST_06802,328.15,334.0,11.13,0.3,1,121.0,0.0,Standard
CUST_06803,992.0,597.0,41.81,1.86,1,131.0,0.6,Unlimited
CUST_06804,255.28,238.0,8.35,0.37,3,70.0,3.3,Basic
CUST_06805,1085.81,645.0,66.67,2.18,0,217.0,1.4,Unlimited
CUST_06806,297.35,361.0,13.86,0.32,1,142.0,5.3,Standard
CUST_06807,126.45,82.0,1.92,0.1,0,53.0,0.1,Prepaid
CUST_06808,1080.67,216.0,107.2,0.98,1,73.0,0.8,Data Plan
CUST_06809,149.57,121.0,1.82,0.09,11,38.0,36.8,Basic
CUST_06810,283.15,316.0,10.54,0.31,2,195.0,3.3,Postpaid
CUST_06811,450.82,163.0,8.11,0.81,4,103.0,6.3,Standard
CUST_06812,496.71,444.0,11.98,0.24,1,120.0,1.3,Basic
CUST_06813,345.89,368.0,7.62,0.47,0,185.0,0.0,Standard
CUST_06814,378.28,301.0,10.65,0.42,0,129.0,0.6,Postpaid
CUST_06815,566.88,240.0,8.46,0.31,0,167.0,1.0,Standard
CUST_06816,985.96,176.0,91.12,1.0,0,80.0,0.6,Unlimited
CUST_06817,385.14,286.0,13.23,0.59,1,107.0,3.2,Basic
CUST_06818,469.9,347.0,8.19,0.36,0,183.0,1.9,Standard
CUST_06819,381.59,333.0,10.06,0.32,0,212.0,0.7,Standard
CUST_06820,387.48,209.0,8.99,0.62,4,19.0,3.2,Basic
CUST_06821,754.8,494.0,14.11,11.93,1,59.0,1.2,International
CUST_06822,159.64,98.0,2.22,0.1,0,37.0,0.0,Basic
CUST_06823,1488.43,588.0,49.26,2.5,0,233.0,1.7,Unlimited
CUST_06824,459.17,322.0,5.84,0.77,2,189.0,0.7,Standard
CUST_06825,120.38,70.0,1.87,0.11,10,51.0,78.3,Basic
CUST_06826,267.85,244.0,6.8,0.49,3,76.0,0.4,Basic
CUST_06827,832.46,209.0,100.3,0.96,0,62.0,2.1,Data Plan
CUST_06828,520.67,223.0,12.48,0.33,0,143.0,1.1,Standard
CUST_06829,983.6,217.0,72.27,0.99,1,70.0,4.9,Data Plan
CUST_06830,417.01,335.0,5.9,0.32,0,170.0,1.5,Standard
CUST_06831,1119.89,751.0,36.47,2.27,0,265.0,0.6,Premium
CUST_06832,200.33,125.0,1.3,0.09,0,54.0,0.7,Basic
CUST_06833,3959.71,547.0,35.78,36.96,8,243.0,0.7,Premium
CUST_06834,875.97,180.0,61.15,0.82,0,65.0,1.2,Data Plan
CUST_06835,191.77,65.0,0.89,0.04,1,46.0,3.5,Basic
CUST_06836,165.51,368.0,10.86,0.51,0,171.0,1.6,Postpaid
CUST_06837,1069.37,137.0,92.04,0.42,0,92.0,1.9,Data Plan
CUST_06838,997.81,181.0,75.1,1.2,0,108.0,1.5,Data Plan
CUST_06839,355.71,263.0,7.93,0.27,2,178.0,0.5,Postpaid
CUST_06840,796.08,414.0,10.68,5.94,1,110.0,5.7,International
CUST_06841,1388.44,625.0,47.53,1.42,0,258.0,0.3,Unlimited
CUST_06842,637.3,373.0,10.95,10.83,1,93.0,0.2,Standard
CUST_06843,957.51,194.0,56.45,0.42,0,108.0,2.9,Data Plan
CUST_06844,373.95,331.0,8.6,0.36,0,172.0,0.3,Postpaid
CUST_06845,1029.81,175.0,67.21,0.96,0,99.0,2.1,Data Plan
CUST_06846,160.25,94.0,1.66,0.1,1,62.0,1.1,Prepaid
CUST_06847,690.56,175.0,71.86,0.92,1,60.0,0.1,Unlimited
CUST_06848,152.04,61.0,1.59,0.02,1,42.0,0.9,Prepaid
CUST_06849,443.44,276.0,9.38,0.26,0,47.0,0.7,Standard
CUST_06850,408.89,322.0,13.33,0.44,1,111.0,8.3,Basic
CUST_06851,298.7,311.0,10.58,0.16,1,209.0,1.9,Postpaid
CUST_06852,690.94,517.0,16.89,8.08,1,68.0,11.0,International
CUST_06853,396.58,361.0,9.17,0.3,6,164.0,14.7,Basic
CUST_06854,783.48,111.0,66.12,0.43,0,77.0,0.8,Data Plan
CUST_06855,1246.1,619.0,69.31,1.76,0,185.0,0.8,Premium
CUST_06856,362.33,327.0,10.63,0.22,0,203.0,2.9,Postpaid
CUST_06857,889.34,165.0,89.65,0.75,2,79.0,0.3,Unlimited
CUST_06858,346.74,352.0,9.05,0.06,0,141.0,0.7,Postpaid
CUST_06859,214.9,131.0,1.59,0.06,0,61.0,0.1,Basic
CUST_06860,738.43,496.0,38.19,2.26,1,254.0,0.6,Premium
CUST_06861,149.2,48.0,2.58,0.12,0,33.0,0.4,Basic
CUST_06862,180.98,108.0,1.67,0.14,0,60.0,0.4,Basic
CUST_06863,133.54,124.0,1.25,0.13,1,59.0,1.1,Basic
CUST_06864,387.57,222.0,8.71,0.38,0,133.0,2.5,Standard
CUST_06865,166.82,95.0,1.45,0.05,1,60.0,,Basic
CUST_06866,282.97,229.0,1.95,0.8,3,115.0,18.3,Basic
CUST_06867,381.04,258.0,10.57,0.64,3,190.0,8.0,Basic
CUST_06868,1243.6,618.0,37.56,1.86,0,215.0,0.1,Premium
CUST_06869,1071.27,736.0,54.82,1.36,2,267.0,0.6,Premium
CUST_06870,491.0,280.0,12.01,0.41,2,166.0,2.3,Postpaid
CUST_06871,619.3,226.0,94.88,0.44,1,79.0,0.1,Unlimited
CUST_06872,525.34,314.0,11.69,0.17,2,128.0,0.1,Postpaid
CUST_06873,488.74,303.0,11.97,0.42,1,165.0,1.1,Postpaid
CUST_06874,123.08,98.0,1.42,0.03,0,28.0,0.7,Prepaid
CUST_06875,847.12,426.0,10.0,6.16,2,99.0,1.8,International
CUST_06876,783.93,172.0,84.01,1.0,0,100.0,1.0,Data Plan
CUST_06877,1155.68,275.0,87.37,1.31,2,107.0,1.9,Data Plan
CUST_06878,1089.9,233.0,14.47,8.7,1,103.0,4.3,International
CUST_06879,403.69,342.0,14.07,0.09,0,161.0,1.8,Standard
CUST_06880,127.73,56.0,2.15,0.14,1,52.0,0.0,Prepaid
CUST_06881,923.73,299.0,21.04,4.31,1,101.0,0.0,International
CUST_06882,328.59,246.0,0.0,0.47,1,148.0,1.2,Basic
CUST_06883,532.95,291.0,9.37,0.68,0,80.0,0.8,Standard
CUST_06884,430.13,307.0,8.5,0.31,1,238.0,0.6,Postpaid
CUST_06885,715.5,181.0,64.64,1.44,0,64.0,2.2,Unlimited
CUST_06886,150.81,160.0,3.2,0.1,1,39.0,0.4,Basic
CUST_06887,1045.03,177.0,99.0,1.09,0,100.0,1.6,Data Plan
CUST_06888,325.17,351.0,12.81,0.63,3,101.0,1.3,Basic
CUST_06889,859.52,129.0,83.46,0.57,0,78.0,0.9,Data Plan
CUST_06890,953.03,175.0,101.25,1.22,1,107.0,0.4,Data Plan
CUST_06891,1367.73,642.0,43.68,1.56,1,207.0,0.2,Unlimited
CUST_06892,1007.35,266.0,56.64,1.17,0,88.0,0.2,Data Plan
CUST_06893,910.71,136.0,48.18,1.61,0,48.0,0.7,Data Plan
CUST_06894,749.87,195.0,16.37,8.0,0,86.0,5.2,Standard
CUST_06895,340.63,322.0,7.79,0.23,0,120.0,0.1,Standard
CUST_06896,779.44,194.0,59.5,1.57,0,69.0,1.5,Unlimited
CUST_06897,1118.2,573.0,42.76,1.96,1,190.0,0.6,Premium
CUST_06898,160.23,104.0,1.52,0.03,0,37.0,0.9,Basic
CUST_06899,1428.18,610.0,31.88,2.54,0,214.0,1.2,Unlimited
CUST_06900,1277.25,762.0,62.94,1.71,1,193.0,0.2,Unlimited
CUST_06901,273.94,294.0,10.23,0.37,1,143.0,1.0,Postpaid
CUST_06902,848.24,396.0,14.62,5.52,0,138.0,2.3,Standard
CUST_06903,558.56,404.0,13.07,3.14,1,128.0,2.9,International
CUST_06904,833.11,452.0,13.45,6.18,0,139.0,6.7,Standard
CUST_06905,467.99,306.0,10.19,0.31,0,171.0,3.4,Postpaid
CUST_06906,1109.51,362.0,20.96,11.25,1,101.0,7.1,International
CUST_06907,332.56,283.0,14.35,0.22,0,248.0,0.9,Postpaid
CUST_06908,364.38,396.0,11.21,0.61,3,119.0,8.1,Standard
CUST_06909,411.8,191.0,5.26,0.47,5,173.0,9.0,Basic
CUST_06910,261.97,129.0,10.18,0.59,2,52.0,3.9,Basic
CUST_06911,1019.72,197.0,91.24,1.02,1,98.0,0.8,Data Plan
CUST_06912,778.59,193.0,78.66,1.33,0,107.0,0.2,Data Plan
CUST_06913,518.47,288.0,5.42,0.51,3,154.0,3.4,Basic
CUST_06914,1137.05,582.0,,1.58,0,133.0,0.3,Unlimited
CUST_06915,442.06,320.0,10.27,0.44,0,146.0,0.6,Standard
CUST_06916,122.76,116.0,1.74,0.09,0,59.0,0.3,Basic
CUST_06917,411.61,323.0,10.3,0.34,0,98.0,1.1,Standard
CUST_06918,899.29,167.0,80.9,1.0,0,76.0,1.6,Unlimited
CUST_06919,462.37,254.0,11.86,0.25,1,158.0,1.4,Standard
CUST_06920,357.13,304.0,8.86,0.47,0,137.0,3.5,Postpaid
CUST_06921,832.9,170.0,85.14,0.97,0,80.0,0.2,Data Plan
CUST_06922,345.84,300.0,12.1,0.44,0,193.0,0.7,Standard
CUST_06923,133.61,102.0,1.18,0.12,0,28.0,0.8,Basic
CUST_06924,808.49,500.0,51.01,1.94,1,126.0,0.2,Unlimited
CUST_06925,308.46,271.0,10.61,0.23,3,54.0,41.6,Basic
CUST_06926,949.79,316.0,16.16,9.47,0,130.0,2.3,Standard
CUST_06927,1275.27,758.0,44.88,2.04,0,222.0,0.9,Unlimited
CUST_06928,771.0,243.0,114.83,1.44,0,89.0,3.7,Data Plan
CUST_06929,1039.59,504.0,61.94,1.27,0,59.0,0.0,Premium
CUST_06930,465.86,338.0,10.15,0.41,0,129.0,0.2,Postpaid
CUST_06931,117.87,95.0,1.58,0.01,0,80.0,0.5,Basic
CUST_06932,462.03,331.0,13.39,0.23,1,128.0,0.6,Standard
CUST_06933,898.46,136.0,79.1,0.34,0,68.0,2.6,Unlimited
CUST_06934,198.37,79.0,2.11,0.11,0,26.0,1.6,Basic
CUST_06935,225.64,269.0,9.44,0.03,3,76.0,4.7,Standard
CUST_06936,270.39,202.0,9.76,0.51,1,103.0,5.0,Standard
CUST_06937,1064.57,728.0,38.71,2.56,0,205.0,1.3,Unlimited
CUST_06938,1188.05,549.0,50.38,2.69,1,255.0,0.2,Unlimited
CUST_06939,828.73,100.0,99.6,1.61,1,112.0,0.6,Data Plan
CUST_06940,207.04,65.0,2.15,0.06,0,34.0,2.4,Prepaid
CUST_06941,662.19,136.0,77.32,0.63,1,78.0,0.5,Data Plan
CUST_06942,316.54,314.0,10.04,0.44,1,211.0,1.2,Standard
CUST_06943,1129.6,598.0,65.73,1.47,0,172.0,1.4,Unlimited
CUST_06944,818.27,420.0,12.51,9.28,1,111.0,4.2,International
CUST_06945,554.18,259.0,94.31,0.57,0,59.0,5.1,Data Plan
CUST_06946,977.6,287.0,83.86,0.86,0,53.0,1.2,Data Plan
CUST_06947,144.15,150.0,2.17,0.08,0,56.0,0.4,Basic
CUST_06948,353.77,290.0,4.7,0.34,4,196.0,5.6,Basic
CUST_06949,322.34,220.0,2.31,0.65,2,189.0,1.4,Basic
CUST_06950,466.89,251.0,4.2,0.87,3,142.0,8.0,Basic
CUST_06951,500.84,292.0,9.5,0.63,4,92.0,2.6,Basic
CUST_06952,1355.78,642.0,52.21,2.05,0,174.0,1.0,Unlimited
CUST_06953,850.59,287.0,82.24,1.09,0,85.0,2.7,Data Plan
CUST_06954,1253.55,558.0,53.52,2.37,0,171.0,0.3,Unlimited
CUST_06955,140.26,108.0,1.43,0.08,0,58.0,0.3,Basic
CUST_06956,176.85,138.0,2.2,0.08,0,46.0,0.5,Basic
CUST_06957,599.28,109.0,7.6,0.87,2,137.0,6.7,Standard
CUST_06958,90.74,112.0,2.0,0.14,0,57.0,0.5,Basic
CUST_06959,3138.79,241.0,4.12,33.85,14,60.0,13.4,Basic
CUST_06960,361.2,126.0,6.32,0.47,5,162.0,2.4,Basic
CUST_06961,982.3,605.0,34.59,2.02,0,121.0,1.7,Premium
CUST_06962,1100.54,307.0,9.12,6.34,1,70.0,2.7,International
CUST_06963,1486.59,612.0,60.87,2.08,0,249.0,0.0,Unlimited
CUST_06964,1279.88,691.0,57.0,1.54,0,150.0,0.1,Unlimited
CUST_06965,857.33,198.0,89.58,1.38,1,72.0,1.5,Unlimited
CUST_06966,347.13,141.0,1.31,,3,125.0,2.1,Basic
CUST_06967,97.18,151.0,2.7,0.05,0,63.0,0.8,Prepaid
CUST_06968,1172.53,508.0,39.87,1.98,0,181.0,0.1,Unlimited
CUST_06969,883.47,415.0,14.02,9.12,4,105.0,16.0,Standard
CUST_06970,763.09,150.0,85.57,0.77,1,94.0,2.0,Data Plan
CUST_06971,1559.91,512.0,64.8,1.98,1,225.0,0.2,Unlimited
CUST_06972,344.66,354.0,8.26,0.26,1,201.0,0.8,Standard
CUST_06973,118.13,80.0,2.38,0.15,0,31.0,1.6,Basic
CUST_06974,438.47,302.0,6.42,0.37,0,134.0,2.3,Standard
CUST_06975,1267.37,635.0,37.74,1.8,1,271.0,1.6,Unlimited
CUST_06976,16.14,322.0,9.19,0.22,1,114.0,0.1,Standard
CUST_06977,1077.79,173.0,61.93,1.33,0,81.0,3.4,Data Plan
CUST_06978,1298.05,635.0,53.65,1.9,0,233.0,0.1,Unlimited
CUST_06979,311.15,185.0,11.06,0.29,1,166.0,5.2,Postpaid
CUST_06980,126.65,88.0,2.01,0.19,0,39.0,0.7,Prepaid
CUST_06981,479.07,343.0,7.65,0.43,1,134.0,1.4,Standard
CUST_06982,445.24,220.0,4.59,0.55,2,149.0,0.2,Basic
CUST_06983,1035.56,287.0,10.31,10.13,0,75.0,4.4,Standard
CUST_06984,157.61,131.0,2.61,0.0,0,35.0,2.7,Basic
CUST_06985,439.81,364.0,10.89,0.46,0,211.0,1.8,Postpaid
CUST_06986,425.71,372.0,11.77,0.46,0,144.0,1.2,Standard
CUST_06987,299.37,362.0,8.35,0.45,0,102.0,2.0,Postpaid
CUST_06988,209.31,244.0,11.19,0.25,2,139.0,1.1,Standard
CUST_06989,144.28,71.0,1.76,0.05,0,62.0,0.4,Basic
CUST_06990,909.62,244.0,70.95,0.38,0,87.0,1.1,Data Plan
CUST_06991,1357.56,526.0,57.66,1.64,1,198.0,0.1,Premium
CUST_06992,276.21,205.0,12.44,0.21,0,56.0,1.0,Postpaid
CUST_06993,494.33,361.0,13.8,0.3,0,181.0,0.4,Postpaid
CUST_06994,178.22,133.0,1.02,0.13,0,59.0,0.4,Basic
CUST_06995,385.99,306.0,8.69,0.44,0,141.0,0.8,Standard
CUST_06996,112.63,66.0,0.79,0.15,1,58.0,1.0,Basic
CUST_06997,1166.64,606.0,49.69,0.57,1,233.0,0.2,Premium
CUST_06998,437.54,161.0,12.38,0.49,0,171.0,1.2,Standard
CUST_06999,105.64,107.0,1.72,,0,30.0,1.4,Basic
CUST_07000,886.77,455.0,14.02,9.38,1,110.0,1.0,International
CUST_07001,1224.19,603.0,66.45,2.64,0,215.0,1.0,Unlimited
CUST_07002,133.13,81.0,1.51,0.1,0,39.0,0.0,Prepaid
CUST_07003,299.9,173.0,1.63,0.71,5,112.0,16.4,Standard
CUST_07004,499.89,252.0,11.16,0.38,0,122.0,2.5,Standard
CUST_07005,123.38,129.0,1.76,0.2,0,20.0,0.1,Basic
CUST_07006,187.97,127.0,3.46,0.06,1,64.0,2.0,Basic
CUST_07007,857.03,227.0,79.27,0.87,1,77.0,0.4,Unlimited
CUST_07008,520.46,261.0,11.35,0.16,1,182.0,5.9,Standard
CUST_07009,419.78,277.0,7.75,0.36,0,145.0,2.8,Postpaid
CUST_07010,1348.12,796.0,46.6,1.59,1,158.0,0.3,Unlimited
CUST_07011,350.09,261.0,4.78,0.5,8,94.0,4.9,Basic
CUST_07012,846.38,177.0,89.87,0.81,1,82.0,2.4,Unlimited
CUST_07013,1094.43,306.0,14.9,7.47,0,53.0,4.8,International
CUST_07014,598.83,377.0,17.44,9.76,2,134.0,1.2,International
CUST_07015,259.63,327.0,10.72,0.02,7,46.0,18.5,Basic
CUST_07016,711.53,119.0,80.69,1.24,1,99.0,1.4,Unlimited
CUST_07017,894.33,617.0,43.42,1.82,0,187.0,1.1,Premium
CUST_07018,321.68,339.0,8.13,0.26,0,130.0,1.8,Postpaid
CUST_07019,1124.85,611.0,40.15,1.76,1,249.0,0.9,Unlimited
CUST_07020,142.24,135.0,1.21,0.17,0,36.0,0.1,Prepaid
CUST_07021,842.78,195.0,60.89,1.11,0,69.0,0.9,Data Plan
CUST_07022,703.03,262.0,12.58,9.2,1,65.0,2.7,International
CUST_07023,819.72,533.0,12.94,10.63,0,108.0,1.7,International
CUST_07024,189.81,261.0,6.5,0.3,0,224.0,,Standard
CUST_07025,654.92,249.0,16.52,8.86,2,127.0,5.7,International
CUST_07026,337.35,356.0,12.06,0.32,2,109.0,0.9,Standard
CUST_07027,167.59,80.0,2.88,0.08,0,43.0,0.9,Prepaid
CUST_07028,157.35,112.0,2.97,0.09,0,47.0,1.2,Basic
CUST_07029,1121.99,408.0,41.95,1.82,0,281.0,,Premium
CUST_07030,419.9,274.0,8.68,0.38,0,210.0,0.5,Postpaid
CUST_07031,262.69,320.0,9.0,0.49,0,90.0,0.8,Standard
CUST_07032,160.43,134.0,1.76,0.09,0,47.0,1.2,Basic
CUST_07033,790.63,617.0,44.02,1.71,0,167.0,0.1,Premium
CUST_07034,136.43,132.0,2.69,0.12,0,55.0,0.6,Prepaid
CUST_07035,360.9,338.0,7.78,0.38,1,134.0,14.1,Basic
CUST_07036,981.4,723.0,46.85,2.05,0,140.0,0.1,Unlimited
CUST_07037,799.98,169.0,87.51,0.57,1,89.0,4.9,Unlimited
CUST_07038,380.05,263.0,9.67,0.51,0,85.0,1.2,Standard
CUST_07039,412.78,233.0,6.05,0.34,2,56.0,13.7,Standard
CUST_07040,1182.71,173.0,55.81,1.58,1,54.0,0.8,Data Plan
CUST_07041,5482.94,410.0,6.81,22.56,12,191.0,0.3,Postpaid
CUST_07042,159.65,128.0,2.14,0.16,0,58.0,0.3,Basic
CUST_07043,876.45,211.0,79.01,0.88,0,75.0,3.4,Data Plan
CUST_07044,108.99,117.0,1.0,0.05,0,40.0,0.4,Basic
CUST_07045,132.79,71.0,2.74,0.14,0,38.0,0.2,Basic
CUST_07046,991.32,690.0,40.05,2.15,0,146.0,0.9,Premium
CUST_07047,133.07,112.0,1.81,0.07,0,42.0,0.0,Basic
CUST_07048,1021.32,115.0,74.92,0.87,0,78.0,2.7,Unlimited
CUST_07049,1077.55,712.0,54.82,2.4,0,138.0,0.9,Premium
CUST_07050,821.64,201.0,65.72,1.07,0,79.0,0.9,Data Plan
CUST_07051,1424.13,543.0,41.12,1.38,0,188.0,0.0,Unlimited
CUST_07052,351.97,273.0,7.56,0.17,0,121.0,3.7,Standard
CUST_07053,817.54,166.0,96.55,0.29,2,107.0,2.0,Data Plan
CUST_07054,680.84,197.0,70.33,0.93,0,74.0,3.9,Unlimited
CUST_07055,961.53,415.0,16.79,8.87,0,95.0,4.2,Standard
CUST_07056,162.9,108.0,3.16,0.0,0,53.0,0.8,Basic
CUST_07057,476.26,344.0,8.66,0.3,0,175.0,0.9,Standard
CUST_07058,896.67,199.0,80.86,0.94,1,79.0,0.9,Unlimited
CUST_07059,1269.45,615.0,40.02,1.71,0,252.0,0.1,Unlimited
CUST_07060,500.98,241.0,10.37,0.35,0,145.0,2.1,Standard
CUST_07061,1146.87,573.0,43.02,1.62,0,182.0,0.3,Unlimited
CUST_07062,361.27,370.0,8.01,0.31,1,159.0,1.6,Postpaid
CUST_07063,928.48,714.0,44.03,2.42,0,226.0,0.5,Premium
CUST_07064,1042.23,430.0,13.4,7.52,0,131.0,1.3,Standard
CUST_07065,623.15,125.0,81.56,1.24,1,96.0,0.2,Data Plan
CUST_07066,1013.68,207.0,72.47,1.09,0,79.0,0.1,Data Plan
CUST_07067,180.11,97.0,2.15,0.15,0,37.0,0.2,Basic
CUST_07068,266.37,182.0,3.18,0.6,3,136.0,3.8,Basic
CUST_07069,172.15,83.0,2.1,0.15,0,71.0,0.8,Prepaid
CUST_07070,424.3,249.0,12.77,0.23,0,145.0,5.2,Standard
CUST_07071,385.62,316.0,6.33,0.23,2,166.0,0.0,Postpaid
CUST_07072,168.68,181.0,8.03,0.33,4,219.0,2.1,Basic
CUST_07073,1037.35,238.0,93.59,1.47,0,65.0,0.7,Data Plan
CUST_07074,1100.23,739.0,50.58,2.42,0,187.0,0.5,Premium
CUST_07075,1570.88,593.0,55.6,1.16,0,178.0,0.1,Premium
CUST_07076,1431.1,591.0,68.32,1.72,0,205.0,0.4,Premium
CUST_07077,685.7,447.0,16.07,5.98,0,164.0,1.5,International
CUST_07078,824.94,505.0,17.5,9.14,1,70.0,5.5,International
CUST_07079,444.74,254.0,11.15,0.28,1,183.0,2.5,Standard
CUST_07080,1208.42,368.0,15.07,6.73,1,89.0,2.0,Standard
CUST_07081,429.71,243.0,11.2,0.24,1,175.0,1.9,Postpaid
CUST_07082,268.99,282.0,14.57,0.13,5,133.0,16.6,Basic
CUST_07083,289.93,273.0,9.2,0.41,0,165.0,2.4,Basic
CUST_07084,384.31,308.0,11.2,0.21,1,154.0,0.7,Postpaid
CUST_07085,1168.34,173.0,54.91,0.74,1,54.0,0.9,Data Plan
CUST_07086,409.99,286.0,12.75,0.33,0,162.0,0.0,Postpaid
CUST_07087,1216.18,456.0,51.63,1.81,0,220.0,0.1,Premium
CUST_07088,778.73,296.0,70.95,1.35,1,48.0,0.1,Data Plan
CUST_07089,560.29,166.0,52.9,0.98,1,74.0,3.4,Data Plan
CUST_07090,153.77,85.0,1.8,0.02,0,65.0,0.5,Basic
CUST_07091,1039.3,195.0,73.32,1.2,0,79.0,1.1,Data Plan
CUST_07092,529.24,253.0,13.41,0.73,2,154.0,4.0,Standard
CUST_07093,231.13,321.0,4.11,0.36,3,98.0,12.6,Standard
CUST_07094,943.36,230.0,64.15,0.7,0,110.0,1.2,Data Plan
CUST_07095,1176.87,522.0,50.9,2.72,0,220.0,0.5,Premium
CUST_07096,1114.43,451.0,50.3,2.43,0,173.0,0.9,Premium
CUST_07097,1266.57,534.0,57.59,1.96,0,168.0,0.5,Premium
CUST_07098,509.54,361.0,10.52,0.84,2,89.0,4.3,Standard
CUST_07099,476.74,287.0,8.76,0.36,1,163.0,1.2,Postpaid
CUST_07100,289.16,167.0,8.02,0.4,1,160.0,0.5,Standard
CUST_07101,1013.82,692.0,46.49,1.88,0,236.0,0.2,Premium
CUST_07102,360.47,427.0,5.55,0.37,1,157.0,1.5,Postpaid
CUST_07103,994.61,749.0,39.6,2.33,0,229.0,0.3,Unlimited
CUST_07104,373.53,178.0,12.28,0.43,2,114.0,29.2,Standard
CUST_07105,242.63,221.0,2.43,0.19,3,176.0,9.5,Standard
CUST_07106,627.33,362.0,16.72,6.79,0,114.0,1.4,International
CUST_07107,755.43,150.0,,1.62,1,89.0,0.8,Unlimited
CUST_07108,375.0,372.0,8.73,0.32,0,144.0,0.5,Standard
CUST_07109,145.46,53.0,2.61,0.08,0,25.0,0.2,Prepaid
CUST_07110,707.8,132.0,75.15,1.14,0,76.0,2.4,Unlimited
CUST_07111,765.6,220.0,72.6,1.11,1,82.0,0.8,Data Plan
CUST_07112,924.32,531.0,12.31,11.79,1,156.0,2.1,Standard
CUST_07113,2553.85,247.0,71.91,1.45,1,86.0,,Unlimited
CUST_07114,366.9,372.0,11.47,0.3,0,159.0,0.5,Standard
CUST_07115,788.94,371.0,17.08,8.87,1,101.0,1.4,International
CUST_07116,179.15,99.0,2.47,0.11,0,44.0,0.2,Basic
CUST_07117,153.41,57.0,3.05,0.11,0,31.0,0.0,Prepaid
CUST_07118,146.78,140.0,1.55,,0,47.0,0.0,Basic
CUST_07119,134.7,44.0,2.08,0.17,0,32.0,2.4,Basic
CUST_07120,854.21,148.0,67.7,1.52,0,94.0,1.1,Data Plan
CUST_07121,442.28,314.0,9.82,0.41,1,136.0,2.0,Postpaid
CUST_07122,688.58,459.0,14.62,12.04,1,103.0,0.3,Standard
CUST_07123,937.07,682.0,55.31,2.73,0,189.0,0.4,Premium
CUST_07124,1288.81,672.0,49.27,0.75,0,197.0,0.6,Unlimited
CUST_07125,270.27,330.0,10.7,0.03,0,142.0,2.7,Standard
CUST_07126,923.79,485.0,18.14,7.32,1,142.0,4.2,Standard
CUST_07127,5658.39,96.0,1.67,21.82,12,69.0,1.4,Basic
CUST_07128,1513.09,578.0,55.66,1.93,0,113.0,0.3,Unlimited
CUST_07129,441.57,224.0,11.51,0.66,1,112.0,0.2,Basic
CUST_07130,189.21,101.0,2.82,0.1,1,47.0,4.6,Basic
CUST_07131,462.74,328.0,7.05,0.3,0,132.0,1.2,Standard
CUST_07132,496.24,427.0,19.77,12.62,0,94.0,1.4,International
CUST_07133,435.13,309.0,11.73,0.51,3,158.0,11.3,Basic
CUST_07134,181.2,76.0,0.88,0.13,0,45.0,1.0,Basic
CUST_07135,329.09,314.0,9.94,0.31,0,235.0,1.1,Postpaid
CUST_07136,933.59,301.0,98.5,1.04,1,37.0,0.2,Unlimited
CUST_07137,972.55,210.0,87.9,1.02,0,78.0,1.4,Data Plan
CUST_07138,662.98,368.0,17.14,7.3,0,127.0,1.9,International
CUST_07139,1126.17,568.0,57.21,1.64,0,199.0,0.4,Premium
CUST_07140,413.19,197.0,9.35,0.25,0,217.0,1.0,Standard
CUST_07141,167.92,112.0,1.65,0.07,0,50.0,2.4,Prepaid
CUST_07142,437.34,438.0,9.07,0.4,0,153.0,0.8,Standard
CUST_07143,300.07,287.0,8.84,0.53,3,59.0,18.2,Standard
CUST_07144,127.44,78.0,2.97,0.07,0,57.0,2.0,Basic
CUST_07145,238.78,342.0,11.37,0.44,1,88.0,1.6,Postpaid
CUST_07146,1164.26,167.0,71.48,0.84,1,97.0,1.3,Data Plan
CUST_07147,685.37,639.0,53.94,2.37,22,271.0,43.0,Premium
CUST_07148,114.06,112.0,2.33,0.11,0,62.0,9.5,Prepaid
CUST_07149,848.22,458.0,15.8,6.85,1,86.0,2.7,International
CUST_07150,1156.1,181.0,91.4,0.97,0,99.0,2.7,Data Plan
CUST_07151,148.63,95.0,1.81,0.08,0,54.0,1.6,Basic
CUST_07152,434.31,319.0,6.39,0.3,0,142.0,3.4,Standard
CUST_07153,131.6,66.0,1.74,0.1,0,48.0,0.6,Prepaid
CUST_07154,924.12,509.0,15.54,5.7,1,67.0,8.7,International
CUST_07155,1111.73,715.0,77.29,1.54,1,267.0,0.2,Unlimited
CUST_07156,797.09,424.0,14.51,5.56,1,58.0,0.7,International
CUST_07157,1142.28,437.0,73.87,2.38,0,187.0,0.0,Unlimited
CUST_07158,1621.04,467.0,31.83,2.57,0,171.0,0.5,Unlimited
CUST_07159,864.74,439.0,11.79,8.59,0,139.0,1.2,International
CUST_07160,149.02,135.0,2.11,0.09,0,51.0,0.4,Basic
CUST_07161,785.09,441.0,14.75,4.24,1,64.0,2.2,International
CUST_07162,130.62,151.0,1.89,0.12,0,62.0,2.6,Basic
CUST_07163,273.88,290.0,10.87,0.47,0,154.0,0.7,Postpaid
CUST_07164,111.15,110.0,0.58,0.1,1,39.0,0.1,Basic
CUST_07165,783.22,182.0,58.73,1.22,0,85.0,1.1,Data Plan
CUST_07166,286.54,242.0,9.52,0.41,1,84.0,0.6,Postpaid
CUST_07167,740.48,119.0,85.47,0.89,0,96.0,0.6,Data Plan
CUST_07168,943.37,421.0,17.51,7.31,1,128.0,2.5,International
CUST_07169,376.47,202.0,9.29,0.64,1,105.0,11.0,Basic
CUST_07170,1063.5,202.0,80.16,1.43,0,118.0,1.1,Data Plan
CUST_07171,775.51,373.0,7.1,6.88,2,65.0,4.0,International
CUST_07172,445.06,270.0,11.32,0.37,1,94.0,2.7,Postpaid
CUST_07173,181.68,128.0,1.78,0.1,1,21.0,0.3,Basic
CUST_07174,148.59,68.0,1.41,0.16,0,24.0,1.7,Basic
CUST_07175,128.57,85.0,1.89,0.12,0,47.0,0.2,Basic
CUST_07176,392.41,289.0,8.5,0.26,0,165.0,1.2,Postpaid
CUST_07177,823.23,198.0,65.57,0.92,0,57.0,0.6,Data Plan
CUST_07178,1135.85,755.0,44.47,2.14,1,217.0,0.0,Premium
CUST_07179,144.11,104.0,1.64,0.14,0,37.0,1.2,Basic
CUST_07180,728.77,427.0,17.61,7.83,0,106.0,0.0,International
CUST_07181,883.26,426.0,12.67,7.76,2,97.0,4.8,Standard
CUST_07182,388.95,238.0,10.06,0.35,0,136.0,0.9,Standard
CUST_07183,172.3,137.0,1.85,0.0,1,39.0,0.4,Basic
CUST_07184,430.1,338.0,6.26,0.16,0,114.0,0.2,Standard
CUST_07185,133.34,122.0,2.55,0.06,0,40.0,2.9,Basic
CUST_07186,431.23,356.0,10.64,0.33,1,184.0,3.2,Standard
CUST_07187,263.53,295.0,8.25,0.48,3,149.0,2.8,Basic
CUST_07188,2854.96,502.0,16.52,9.52,1,124.0,4.4,International
CUST_07189,376.41,273.0,10.29,0.37,3,137.0,8.6,Basic
CUST_07190,1037.45,545.0,16.53,7.65,1,112.0,0.9,Standard
CUST_07191,169.46,198.0,2.0,0.07,0,36.0,1.8,Basic
CUST_07192,394.32,394.0,11.67,0.23,1,162.0,3.0,Standard
CUST_07193,465.32,286.0,10.51,0.26,1,180.0,4.1,Standard
CUST_07194,621.49,424.0,10.85,8.14,1,68.0,5.2,International
CUST_07195,823.94,232.0,120.22,1.1,0,90.0,1.2,Data Plan
CUST_07196,292.89,115.0,5.57,0.42,3,99.0,1.3,Basic
CUST_07197,845.54,125.0,98.83,1.07,0,91.0,0.8,Unlimited
CUST_07198,1346.98,530.0,40.16,2.62,0,92.0,0.3,Premium
CUST_07199,842.84,310.0,18.52,9.33,0,119.0,0.0,Standard
CUST_07200,396.89,334.0,7.92,0.39,0,134.0,5.5,Postpaid
CUST_07201,667.91,42.0,1.86,30.08,1,38.0,2.0,Data Plan
CUST_07202,147.28,96.0,1.79,0.13,0,60.0,0.7,Prepaid
CUST_07203,165.42,123.0,1.95,0.12,0,69.0,0.0,Prepaid
CUST_07204,613.94,185.0,87.14,1.2,1,108.0,0.3,Data Plan
CUST_07205,826.34,171.0,73.11,0.88,0,74.0,0.3,Unlimited
CUST_07206,1190.1,191.0,92.86,0.7,0,78.0,0.8,Data Plan
CUST_07207,325.22,135.0,10.61,0.62,5,131.0,3.5,Basic
CUST_07208,393.32,386.0,11.36,0.09,0,230.0,1.6,Standard
CUST_07209,976.58,359.0,15.36,5.58,0,107.0,5.6,Standard
CUST_07210,382.49,260.0,9.94,0.26,0,183.0,2.4,Standard
CUST_07211,989.17,230.0,78.74,0.96,0,58.0,0.2,Data Plan
CUST_07212,115.25,76.0,2.82,0.07,1,26.0,0.7,Basic
CUST_07213,152.31,107.0,2.13,0.14,0,96.0,1.6,Prepaid
CUST_07214,1253.88,488.0,43.84,0.79,0,105.0,0.9,Premium
CUST_07215,124.5,95.0,2.46,0.09,0,60.0,1.0,Prepaid
CUST_07216,773.21,267.0,78.95,1.06,0,77.0,0.0,Unlimited
CUST_07217,774.95,484.0,46.13,2.4,0,268.0,0.7,Unlimited
CUST_07218,360.22,229.0,10.24,0.44,1,140.0,5.6,Basic
CUST_07219,390.48,314.0,13.11,0.56,4,164.0,0.5,Basic
CUST_07220,719.76,234.0,77.51,1.24,1,76.0,1.1,Data Plan
CUST_07221,811.43,175.0,44.94,0.95,1,79.0,2.1,Data Plan
CUST_07222,1104.54,648.0,39.46,1.4,0,140.0,0.7,Unlimited
CUST_07223,251.67,232.0,15.16,0.41,3,91.0,32.9,Basic
CUST_07224,826.74,275.0,84.88,1.01,0,51.0,4.1,Data Plan
CUST_07225,947.0,622.0,52.31,1.73,0,166.0,0.4,Unlimited
CUST_07226,675.45,195.0,94.58,1.18,0,70.0,1.6,Data Plan
CUST_07227,1000.17,118.0,71.7,1.07,0,79.0,1.8,Data Plan
CUST_07228,843.97,508.0,39.09,2.9,0,253.0,,Premium
CUST_07229,409.58,275.0,9.24,0.34,1,122.0,8.4,Postpaid
CUST_07230,155.54,65.0,2.4,0.01,0,46.0,2.9,Basic
CUST_07231,142.42,117.0,1.97,0.07,0,80.0,1.2,Prepaid
CUST_07232,509.22,272.0,11.06,0.23,0,191.0,7.1,Postpaid
CUST_07233,697.36,351.0,21.51,11.05,2,162.0,7.8,Standard
CUST_07234,456.79,215.0,3.43,0.53,2,121.0,11.0,Basic
CUST_07235,571.16,504.0,16.87,8.01,0,41.0,1.5,Standard
CUST_07236,428.71,378.0,7.38,0.37,1,88.0,0.0,Postpaid
CUST_07237,1327.19,588.0,56.81,2.49,0,209.0,0.3,Unlimited
CUST_07238,285.33,20.0,1.5,42.26,2,202.0,20.6,Standard
CUST_07239,376.92,349.0,13.74,0.35,0,93.0,2.3,Postpaid
CUST_07240,913.18,183.0,79.87,0.34,0,83.0,0.0,Data Plan
CUST_07241,370.21,335.0,10.78,0.26,0,151.0,1.8,Standard
CUST_07242,694.51,461.0,13.82,9.49,1,67.0,10.1,International
CUST_07243,357.17,179.0,7.68,0.77,1,112.0,1.5,Standard
CUST_07244,296.41,210.0,8.15,0.15,0,133.0,0.1,Postpaid
CUST_07245,135.75,78.0,2.08,0.13,0,59.0,0.3,Basic
CUST_07246,79.11,131.0,2.56,0.17,0,75.0,0.6,Basic
CUST_07247,818.14,236.0,71.46,0.92,1,73.0,0.8,Data Plan
CUST_07248,116.41,74.0,1.94,0.0,0,60.0,0.8,Basic
CUST_07249,452.85,201.0,7.42,0.54,1,71.0,2.6,Basic
CUST_07250,129.0,98.0,2.71,0.06,0,41.0,0.3,Basic
CUST_07251,320.73,155.0,7.78,0.77,3,100.0,14.4,Basic
CUST_07252,335.37,272.0,8.32,0.27,0,179.0,0.5,Standard
CUST_07253,182.75,116.0,2.02,0.14,1,63.0,0.3,Basic
CUST_07254,419.8,294.0,4.82,0.36,0,152.0,0.9,Standard
CUST_07255,1443.03,714.0,38.67,1.99,0,229.0,0.0,Premium
CUST_07256,201.98,65.0,2.25,0.12,0,43.0,1.9,Basic
CUST_07257,334.51,191.0,8.69,0.34,1,167.0,7.0,Standard
CUST_07258,1259.52,595.0,62.96,2.18,0,104.0,0.9,Unlimited
CUST_07259,754.07,391.0,13.33,5.58,1,107.0,6.7,International
CUST_07260,376.65,195.0,11.23,0.44,1,142.0,0.1,Postpaid
CUST_07261,911.3,451.0,11.07,8.6,0,162.0,1.1,International
CUST_07262,964.9,373.0,16.55,7.37,1,140.0,13.6,International
CUST_07263,994.44,520.0,58.22,1.28,0,182.0,0.2,Premium
CUST_07264,432.49,294.0,7.87,0.34,1,141.0,1.8,Standard
CUST_07265,407.32,276.0,9.79,0.19,0,140.0,4.8,Postpaid
CUST_07266,1081.9,39.0,1.37,39.2,1,191.0,0.6,Unlimited
CUST_07267,147.51,92.0,1.66,0.15,0,30.0,1.3,Basic
CUST_07268,796.87,280.0,18.08,9.11,2,97.0,2.2,Standard
CUST_07269,519.55,221.0,7.9,0.39,0,106.0,0.2,Postpaid
CUST_07270,967.55,297.0,17.19,6.84,1,96.0,4.4,International
CUST_07271,417.6,257.0,8.28,0.17,1,161.0,0.3,Postpaid
CUST_07272,352.45,311.0,8.79,0.3,5,122.0,5.1,Basic
CUST_07273,290.24,305.0,9.06,0.37,0,146.0,2.6,Standard
CUST_07274,138.76,62.0,1.52,,0,63.0,1.3,Basic
CUST_07275,888.73,506.0,13.87,8.44,0,110.0,1.9,International
CUST_07276,818.62,333.0,18.41,7.09,1,128.0,1.0,International
CUST_07277,158.4,95.0,2.72,0.04,0,45.0,0.1,Prepaid
CUST_07278,785.8,504.0,20.95,10.74,1,133.0,1.7,International
CUST_07279,4367.99,192.0,82.55,23.98,10,75.0,0.1,Unlimited
CUST_07280,473.96,280.0,12.41,0.41,0,194.0,0.1,Standard
CUST_07281,437.16,228.0,8.0,0.16,0,104.0,1.7,Postpaid
CUST_07282,882.28,185.0,71.77,,0,95.0,0.2,Data Plan
CUST_07283,703.95,344.0,14.85,4.07,0,139.0,6.0,International
CUST_07284,394.64,306.0,8.73,0.21,0,123.0,2.2,Standard
CUST_07285,166.83,111.0,2.02,0.03,1,33.0,2.7,Basic
CUST_07286,918.83,218.0,87.18,0.95,0,72.0,2.9,Data Plan
CUST_07287,283.94,327.0,7.6,0.54,4,95.0,1.4,Standard
CUST_07288,163.31,35.0,1.95,0.05,0,55.0,0.5,Basic
CUST_07289,363.02,243.0,12.52,0.39,1,146.0,2.4,Postpaid
CUST_07290,858.82,184.0,46.44,1.24,0,54.0,3.4,Data Plan
CUST_07291,1084.51,725.0,43.0,1.62,1,178.0,0.1,Unlimited
CUST_07292,505.38,309.0,11.56,0.28,0,168.0,3.7,Standard
CUST_07293,696.61,299.0,19.96,6.52,1,68.0,1.1,International
CUST_07294,385.73,339.0,9.41,0.28,0,121.0,0.4,Postpaid
CUST_07295,436.02,344.0,10.42,0.37,1,213.0,0.5,Standard
CUST_07296,1289.83,678.0,40.47,2.68,0,296.0,0.0,Unlimited
CUST_07297,1005.28,268.0,60.3,0.53,1,83.0,1.6,Data Plan
CUST_07298,423.06,181.0,5.1,0.25,2,154.0,2.2,Basic
CUST_07299,1278.96,634.0,47.6,2.28,0,198.0,0.7,Unlimited
CUST_07300,955.89,460.0,46.57,2.21,1,180.0,0.9,Unlimited
CUST_07301,477.12,350.0,11.56,0.17,0,117.0,0.3,Standard
CUST_07302,800.4,389.0,14.06,7.84,1,97.0,1.5,International
CUST_07303,1298.44,662.0,61.58,1.65,0,194.0,0.0,Unlimited
CUST_07304,1540.11,569.0,48.83,2.05,1,132.0,0.2,Unlimited
CUST_07305,787.5,257.0,12.9,11.53,1,79.0,0.3,International
CUST_07306,916.05,229.0,70.47,0.88,0,66.0,0.6,Data Plan
CUST_07307,127.31,86.0,1.98,0.14,1,36.0,0.3,Basic
CUST_07308,519.12,327.0,9.21,0.27,1,191.0,0.0,Standard
CUST_07309,1131.97,703.0,42.18,1.99,0,178.0,0.2,Unlimited
CUST_07310,382.63,221.0,7.13,0.6,1,190.0,7.4,Standard
CUST_07311,216.5,306.0,8.42,0.47,0,177.0,2.5,Postpaid
CUST_07312,173.02,80.0,1.69,0.02,1,35.0,0.0,Basic
CUST_07313,243.49,382.0,6.59,0.26,0,178.0,1.8,Standard
CUST_07314,819.59,316.0,16.16,4.28,0,69.0,1.5,Standard
CUST_07315,940.87,177.0,85.73,0.89,0,120.0,1.7,Data Plan
CUST_07316,1214.65,638.0,39.23,1.43,0,119.0,0.9,Premium
CUST_07317,562.55,415.0,5.43,0.17,0,172.0,4.0,Postpaid
CUST_07318,942.38,194.0,54.11,0.79,0,80.0,3.1,Data Plan
CUST_07319,1247.45,693.0,39.0,1.32,0,205.0,0.6,Premium
CUST_07320,1232.11,628.0,49.93,2.31,2,190.0,1.2,Unlimited
CUST_07321,245.28,310.0,6.79,0.29,1,144.0,3.5,Postpaid
CUST_07322,3415.63,330.0,9.32,,0,100.0,0.2,International
CUST_07323,141.94,68.0,0.78,0.11,0,54.0,2.8,Prepaid
CUST_07324,902.1,349.0,18.19,11.69,1,58.0,1.0,International
CUST_07325,815.73,245.0,71.73,0.82,1,62.0,4.4,Unlimited
CUST_07326,451.88,317.0,9.7,0.28,1,193.0,6.7,Standard
CUST_07327,155.93,133.0,2.37,0.1,0,66.0,0.1,Basic
CUST_07328,184.94,84.0,2.1,0.1,0,42.0,0.7,Basic
CUST_07329,263.05,317.0,6.6,0.54,3,107.0,5.0,Basic
CUST_07330,184.82,100.0,2.8,0.09,2,47.0,0.2,Prepaid
CUST_07331,172.63,88.0,2.15,0.1,0,40.0,0.7,Basic
CUST_07332,346.63,344.0,9.04,0.39,0,161.0,10.7,Postpaid
CUST_07333,979.59,185.0,56.19,1.41,0,89.0,0.5,Data Plan
CUST_07334,897.04,713.0,46.43,2.22,1,225.0,0.1,Unlimited
CUST_07335,285.99,255.0,3.98,0.68,3,75.0,3.2,Standard
CUST_07336,1435.31,583.0,40.68,1.9,1,141.0,1.2,Premium
CUST_07337,799.79,167.0,69.31,1.23,0,74.0,1.5,Data Plan
CUST_07338,1038.27,340.0,16.21,5.49,0,102.0,3.5,International
CUST_07339,526.27,384.0,,0.36,0,125.0,0.7,Standard
CUST_07340,1215.63,189.0,97.62,0.93,0,70.0,1.1,Data Plan
CUST_07341,936.19,602.0,17.63,2.42,0,88.0,3.1,Standard
CUST_07342,405.77,325.0,9.93,0.41,0,149.0,1.3,Standard
CUST_07343,109.94,84.0,2.15,0.1,0,50.0,0.6,Basic
CUST_07344,1063.01,347.0,20.31,9.47,2,58.0,4.5,Standard
CUST_07345,561.1,254.0,10.3,0.25,0,192.0,0.2,Postpaid
CUST_07346,180.03,63.0,1.51,0.17,0,40.0,2.3,Basic
CUST_07347,1142.24,309.0,14.37,7.84,0,119.0,1.0,Standard
CUST_07348,589.0,188.0,11.41,0.81,2,121.0,1.1,Standard
CUST_07349,262.65,305.0,10.02,0.54,0,78.0,1.0,Postpaid
CUST_07350,905.94,323.0,11.67,7.78,0,58.0,1.1,Standard
CUST_07351,772.11,678.0,47.96,1.64,0,200.0,0.4,Unlimited
CUST_07352,837.95,327.0,15.05,8.01,0,104.0,8.4,International
CUST_07353,1516.35,671.0,40.36,1.31,0,214.0,0.2,Premium
CUST_07354,414.19,204.0,6.19,0.42,3,145.0,3.3,Standard
CUST_07355,148.88,119.0,1.65,0.18,0,52.0,0.4,Basic
CUST_07356,712.65,570.0,19.68,12.63,1,133.0,3.0,International
CUST_07357,824.88,132.0,91.31,0.95,1,84.0,0.3,Data Plan
CUST_07358,1573.12,750.0,50.47,1.7,0,225.0,0.2,Unlimited
CUST_07359,412.53,239.0,9.66,0.28,0,114.0,0.5,Postpaid
CUST_07360,996.41,327.0,16.17,10.0,1,100.0,3.3,International
CUST_07361,816.67,173.0,55.82,0.74,0,108.0,3.8,Data Plan
CUST_07362,1539.65,700.0,46.61,2.15,0,153.0,0.1,Premium
CUST_07363,258.37,404.0,9.46,0.34,1,114.0,7.3,Postpaid
CUST_07364,884.53,59.0,68.07,0.91,0,81.0,0.2,Data Plan
CUST_07365,476.56,301.0,13.07,0.19,0,167.0,3.6,Postpaid
CUST_07366,174.24,127.0,1.88,0.02,1,28.0,3.6,Basic
CUST_07367,169.63,116.0,2.03,0.13,1,72.0,0.3,Prepaid
CUST_07368,1562.19,729.0,54.2,1.75,0,255.0,0.5,Unlimited
CUST_07369,289.6,346.0,6.47,0.68,3,179.0,15.6,Basic
CUST_07370,1195.58,809.0,48.97,1.5,0,254.0,0.8,Unlimited
CUST_07371,134.79,87.0,2.51,0.09,0,59.0,0.5,Prepaid
CUST_07372,1061.24,812.0,52.82,2.02,0,205.0,0.3,Premium
CUST_07373,788.32,186.0,71.88,1.14,0,68.0,0.7,Data Plan
CUST_07374,494.11,282.0,12.0,0.18,0,114.0,9.8,Standard
CUST_07375,371.01,150.0,8.83,0.0,4,70.0,4.8,Standard
CUST_07376,835.28,232.0,66.84,0.54,0,43.0,0.3,Unlimited
CUST_07377,1132.63,414.0,61.52,2.45,0,269.0,0.1,Premium
CUST_07378,473.34,276.0,12.84,0.25,1,233.0,0.4,Standard
CUST_07379,157.83,73.0,1.71,0.1,0,28.0,1.5,Basic
CUST_07380,560.58,211.0,2.93,0.47,5,222.0,8.7,Basic
CUST_07381,328.86,104.0,10.03,0.5,3,120.0,3.8,Basic
CUST_07382,1005.87,632.0,42.71,1.82,0,199.0,0.5,Unlimited
CUST_07383,250.1,227.0,2.42,0.51,3,153.0,3.3,Basic
CUST_07384,524.99,347.0,12.26,12.0,0,90.0,7.0,International
CUST_07385,134.02,32.0,0.59,26.31,0,69.0,1.1,Prepaid
CUST_07386,533.79,372.0,13.56,0.21,3,164.0,7.1,Postpaid
CUST_07387,759.06,256.0,61.23,0.52,0,39.0,1.7,Unlimited
CUST_07388,735.73,334.0,,8.66,0,67.0,3.4,Standard
CUST_07389,334.51,296.0,8.81,0.26,1,170.0,1.0,Standard
CUST_07390,314.33,326.0,8.55,0.38,1,132.0,1.1,Standard
CUST_07391,863.31,169.0,79.11,1.11,0,85.0,2.5,Data Plan
CUST_07392,168.92,111.0,2.31,0.09,0,56.0,1.0,Prepaid
CUST_07393,931.23,757.0,44.92,1.92,1,187.0,0.2,Premium
CUST_07394,982.27,180.0,80.17,0.94,2,124.0,1.0,Data Plan
CUST_07395,965.87,577.0,57.23,2.79,1,195.0,0.2,Unlimited
CUST_07396,526.39,249.0,10.22,0.25,1,185.0,1.8,Postpaid
CUST_07397,520.18,372.0,8.69,0.17,0,125.0,0.8,Postpaid
CUST_07398,873.41,358.0,20.46,9.22,0,60.0,1.3,International
CUST_07399,1210.94,553.0,58.53,3.01,0,252.0,1.0,Unlimited
CUST_07400,450.83,271.0,10.75,0.37,1,156.0,3.9,Standard
CUST_07401,955.43,455.0,17.42,6.75,3,50.0,1.9,International
CUST_07402,792.05,356.0,11.72,8.26,1,108.0,1.1,International
CUST_07403,159.81,93.0,2.4,0.21,0,56.0,1.5,Basic
CUST_07404,918.56,145.0,89.82,1.23,0,73.0,3.6,Data Plan
CUST_07405,1223.89,499.0,55.24,1.11,1,267.0,0.1,Premium
CUST_07406,774.4,234.0,113.1,1.21,0,57.0,1.1,Data Plan
CUST_07407,491.41,316.0,11.1,0.5,0,187.0,0.1,Standard
CUST_07408,918.49,164.0,70.95,1.61,2,98.0,0.1,Unlimited
CUST_07409,877.6,449.0,11.81,9.85,2,93.0,0.1,International
CUST_07410,750.13,364.0,14.33,6.3,0,56.0,2.9,International
CUST_07411,1141.64,382.0,18.58,7.6,1,150.0,7.5,International
CUST_07412,434.86,219.0,9.66,0.53,3,114.0,5.6,Basic
CUST_07413,196.65,174.0,11.19,0.36,4,199.0,5.4,Standard
CUST_07414,377.89,349.0,1.01,0.67,6,118.0,0.8,Basic
CUST_07415,828.6,411.0,23.06,6.59,0,88.0,0.8,International
CUST_07416,301.47,310.0,6.63,0.65,1,64.0,5.4,Basic
CUST_07417,2606.9,130.0,47.9,0.84,0,94.0,3.0,Unlimited
CUST_07418,367.86,282.0,7.24,0.45,1,169.0,1.9,Basic
CUST_07419,466.77,46.0,1.86,27.22,0,96.0,3.1,Standard
CUST_07420,1023.47,534.0,48.12,2.47,0,239.0,0.6,Premium
CUST_07421,1050.77,556.0,55.36,2.08,0,187.0,0.5,Premium
CUST_07422,150.74,96.0,1.13,0.09,0,34.0,0.7,Basic
CUST_07423,182.57,91.0,2.62,0.17,0,58.0,0.3,Basic
CUST_07424,449.5,340.0,7.44,0.29,0,157.0,2.5,Standard
CUST_07425,769.85,473.0,11.3,10.55,0,116.0,1.2,Standard
CUST_07426,95.08,89.0,1.32,0.06,0,55.0,2.8,Prepaid
CUST_07427,336.18,160.0,8.68,0.25,3,212.0,1.4,Postpaid
CUST_07428,509.48,235.0,9.21,0.33,3,156.0,3.0,Standard
CUST_07429,441.46,210.0,11.83,0.38,0,158.0,0.1,Standard
CUST_07430,1223.75,483.0,35.5,2.84,0,181.0,1.0,Premium
CUST_07431,185.52,302.0,3.98,0.21,4,78.0,8.3,Basic
CUST_07432,489.69,372.0,11.92,0.32,0,159.0,3.0,Standard
CUST_07433,308.54,387.0,8.56,0.26,1,180.0,2.8,Postpaid
CUST_07434,1086.12,669.0,58.75,2.99,0,212.0,1.2,Unlimited
CUST_07435,872.3,389.0,17.79,8.31,2,94.0,0.7,International
CUST_07436,1064.44,453.0,39.05,1.5,0,163.0,0.5,Premium
CUST_07437,295.61,277.0,10.79,0.53,1,143.0,7.5,Basic
CUST_07438,928.91,269.0,99.52,0.77,1,76.0,0.1,Data Plan
CUST_07439,426.11,284.0,8.79,0.24,0,225.0,0.9,Standard
CUST_07440,208.02,231.0,6.59,0.56,4,99.0,5.4,Basic
CUST_07441,947.76,264.0,100.58,1.28,0,65.0,0.8,Data Plan
CUST_07442,713.77,182.0,93.39,0.6,1,78.0,1.7,Unlimited
CUST_07443,1210.01,284.0,63.21,0.91,0,51.0,0.0,Data Plan
CUST_07444,1013.87,586.0,53.44,2.79,0,265.0,0.1,Unlimited
CUST_07445,158.44,115.0,1.36,0.09,0,38.0,0.2,Prepaid
CUST_07446,384.26,165.0,8.1,0.47,3,141.0,18.6,Basic
CUST_07447,368.5,214.0,7.99,0.47,2,100.0,6.1,Basic
CUST_07448,369.57,246.0,9.7,0.58,5,118.0,24.1,Basic
CUST_07449,139.05,111.0,2.46,0.04,0,46.0,0.8,Prepaid
CUST_07450,845.69,363.0,12.42,7.2,2,88.0,0.9,Standard
CUST_07451,906.27,196.0,48.26,1.06,2,58.0,0.8,Data Plan
CUST_07452,438.17,168.0,6.31,0.44,1,146.0,7.3,Standard
CUST_07453,889.35,134.0,89.87,1.55,2,67.0,0.5,Data Plan
CUST_07454,279.82,274.0,9.07,0.39,4,98.0,3.4,Standard
CUST_07455,722.55,435.0,17.3,4.76,0,97.0,2.8,International
CUST_07456,972.6,181.0,89.49,0.8,0,84.0,2.0,Data Plan
CUST_07457,149.01,99.0,1.7,0.03,0,48.0,0.5,Basic
CUST_07458,396.43,277.0,12.02,0.43,1,152.0,0.4,Standard
CUST_07459,473.26,227.0,7.59,0.19,0,90.0,0.1,Standard
CUST_07460,359.37,188.0,11.9,0.53,2,74.0,7.8,Basic
CUST_07461,136.94,97.0,1.05,0.04,0,31.0,0.3,Basic
CUST_07462,1665.91,632.0,50.56,2.49,1,234.0,0.2,Premium
CUST_07463,1238.94,582.0,58.0,1.77,1,243.0,0.1,Unlimited
CUST_07464,148.52,107.0,1.6,0.07,0,57.0,2.4,Prepaid
CUST_07465,970.72,216.0,65.8,0.02,0,92.0,0.2,Data Plan
CUST_07466,137.54,110.0,1.51,0.11,0,84.0,0.5,Basic
CUST_07467,108.67,76.0,2.06,0.04,2,26.0,0.1,Basic
CUST_07468,5290.21,95.0,1.72,21.65,8,58.0,0.8,Basic
CUST_07469,431.55,308.0,10.37,0.67,1,154.0,0.3,Postpaid
CUST_07470,305.52,183.0,8.49,0.38,0,120.0,3.5,Standard
CUST_07471,283.86,239.0,2.32,0.65,4,220.0,1.2,Basic
CUST_07472,151.39,119.0,2.46,0.11,0,66.0,0.1,Basic
CUST_07473,195.89,112.0,1.73,0.12,0,83.0,1.6,Prepaid
CUST_07474,300.87,277.0,7.74,0.61,3,79.0,11.5,Basic
CUST_07475,197.28,308.0,2.4,0.6,5,127.0,0.1,Basic
CUST_07476,149.44,109.0,2.22,0.1,0,71.0,0.3,Basic
CUST_07477,184.76,112.0,1.87,0.04,0,37.0,1.4,Basic
CUST_07478,1332.31,560.0,44.64,1.2,0,232.0,0.3,Unlimited
CUST_07479,119.56,126.0,2.33,0.07,0,52.0,0.6,Prepaid
CUST_07480,887.66,172.0,90.27,0.9,1,63.0,3.7,Data Plan
CUST_07481,277.17,314.0,5.63,0.43,4,90.0,9.8,Basic
CUST_07482,986.19,629.0,58.9,1.64,2,179.0,0.1,Unlimited
CUST_07483,203.84,77.0,1.49,0.06,2,65.0,1.4,Prepaid
CUST_07484,174.47,134.0,1.69,0.03,0,39.0,0.5,Basic
CUST_07485,1060.81,246.0,72.37,0.7,0,95.0,0.4,Data Plan
CUST_07486,695.81,388.0,16.67,10.92,1,152.0,0.2,Standard
CUST_07487,1180.17,488.0,37.31,1.52,1,235.0,0.1,Premium
CUST_07488,1277.1,26.0,1.65,,0,248.0,0.2,Premium
CUST_07489,1180.01,452.0,52.33,1.74,0,176.0,2.0,Unlimited
CUST_07490,846.05,206.0,72.79,0.39,0,59.0,1.2,Data Plan
CUST_07491,215.29,317.0,9.08,0.14,4,120.0,2.8,Standard
CUST_07492,167.46,206.0,9.8,0.66,1,32.0,,Standard
CUST_07493,3247.49,149.0,7.03,22.04,12,152.0,7.7,Basic
CUST_07494,1135.79,178.0,90.12,1.18,1,76.0,0.9,Data Plan
CUST_07495,499.53,266.0,9.91,0.3,0,96.0,1.0,Postpaid
CUST_07496,174.32,80.0,2.61,0.11,0,24.0,0.3,Basic
CUST_07497,567.8,208.0,8.66,0.15,0,119.0,0.8,Standard
CUST_07498,357.29,379.0,9.65,0.28,0,177.0,1.4,Standard
CUST_07499,613.59,158.0,68.09,0.6,1,106.0,1.3,Unlimited
CUST_07500,993.84,160.0,69.87,1.07,0,100.0,0.2,Unlimited
CUST_07501,486.68,101.0,9.45,1.14,1,86.0,18.0,Basic
CUST_07502,353.12,293.0,9.5,0.38,5,161.0,14.0,Basic
CUST_07503,346.09,363.0,3.6,0.55,4,131.0,5.7,Standard
CUST_07504,935.81,424.0,11.43,10.24,2,92.0,3.7,International
CUST_07505,1079.64,354.0,59.77,2.07,0,131.0,0.8,Unlimited
CUST_07506,387.36,272.0,7.31,0.41,0,168.0,0.9,Standard
CUST_07507,994.89,130.0,88.11,1.12,0,103.0,8.2,Data Plan
CUST_07508,1054.35,168.0,57.56,1.18,0,89.0,0.4,Unlimited
CUST_07509,3637.59,338.0,9.79,4.96,0,75.0,2.5,International
CUST_07510,424.59,342.0,7.8,0.42,6,115.0,1.6,Basic
CUST_07511,711.13,199.0,93.69,1.04,0,109.0,1.5,Unlimited
CUST_07512,843.79,360.0,17.85,7.79,0,57.0,3.8,International
CUST_07513,399.37,260.0,4.2,0.34,0,77.0,1.5,Postpaid
CUST_07514,256.62,306.0,12.84,0.31,1,178.0,1.4,Postpaid
CUST_07515,651.2,225.0,66.03,1.21,0,93.0,1.2,Unlimited
CUST_07516,741.29,223.0,95.69,0.8,1,87.0,1.2,Data Plan
CUST_07517,782.37,733.0,44.31,2.56,0,184.0,0.3,Premium
CUST_07518,973.44,734.0,40.26,1.85,0,190.0,1.0,Premium
CUST_07519,305.14,378.0,7.31,0.66,2,111.0,14.0,Basic
CUST_07520,167.31,66.0,1.95,0.02,0,35.0,0.6,Prepaid
CUST_07521,150.64,90.0,1.3,0.09,0,42.0,0.2,Prepaid
CUST_07522,403.85,183.0,7.73,0.38,0,191.0,4.5,Standard
CUST_07523,522.5,465.0,10.02,6.16,1,132.0,4.0,International
CUST_07524,394.67,301.0,9.87,0.13,1,94.0,1.3,Postpaid
CUST_07525,170.91,86.0,1.96,0.03,1,46.0,0.1,Prepaid
CUST_07526,366.38,300.0,11.28,0.19,1,96.0,0.8,Standard
CUST_07527,325.44,387.0,8.41,0.4,0,167.0,8.1,Standard
CUST_07528,818.55,265.0,19.64,7.07,1,80.0,0.7,International
CUST_07529,886.33,232.0,19.82,9.15,0,157.0,0.6,Standard
CUST_07530,158.4,113.0,2.84,0.12,0,25.0,0.1,Basic
CUST_07531,865.69,142.0,75.54,0.78,0,100.0,1.4,Data Plan
CUST_07532,1238.77,588.0,58.93,2.27,0,162.0,0.2,Premium
CUST_07533,984.25,134.0,64.39,1.29,0,68.0,0.6,Data Plan
CUST_07534,1047.31,495.0,43.41,1.5,0,232.0,0.0,Unlimited
CUST_07535,304.02,341.0,11.07,0.41,2,218.0,3.1,Standard
CUST_07536,836.66,149.0,101.62,0.79,0,56.0,0.6,Unlimited
CUST_07537,1168.66,768.0,49.39,2.31,1,278.0,0.4,Premium
CUST_07538,108.52,109.0,1.4,0.08,0,70.0,0.3,Basic
CUST_07539,1385.47,587.0,67.16,1.42,0,204.0,1.4,Premium
CUST_07540,196.52,148.0,1.77,0.15,1,49.0,0.0,Basic
CUST_07541,414.23,243.0,9.9,0.18,0,175.0,0.8,Standard
CUST_07542,1600.03,583.0,53.41,2.24,0,201.0,1.5,Premium
CUST_07543,797.28,405.0,14.72,6.26,0,110.0,8.1,International
CUST_07544,811.57,229.0,46.92,0.64,2,72.0,3.1,Data Plan
CUST_07545,423.59,213.0,12.26,0.11,0,106.0,0.1,Postpaid
CUST_07546,861.49,249.0,65.56,1.02,1,90.0,1.0,Unlimited
CUST_07547,1302.49,632.0,52.06,2.66,1,208.0,0.0,Unlimited
CUST_07548,1169.99,178.0,74.08,1.19,0,80.0,1.3,Unlimited
CUST_07549,146.56,105.0,2.54,0.14,2,74.0,2.3,Basic
CUST_07550,382.59,274.0,7.52,0.22,1,88.0,1.1,Postpaid
CUST_07551,1166.97,587.0,42.3,1.89,1,305.0,0.9,Premium
CUST_07552,1383.72,477.0,57.28,1.68,0,154.0,2.3,Premium
CUST_07553,1000.88,135.0,78.09,0.78,0,66.0,1.9,Data Plan
CUST_07554,178.7,122.0,2.3,0.1,0,93.0,0.2,Prepaid
CUST_07555,327.57,361.0,11.0,0.37,3,123.0,3.7,Basic
CUST_07556,298.65,283.0,10.64,0.29,0,137.0,1.5,Standard
CUST_07557,459.85,299.0,10.87,0.39,0,157.0,0.9,Standard
CUST_07558,115.69,131.0,1.05,0.14,1,45.0,0.4,Basic
CUST_07559,1235.91,219.0,71.47,1.12,1,45.0,0.8,Data Plan
CUST_07560,162.72,114.0,2.2,0.1,0,59.0,0.8,Basic
CUST_07561,914.6,393.0,51.27,1.97,0,126.0,1.0,Premium
CUST_07562,121.82,100.0,1.74,0.16,0,62.0,1.0,Basic
CUST_07563,777.5,239.0,98.61,0.49,1,39.0,0.4,Data Plan
CUST_07564,16.76,118.0,2.26,0.13,0,79.0,0.5,Basic
CUST_07565,410.67,487.0,13.26,0.23,0,162.0,4.1,Standard
CUST_07566,1134.83,137.0,91.24,1.26,0,102.0,3.0,Data Plan
CUST_07567,159.77,114.0,2.04,0.08,0,56.0,1.1,Basic
CUST_07568,929.93,210.0,69.47,1.29,1,106.0,0.2,Data Plan
CUST_07569,175.6,90.0,1.44,0.1,0,76.0,1.2,Basic
CUST_07570,403.19,303.0,8.4,0.44,0,172.0,2.7,Standard
CUST_07571,128.94,81.0,2.58,0.11,0,64.0,0.5,Basic
CUST_07572,933.28,343.0,23.81,8.91,1,71.0,4.8,International
CUST_07573,380.15,318.0,7.42,0.64,2,147.0,9.0,Basic
CUST_07574,883.26,665.0,50.2,2.87,23,183.0,30.4,Premium
CUST_07575,987.0,242.0,75.91,1.4,0,71.0,1.3,Data Plan
CUST_07576,88.82,75.0,0.88,0.0,0,74.0,1.1,Basic
CUST_07577,318.47,71.0,13.12,0.61,1,106.0,4.7,Basic
CUST_07578,160.03,78.0,1.98,0.06,0,66.0,1.2,Basic
CUST_07579,463.49,378.0,9.71,0.22,0,128.0,0.9,Postpaid
CUST_07580,1194.33,552.0,43.72,1.44,0,241.0,0.7,Premium
CUST_07581,1110.5,591.0,45.82,2.12,0,199.0,0.2,Unlimited
CUST_07582,1419.38,634.0,47.33,1.46,1,321.0,0.5,Premium
CUST_07583,116.11,69.0,2.97,0.0,1,32.0,0.4,Prepaid
CUST_07584,1261.52,510.0,45.1,1.44,0,201.0,0.0,Unlimited
CUST_07585,198.41,57.0,2.2,0.13,0,56.0,0.2,Basic
CUST_07586,1228.18,194.0,79.67,1.49,0,107.0,8.1,Unlimited
CUST_07587,1680.04,750.0,44.04,2.93,2,236.0,0.1,Unlimited
CUST_07588,557.96,375.0,13.01,6.16,1,109.0,2.3,International
CUST_07589,802.73,116.0,91.46,0.66,1,45.0,4.4,Data Plan
CUST_07590,471.57,337.0,8.86,0.29,0,69.0,13.4,Postpaid
CUST_07591,559.38,302.0,9.41,0.19,0,54.0,0.7,Standard
CUST_07592,389.44,297.0,10.43,0.22,1,190.0,1.8,Standard
CUST_07593,482.69,212.0,14.42,0.34,1,149.0,0.6,Postpaid
CUST_07594,503.87,252.0,11.47,,0,103.0,1.7,Postpaid
CUST_07595,738.05,510.0,14.76,11.23,0,146.0,2.3,International
CUST_07596,1128.72,396.0,19.32,5.85,0,84.0,0.2,Standard
CUST_07597,368.96,229.0,5.45,0.38,4,90.0,8.1,Standard
CUST_07598,1053.08,186.0,84.5,1.31,1,52.0,1.2,Data Plan
CUST_07599,476.24,340.0,11.47,0.32,0,98.0,1.3,Standard
CUST_07600,204.03,380.0,12.95,0.33,0,179.0,1.6,Standard
CUST_07601,460.25,234.0,8.88,0.17,1,127.0,1.8,Standard
CUST_07602,260.53,320.0,9.39,0.16,0,134.0,0.6,Standard
CUST_07603,661.23,389.0,16.42,6.63,1,141.0,6.9,Standard
CUST_07604,1211.45,617.0,37.99,1.44,0,192.0,0.6,Unlimited
CUST_07605,700.56,470.0,17.71,9.49,1,96.0,2.7,Standard
CUST_07606,564.7,227.0,4.6,0.09,6,128.0,10.6,Basic
CUST_07607,393.93,333.0,7.55,0.48,0,165.0,0.2,Standard
CUST_07608,915.13,133.0,92.34,1.06,0,72.0,1.1,Data Plan
CUST_07609,358.26,45.0,8.62,0.59,5,166.0,32.3,Basic
CUST_07610,524.09,409.0,10.88,0.25,0,118.0,0.9,Standard
CUST_07611,416.8,440.0,10.48,0.36,0,158.0,0.0,Postpaid
CUST_07612,369.22,402.0,9.67,0.36,0,181.0,0.5,Standard
CUST_07613,403.21,270.0,5.27,0.52,3,107.0,0.1,Standard
CUST_07614,344.79,270.0,6.7,0.49,3,98.0,8.9,Basic
CUST_07615,980.33,640.0,49.55,2.59,0,210.0,0.9,Unlimited
CUST_07616,139.54,130.0,1.5,0.12,1,40.0,1.3,Basic
CUST_07617,424.88,352.0,8.31,0.18,0,99.0,5.0,Postpaid
CUST_07618,1049.12,198.0,51.11,1.6,0,66.0,0.9,Data Plan
CUST_07619,1062.37,417.0,16.91,8.21,1,94.0,0.2,International
CUST_07620,260.15,351.0,11.04,0.29,2,173.0,0.2,Standard
CUST_07621,824.36,461.0,14.29,8.65,1,70.0,5.9,International
CUST_07622,5069.3,306.0,9.27,31.25,13,88.0,2.3,Standard
CUST_07623,1377.15,614.0,50.54,2.94,3,195.0,2.0,Premium
CUST_07624,444.98,296.0,12.62,0.18,1,80.0,3.8,Standard
CUST_07625,292.43,236.0,9.32,0.25,1,83.0,5.7,Standard
CUST_07626,854.34,185.0,91.9,0.82,1,116.0,1.4,Unlimited
CUST_07627,1071.85,248.0,82.26,1.64,0,116.0,3.3,Data Plan
CUST_07628,388.29,275.0,10.01,0.42,2,87.0,2.9,Standard
CUST_07629,151.93,135.0,2.93,0.03,0,25.0,1.1,Prepaid
CUST_07630,129.32,65.0,1.88,0.14,0,38.0,1.9,Basic
CUST_07631,735.16,334.0,14.58,7.37,0,93.0,4.5,International
CUST_07632,208.75,104.0,2.2,0.03,0,56.0,0.8,Prepaid
CUST_07633,148.84,106.0,1.59,0.02,0,62.0,0.3,Prepaid
CUST_07634,1337.85,631.0,37.79,2.29,2,78.0,0.7,Premium
CUST_07635,179.88,111.0,1.57,0.06,0,40.0,0.7,Basic
CUST_07636,399.95,245.0,6.8,0.55,0,88.0,4.2,Postpaid
CUST_07637,112.47,67.0,2.64,0.16,1,33.0,1.9,Basic
CUST_07638,199.0,97.0,2.34,0.17,0,47.0,0.6,Basic
CUST_07639,258.02,313.0,10.3,0.47,6,118.0,1.6,Basic
CUST_07640,476.8,278.0,7.22,0.4,0,89.0,1.6,Postpaid
CUST_07641,366.19,259.0,5.81,0.42,1,179.0,17.0,Standard
CUST_07642,1192.37,552.0,56.71,2.0,0,172.0,0.9,Unlimited
CUST_07643,137.12,48.0,2.01,0.09,0,30.0,0.3,Prepaid
CUST_07644,79.55,264.0,0.0,0.95,4,168.0,4.1,Basic
CUST_07645,375.24,363.0,8.95,0.14,0,161.0,1.9,Standard
CUST_07646,1005.11,275.0,14.59,10.42,1,113.0,0.7,International
CUST_07647,393.98,289.0,9.2,0.86,2,192.0,20.4,Basic
CUST_07648,297.96,328.0,6.81,0.44,4,168.0,5.3,Basic
CUST_07649,389.74,376.0,10.74,0.2,1,143.0,1.6,Standard
CUST_07650,223.78,271.0,8.03,0.39,15,125.0,79.6,Basic
CUST_07651,4171.95,104.0,1.66,26.67,10,43.0,1.2,Prepaid
CUST_07652,989.51,370.0,13.55,9.63,2,103.0,2.0,International
CUST_07653,320.22,376.0,11.79,0.5,1,163.0,1.3,Postpaid
CUST_07654,222.87,328.0,18.1,0.45,3,167.0,0.3,Standard
CUST_07655,184.75,285.0,8.6,0.17,1,93.0,2.6,Standard
CUST_07656,174.41,112.0,2.19,0.13,0,76.0,1.0,Basic
CUST_07657,414.64,298.0,9.15,0.41,1,148.0,1.4,Standard
CUST_07658,307.99,214.0,12.65,0.44,1,162.0,4.3,Postpaid
CUST_07659,1084.33,362.0,13.35,7.25,4,108.0,3.3,International
CUST_07660,365.88,174.0,7.7,0.21,0,120.0,0.3,Standard
CUST_07661,469.85,388.0,10.29,0.2,1,173.0,1.8,Standard
CUST_07662,1001.44,576.0,33.57,2.17,0,139.0,0.1,Premium
CUST_07663,1351.98,618.0,52.07,2.34,0,217.0,0.3,Premium
CUST_07664,450.31,325.0,10.41,0.17,0,165.0,6.5,Standard
CUST_07665,718.83,512.0,17.53,11.05,0,129.0,0.1,Standard
CUST_07666,378.64,251.0,8.57,0.36,0,177.0,2.1,Standard
CUST_07667,957.55,151.0,83.66,1.0,0,96.0,0.6,Data Plan
CUST_07668,1171.96,548.0,56.95,2.4,1,145.0,0.5,Unlimited
CUST_07669,737.01,62.0,59.22,1.23,0,74.0,1.3,Data Plan
CUST_07670,705.02,325.0,13.62,8.77,0,81.0,7.1,Standard
CUST_07671,437.13,300.0,8.72,0.39,0,142.0,0.0,Postpaid
CUST_07672,143.36,111.0,1.61,0.11,0,70.0,0.3,Basic
CUST_07673,362.38,145.0,7.98,0.75,2,64.0,3.4,Standard
CUST_07674,305.64,329.0,10.59,0.14,2,183.0,1.4,Postpaid
CUST_07675,442.05,233.0,6.73,0.62,3,132.0,19.8,Standard
CUST_07676,1303.48,519.0,52.13,1.39,0,139.0,1.0,Premium
CUST_07677,129.88,96.0,1.1,0.06,0,55.0,0.3,Basic
CUST_07678,840.55,257.0,58.21,1.09,0,68.0,1.8,Data Plan
CUST_07679,1173.36,827.0,44.75,1.94,1,200.0,0.8,Premium
CUST_07680,933.45,175.0,66.7,1.22,0,55.0,0.0,Unlimited
CUST_07681,714.2,239.0,65.91,0.93,0,135.0,0.3,Unlimited
CUST_07682,134.58,80.0,2.24,0.0,0,59.0,1.2,Basic
CUST_07683,322.84,227.0,8.66,0.42,8,129.0,14.8,Basic
CUST_07684,126.42,61.0,2.81,0.16,0,36.0,1.2,Basic
CUST_07685,1707.17,396.0,58.28,1.64,1,237.0,0.6,Premium
CUST_07686,255.89,362.0,2.92,0.57,2,75.0,2.3,Basic
CUST_07687,413.76,361.0,9.51,0.37,1,150.0,0.9,Standard
CUST_07688,617.18,178.0,7.4,0.64,3,144.0,3.1,Standard
CUST_07689,195.98,66.0,1.59,0.16,2,66.0,0.0,Basic
CUST_07690,608.64,396.0,13.17,7.48,0,98.0,4.1,International
CUST_07691,1603.02,668.0,55.07,1.88,0,161.0,0.2,Premium
CUST_07692,1333.63,245.0,67.25,0.95,0,89.0,2.0,Unlimited
CUST_07693,240.71,286.0,6.9,0.67,4,113.0,2.2,Standard
CUST_07694,903.57,207.0,53.85,0.71,1,68.0,1.0,Data Plan
CUST_07695,248.24,225.0,8.47,0.78,4,102.0,6.5,Basic
CUST_07696,569.53,323.0,19.71,4.27,0,109.0,8.6,Standard
CUST_07697,1115.14,370.0,59.84,2.92,0,198.0,0.1,Premium
CUST_07698,1322.72,486.0,63.96,2.18,0,248.0,0.1,Unlimited
CUST_07699,289.88,357.0,9.72,0.25,0,150.0,2.5,Standard
CUST_07700,152.03,134.0,1.07,0.22,0,39.0,0.2,Basic
CUST_07701,264.86,305.0,7.67,0.54,3,102.0,1.1,Postpaid
CUST_07702,139.41,22.0,1.18,34.65,0,47.0,2.4,Basic
CUST_07703,15.24,150.0,2.33,0.0,1,43.0,4.2,Basic
CUST_07704,15.67,263.0,10.88,0.54,2,104.0,7.3,Basic
CUST_07705,394.29,291.0,8.7,0.53,1,130.0,5.5,Standard
CUST_07706,129.93,93.0,3.29,0.12,0,62.0,1.1,Basic
CUST_07707,121.94,84.0,1.78,0.18,0,55.0,0.9,Basic
CUST_07708,293.46,288.0,11.47,0.25,0,93.0,2.8,Standard
CUST_07709,394.27,291.0,10.4,0.19,0,114.0,0.5,Postpaid
CUST_07710,470.21,234.0,10.52,0.18,0,181.0,1.0,Postpaid
CUST_07711,208.94,102.0,2.59,0.08,1,38.0,0.6,Basic
CUST_07712,854.67,560.0,55.64,2.24,3,283.0,0.2,Unlimited
CUST_07713,256.37,320.0,10.07,0.33,1,211.0,0.9,Postpaid
CUST_07714,1532.55,426.0,46.1,1.76,0,144.0,0.3,Premium
CUST_07715,400.41,333.0,9.78,0.45,0,77.0,0.8,Standard
CUST_07716,107.45,138.0,2.07,0.16,1,59.0,3.8,Basic
CUST_07717,439.79,402.0,9.79,0.28,1,194.0,0.1,Standard
CUST_07718,197.58,130.0,2.58,0.15,0,49.0,0.2,Basic
CUST_07719,823.41,291.0,15.14,8.43,0,68.0,0.3,International
CUST_07720,1330.67,624.0,39.57,1.79,0,117.0,0.3,Unlimited
CUST_07721,401.41,280.0,6.45,0.17,1,110.0,0.2,Standard
CUST_07722,589.11,500.0,11.98,7.1,1,83.0,7.7,International
CUST_07723,1518.63,710.0,63.28,2.1,0,128.0,0.6,Unlimited
CUST_07724,509.51,319.0,9.19,0.39,0,155.0,1.6,Standard
CUST_07725,389.43,310.0,9.45,0.43,0,128.0,3.8,Standard
CUST_07726,763.87,472.0,14.94,7.1,3,132.0,1.8,International
CUST_07727,381.46,356.0,10.44,0.39,1,196.0,1.1,Standard
CUST_07728,136.7,110.0,1.76,0.04,0,36.0,1.1,Basic
CUST_07729,1075.31,206.0,71.82,1.33,1,52.0,1.6,Data Plan
CUST_07730,443.93,225.0,9.5,,4,58.0,3.5,Basic
CUST_07731,120.64,105.0,2.65,0.07,0,20.0,1.1,Prepaid
CUST_07732,426.26,304.0,13.23,0.29,1,176.0,0.6,Postpaid
CUST_07733,984.16,371.0,8.55,9.02,0,108.0,9.9,Standard
CUST_07734,672.95,41.0,1.13,41.19,0,52.0,0.1,Data Plan
CUST_07735,838.85,458.0,18.33,6.37,0,149.0,0.5,Standard
CUST_07736,800.18,525.0,51.32,2.55,0,263.0,0.2,Premium
CUST_07737,69.09,91.0,1.3,0.13,0,33.0,0.1,Basic
CUST_07738,806.59,477.0,16.83,7.27,0,140.0,16.5,International
CUST_07739,528.32,298.0,9.93,0.52,3,104.0,2.2,Basic
CUST_07740,758.91,114.0,82.04,1.04,2,66.0,0.1,Data Plan
CUST_07741,673.43,369.0,13.99,5.21,0,124.0,3.5,International
CUST_07742,241.73,176.0,6.92,0.63,1,169.0,2.6,Standard
CUST_07743,888.78,427.0,14.46,9.12,2,94.0,1.9,International
CUST_07744,444.14,298.0,9.69,0.31,0,155.0,4.5,Standard
CUST_07745,408.32,260.0,10.39,0.25,4,173.0,3.8,Basic
CUST_07746,404.47,237.0,8.44,0.79,2,140.0,3.2,Basic
CUST_07747,462.07,339.0,11.92,0.33,0,70.0,0.7,Standard
CUST_07748,847.05,199.0,78.61,0.94,1,89.0,3.8,Data Plan
CUST_07749,1324.3,521.0,59.19,1.95,0,220.0,0.3,Unlimited
CUST_07750,563.44,387.0,14.42,0.18,2,213.0,1.0,Postpaid
CUST_07751,493.02,184.0,66.36,1.03,0,53.0,2.5,Data Plan
CUST_07752,1094.09,628.0,35.64,2.96,0,216.0,0.2,Premium
CUST_07753,165.48,127.0,2.35,0.04,0,84.0,0.0,Basic
CUST_07754,874.4,180.0,64.72,1.29,1,78.0,0.6,Data Plan
CUST_07755,364.12,284.0,5.79,0.42,0,189.0,0.1,Standard
CUST_07756,239.86,342.0,9.82,0.28,1,132.0,2.6,Standard
CUST_07757,822.76,338.0,18.34,3.36,1,146.0,4.2,International
CUST_07758,447.33,300.0,6.56,0.14,2,190.0,2.7,Postpaid
CUST_07759,171.39,108.0,2.33,0.11,0,61.0,0.0,Prepaid
CUST_07760,500.68,265.0,10.86,0.22,3,203.0,19.3,Basic
CUST_07761,320.12,255.0,8.87,0.61,3,97.0,6.3,Basic
CUST_07762,431.61,261.0,10.7,0.21,0,165.0,0.0,Postpaid
CUST_07763,1182.85,582.0,38.21,2.67,0,276.0,0.7,Premium
CUST_07764,959.12,281.0,,1.42,0,87.0,2.4,Data Plan
CUST_07765,368.49,239.0,11.21,0.33,1,127.0,1.0,Postpaid
CUST_07766,422.04,347.0,13.53,0.39,0,180.0,2.9,Postpaid
CUST_07767,475.24,298.0,7.66,0.28,0,121.0,1.2,Postpaid
CUST_07768,436.14,318.0,11.65,0.26,2,108.0,3.3,Standard
CUST_07769,617.37,385.0,16.2,7.02,0,133.0,0.6,Standard
CUST_07770,838.11,405.0,12.26,7.39,2,95.0,0.5,International
CUST_07771,1291.79,609.0,42.76,1.45,1,120.0,0.2,Premium
CUST_07772,955.5,635.0,68.26,1.58,0,173.0,0.3,Premium
CUST_07773,805.77,516.0,48.08,1.53,0,253.0,0.1,Premium
CUST_07774,1458.73,532.0,39.7,2.01,0,188.0,0.1,Unlimited
CUST_07775,407.13,475.0,5.41,0.26,0,163.0,1.3,Postpaid
CUST_07776,378.72,294.0,10.68,0.23,1,160.0,1.0,Standard
CUST_07777,202.32,239.0,5.97,0.65,8,72.0,18.3,Basic
CUST_07778,134.94,137.0,2.27,,0,57.0,2.1,Basic
CUST_07779,330.45,334.0,10.06,0.33,3,184.0,2.2,Standard
CUST_07780,1156.87,784.0,41.3,2.61,0,174.0,0.5,Premium
CUST_07781,166.3,175.0,2.54,0.1,0,46.0,1.7,Basic
CUST_07782,130.12,109.0,2.25,0.08,0,66.0,0.0,Prepaid
CUST_07783,1079.18,556.0,49.83,,0,156.0,0.5,Premium
CUST_07784,1035.75,217.0,49.78,1.08,0,94.0,1.3,Data Plan
CUST_07785,350.11,249.0,9.88,0.37,0,191.0,7.2,Standard
CUST_07786,174.53,111.0,2.62,0.06,0,42.0,0.4,Basic
CUST_07787,441.63,286.0,9.91,0.33,1,202.0,4.4,Standard
CUST_07788,882.38,294.0,19.76,,1,112.0,0.3,International
CUST_07789,967.75,217.0,77.45,1.48,0,91.0,0.9,Data Plan
CUST_07790,2803.39,181.0,2.23,0.06,0,42.0,1.0,Prepaid
CUST_07791,155.33,122.0,2.14,0.16,1,39.0,2.1,Prepaid
CUST_07792,925.54,344.0,94.61,1.11,0,104.0,0.7,Data Plan
CUST_07793,392.88,260.0,8.77,0.3,6,144.0,5.5,Standard
CUST_07794,1541.69,663.0,75.92,1.24,0,278.0,0.5,Premium
CUST_07795,1468.6,572.0,45.44,1.48,0,249.0,0.1,Unlimited
CUST_07796,183.8,138.0,2.31,0.08,1,50.0,0.1,Prepaid
CUST_07797,409.32,209.0,12.39,0.05,1,188.0,2.2,Standard
CUST_07798,484.02,340.0,9.58,0.13,0,113.0,0.8,Standard
CUST_07799,3054.43,283.0,9.01,0.46,3,189.0,1.6,Standard
CUST_07800,126.81,131.0,2.11,0.08,0,34.0,0.7,Prepaid
CUST_07801,1237.08,174.0,82.52,0.24,1,102.0,0.6,Data Plan
CUST_07802,488.84,211.0,14.16,0.72,4,86.0,13.6,Basic
CUST_07803,403.71,345.0,13.64,0.25,2,163.0,1.4,Postpaid
CUST_07804,155.5,67.0,3.02,0.1,0,69.0,0.3,Basic
CUST_07805,1061.11,201.0,88.21,0.72,1,82.0,2.9,Data Plan
CUST_07806,343.71,257.0,7.52,0.28,1,210.0,2.6,Standard
CUST_07807,636.98,220.0,93.72,0.63,0,65.0,1.9,Data Plan
CUST_07808,147.66,110.0,2.05,0.08,0,64.0,1.0,Prepaid
CUST_07809,740.31,298.0,15.5,7.42,1,121.0,4.0,International
CUST_07810,191.66,274.0,7.84,0.6,4,76.0,1.6,Basic
CUST_07811,192.33,112.0,2.02,0.09,0,47.0,0.4,Prepaid
CUST_07812,439.07,310.0,8.42,0.4,0,91.0,10.4,Standard
CUST_07813,155.9,87.0,1.94,0.12,0,61.0,1.1,Prepaid
CUST_07814,636.06,229.0,12.4,0.19,0,161.0,0.3,Postpaid
CUST_07815,629.11,375.0,13.13,8.77,2,95.0,1.8,International
CUST_07816,618.36,196.0,72.37,0.92,22,77.0,42.0,Data Plan
CUST_07817,423.91,396.0,7.57,0.29,0,198.0,1.6,Postpaid
CUST_07818,1028.91,233.0,80.0,0.98,0,86.0,0.7,Data Plan
CUST_07819,125.18,110.0,2.34,0.03,0,56.0,0.6,Prepaid
CUST_07820,371.14,343.0,9.48,0.31,0,128.0,1.1,Postpaid
CUST_07821,459.96,231.0,7.07,0.26,1,148.0,5.4,Basic
CUST_07822,151.02,111.0,1.7,0.09,0,44.0,2.3,Basic
CUST_07823,206.7,183.0,8.44,0.41,2,65.0,1.7,Basic
CUST_07824,278.52,293.0,12.72,0.51,5,130.0,20.2,Standard
CUST_07825,869.65,388.0,15.06,1.47,1,54.0,2.0,International
CUST_07826,1146.46,524.0,57.74,2.6,0,255.0,0.7,Unlimited
CUST_07827,265.3,256.0,11.24,0.23,2,206.0,4.2,Postpaid
CUST_07828,109.3,105.0,1.81,0.17,0,78.0,0.3,Basic
CUST_07829,700.46,332.0,12.25,9.73,1,107.0,6.3,International
CUST_07830,1446.03,517.0,46.3,2.51,0,250.0,0.1,Premium
CUST_07831,473.73,250.0,8.86,0.31,0,99.0,2.9,Postpaid
CUST_07832,247.98,192.0,8.82,0.23,1,92.0,1.2,Standard
CUST_07833,355.57,223.0,11.07,0.32,0,200.0,2.1,Standard
CUST_07834,782.39,242.0,78.12,1.81,0,85.0,0.5,Data Plan
CUST_07835,168.97,96.0,2.32,0.0,0,70.0,0.4,Basic
CUST_07836,1024.79,29.0,0.98,23.79,0,254.0,0.0,Premium
CUST_07837,1119.58,185.0,80.21,1.34,0,32.0,2.7,Unlimited
CUST_07838,332.52,253.0,,0.57,0,190.0,0.7,Standard
CUST_07839,176.13,77.0,1.55,0.09,0,53.0,0.1,Basic
CUST_07840,829.24,408.0,11.87,9.53,1,80.0,1.7,International
CUST_07841,518.98,394.0,10.39,0.4,0,133.0,1.8,Standard
CUST_07842,1210.33,474.0,61.79,1.65,0,254.0,0.4,Premium
CUST_07843,1060.69,552.0,63.77,2.3,0,259.0,0.1,Premium
CUST_07844,904.59,203.0,96.38,1.08,0,75.0,4.5,Data Plan
CUST_07845,1118.49,516.0,58.29,2.33,1,186.0,0.1,Premium
CUST_07846,198.46,98.0,1.34,0.06,0,69.0,1.8,Prepaid
CUST_07847,374.07,289.0,7.45,0.47,1,73.0,1.5,Basic
CUST_07848,137.96,138.0,3.05,0.19,0,79.0,0.8,Basic
CUST_07849,493.43,169.0,11.45,0.14,2,102.0,0.7,Standard
CUST_07850,809.97,199.0,111.95,1.39,0,102.0,4.0,Data Plan
CUST_07851,408.41,295.0,11.65,0.37,0,204.0,0.7,Standard
CUST_07852,1056.04,259.0,74.66,1.12,2,93.0,1.2,Data Plan
CUST_07853,110.39,79.0,1.95,0.08,0,90.0,0.9,Basic
CUST_07854,175.22,96.0,1.13,0.1,0,62.0,0.0,Prepaid
CUST_07855,351.18,254.0,8.72,0.26,0,163.0,0.4,Postpaid
CUST_07856,968.21,205.0,82.71,0.99,1,62.0,0.9,Data Plan
CUST_07857,291.24,274.0,7.09,0.75,1,92.0,11.4,Basic
CUST_07858,145.73,121.0,1.81,0.12,1,51.0,0.7,Basic
CUST_07859,1083.2,208.0,91.07,1.12,1,90.0,3.5,Data Plan
CUST_07860,298.8,210.0,6.27,0.52,1,133.0,8.5,Basic
CUST_07861,464.15,429.0,12.21,0.37,0,242.0,0.2,Standard
CUST_07862,1094.81,449.0,13.06,6.95,1,74.0,1.1,International
CUST_07863,295.36,255.0,7.97,0.0,0,216.0,1.6,Standard
CUST_07864,464.87,414.0,10.22,0.42,1,133.0,0.7,Standard
CUST_07865,454.17,353.0,11.5,0.14,0,177.0,0.6,Postpaid
CUST_07866,1551.62,659.0,68.28,1.23,0,304.0,0.2,Unlimited
CUST_07867,99.94,84.0,2.63,0.07,0,32.0,0.8,Basic
CUST_07868,1074.18,220.0,64.2,1.12,1,92.0,5.9,Data Plan
CUST_07869,892.84,358.0,18.68,6.76,1,109.0,0.7,Standard
CUST_07870,870.71,313.0,14.01,12.47,0,102.0,2.0,International
CUST_07871,1035.02,237.0,110.35,1.35,1,89.0,1.7,Unlimited
CUST_07872,974.58,100.0,80.77,1.05,0,96.0,1.2,Data Plan
CUST_07873,698.8,358.0,12.28,6.81,0,59.0,1.1,Standard
CUST_07874,424.08,238.0,5.53,0.48,1,56.0,18.4,Basic
CUST_07875,517.95,274.0,7.27,0.46,6,160.0,2.3,Standard
CUST_07876,132.88,87.0,3.17,0.18,0,79.0,0.2,Basic
CUST_07877,398.21,432.0,11.1,0.39,0,238.0,1.6,Standard
CUST_07878,856.12,180.0,71.51,1.15,0,69.0,2.2,Data Plan
CUST_07879,152.75,97.0,1.81,0.03,0,40.0,0.9,Basic
CUST_07880,817.89,448.0,19.8,8.45,1,77.0,0.7,International
CUST_07881,330.92,257.0,12.11,0.45,2,152.0,5.9,Standard
CUST_07882,604.42,211.0,9.14,0.76,5,65.0,4.3,Standard
CUST_07883,371.26,337.0,,0.23,0,197.0,0.3,Standard
CUST_07884,887.62,198.0,87.2,0.94,0,107.0,0.2,Data Plan
CUST_07885,1063.4,137.0,80.05,1.06,0,53.0,4.7,Data Plan
CUST_07886,685.14,229.0,73.52,1.06,0,47.0,1.6,Unlimited
CUST_07887,148.87,109.0,2.04,0.0,0,52.0,0.8,Basic
CUST_07888,321.93,226.0,13.6,0.51,17,149.0,85.4,Basic
CUST_07889,147.9,89.0,0.95,0.05,0,59.0,1.1,Basic
CUST_07890,420.43,288.0,9.3,0.5,1,134.0,0.0,Standard
CUST_07891,305.88,332.0,9.14,0.39,0,147.0,4.4,Postpaid
CUST_07892,334.88,364.0,,0.36,1,179.0,5.9,Postpaid
CUST_07893,227.31,227.0,9.18,0.43,1,97.0,8.4,Standard
CUST_07894,876.12,533.0,16.35,8.82,0,103.0,2.6,International
CUST_07895,1108.63,201.0,72.13,1.26,0,55.0,0.4,Data Plan
CUST_07896,784.2,221.0,83.05,0.92,0,58.0,1.9,Data Plan
CUST_07897,657.28,306.0,11.58,0.29,0,136.0,2.9,Standard
CUST_07898,851.88,233.0,95.67,0.84,0,90.0,3.2,Data Plan
CUST_07899,208.5,318.0,6.4,0.07,7,120.0,2.5,Standard
CUST_07900,908.14,502.0,11.21,11.67,2,72.0,1.3,International
CUST_07901,169.36,62.0,1.55,0.07,0,29.0,0.8,Prepaid
CUST_07902,110.39,63.0,2.16,0.02,1,63.0,0.4,Basic
CUST_07903,319.19,274.0,8.71,0.37,1,126.0,3.8,Postpaid
CUST_07904,119.62,93.0,1.76,0.21,0,38.0,1.3,Prepaid
CUST_07905,3211.66,380.0,14.67,26.41,10,101.0,4.0,International
CUST_07906,448.94,316.0,7.95,0.2,0,173.0,1.0,Standard
CUST_07907,307.63,293.0,5.96,0.32,0,106.0,0.3,Standard
CUST_07908,670.76,221.0,12.82,0.12,0,142.0,0.4,Standard
CUST_07909,882.08,519.0,15.31,6.74,0,86.0,2.3,International
CUST_07910,761.76,461.0,15.29,1.58,3,114.0,0.7,International
CUST_07911,322.26,323.0,11.73,0.34,1,205.0,1.0,Standard
CUST_07912,444.16,326.0,12.72,0.15,1,160.0,0.7,Standard
CUST_07913,973.67,351.0,9.12,7.59,0,65.0,0.7,International
CUST_07914,170.2,71.0,1.9,0.03,0,65.0,0.1,Basic
CUST_07915,369.39,375.0,9.96,0.38,2,154.0,1.1,Standard
CUST_07916,899.44,210.0,75.35,1.43,2,82.0,0.5,Data Plan
CUST_07917,455.39,192.0,12.47,0.69,5,152.0,4.7,Basic
CUST_07918,1233.93,422.0,37.61,1.28,0,160.0,0.3,Premium
CUST_07919,391.6,176.0,8.34,0.76,4,127.0,3.0,Basic
CUST_07920,340.72,343.0,8.45,0.24,2,143.0,0.3,Postpaid
CUST_07921,1004.57,206.0,71.64,1.12,0,82.0,0.3,Unlimited
CUST_07922,1511.73,523.0,49.57,2.44,0,168.0,0.7,Premium
CUST_07923,792.46,214.0,76.5,1.19,0,84.0,1.8,Data Plan
CUST_07924,1498.12,32.0,0.83,28.36,0,162.0,0.8,Premium
CUST_07925,956.03,200.0,32.91,0.94,0,78.0,0.5,Data Plan
CUST_07926,1022.92,614.0,56.93,2.3,1,215.0,0.6,Unlimited
CUST_07927,776.43,197.0,60.46,1.45,1,93.0,2.7,Data Plan
CUST_07928,1395.2,552.0,56.58,1.57,0,151.0,0.3,Premium
CUST_07929,416.75,222.0,7.5,0.3,0,229.0,0.5,Postpaid
CUST_07930,756.72,391.0,11.24,7.75,0,127.0,1.6,International
CUST_07931,1076.44,525.0,47.97,1.79,0,194.0,0.2,Unlimited
CUST_07932,237.25,427.0,10.78,0.21,1,147.0,0.5,Postpaid
CUST_07933,627.65,254.0,99.63,1.11,0,82.0,0.6,Unlimited
CUST_07934,860.26,624.0,63.05,1.61,0,160.0,0.6,Premium
CUST_07935,983.46,133.0,62.19,0.56,0,89.0,1.3,Unlimited
CUST_07936,146.63,122.0,1.71,0.04,0,52.0,1.3,Prepaid
CUST_07937,125.38,129.0,1.08,0.02,0,43.0,0.1,Basic
CUST_07938,893.05,159.0,80.86,0.93,0,75.0,0.4,Unlimited
CUST_07939,910.57,156.0,73.58,1.2,0,121.0,1.4,Data Plan
CUST_07940,496.69,291.0,7.96,0.59,3,81.0,7.8,Basic
CUST_07941,17.68,226.0,105.33,1.13,1,64.0,0.1,Data Plan
CUST_07942,851.23,149.0,100.3,0.93,2,115.0,0.1,Data Plan
CUST_07943,406.05,308.0,15.16,0.2,2,106.0,17.1,Basic
CUST_07944,621.87,382.0,12.7,6.22,1,138.0,1.1,Standard
CUST_07945,146.56,115.0,2.45,0.05,0,51.0,1.0,Prepaid
CUST_07946,466.2,416.0,9.41,0.13,1,136.0,0.3,Postpaid
CUST_07947,937.27,498.0,15.32,7.84,15,104.0,54.8,International
CUST_07948,454.81,269.0,9.7,0.28,0,96.0,2.0,Postpaid
CUST_07949,853.19,311.0,11.47,,1,154.0,1.2,International
CUST_07950,161.06,99.0,1.8,0.15,0,47.0,0.0,Basic
CUST_07951,1258.21,466.0,29.89,1.98,0,161.0,0.8,Unlimited
CUST_07952,776.0,379.0,13.67,8.53,0,121.0,12.2,International
CUST_07953,361.75,233.0,5.6,0.63,3,152.0,15.3,Standard
CUST_07954,922.2,339.0,17.23,5.19,0,94.0,3.2,International
CUST_07955,1277.29,205.0,83.02,0.68,1,91.0,1.6,Data Plan
CUST_07956,465.37,112.0,7.83,0.23,5,96.0,4.0,Standard
CUST_07957,1189.64,697.0,58.96,1.74,0,171.0,2.7,Premium
CUST_07958,516.36,171.0,12.49,0.39,0,119.0,0.6,Postpaid
CUST_07959,792.08,510.0,16.73,8.42,1,107.0,4.8,Standard
CUST_07960,374.87,262.0,6.38,0.33,6,134.0,9.4,Standard
CUST_07961,289.73,295.0,4.62,0.69,2,159.0,14.6,Standard
CUST_07962,371.85,412.0,7.73,0.18,0,131.0,3.4,Postpaid
CUST_07963,1322.99,535.0,52.91,2.37,0,319.0,1.9,Unlimited
CUST_07964,1347.74,656.0,58.04,2.51,2,266.0,0.1,Unlimited
CUST_07965,456.59,297.0,9.54,0.39,0,121.0,4.4,Postpaid
CUST_07966,980.25,167.0,88.22,1.0,0,47.0,0.5,Data Plan
CUST_07967,978.31,17.0,1.81,49.62,1,82.0,1.6,International
CUST_07968,142.62,106.0,2.05,0.17,1,50.0,1.3,Basic
CUST_07969,759.63,452.0,11.33,8.07,0,96.0,0.8,Standard
CUST_07970,186.81,99.0,2.66,0.18,0,27.0,0.9,Prepaid
CUST_07971,379.74,361.0,8.82,0.23,2,191.0,0.6,Standard
CUST_07972,687.17,156.0,70.06,1.45,1,31.0,2.1,Unlimited
CUST_07973,871.11,403.0,17.18,11.46,0,102.0,3.2,Standard
CUST_07974,878.87,392.0,12.42,7.81,0,62.0,2.2,Standard
CUST_07975,961.21,369.0,14.36,10.17,3,91.0,7.3,International
CUST_07976,504.45,304.0,5.88,0.44,1,225.0,2.0,Standard
CUST_07977,203.12,111.0,1.87,0.11,1,76.0,0.2,Basic
CUST_07978,1152.96,467.0,39.33,2.33,1,220.0,0.7,Premium
CUST_07979,340.8,253.0,6.28,0.28,7,69.0,1.6,Basic
CUST_07980,422.08,231.0,10.98,0.66,6,156.0,11.1,Standard
CUST_07981,152.65,113.0,1.89,0.06,0,73.0,2.3,Prepaid
CUST_07982,381.54,137.0,7.57,0.49,5,161.0,9.9,Basic
CUST_07983,365.03,182.0,12.02,0.38,3,104.0,5.7,Basic
CUST_07984,496.96,359.0,9.37,0.43,0,180.0,4.4,Postpaid
CUST_07985,833.31,722.0,55.05,1.69,0,197.0,0.1,Premium
CUST_07986,468.54,278.0,11.33,0.31,1,195.0,9.2,Postpaid
CUST_07987,1030.13,92.0,68.14,0.66,1,60.0,0.7,Data Plan
CUST_07988,888.83,220.0,84.71,0.4,2,89.0,3.4,Data Plan
CUST_07989,590.56,385.0,,0.39,0,71.0,0.8,Postpaid
CUST_07990,181.96,52.0,1.86,0.07,0,61.0,0.2,Basic
CUST_07991,171.57,98.0,2.05,0.09,0,51.0,1.4,Basic
CUST_07992,214.72,105.0,1.55,0.08,0,56.0,0.6,Prepaid
CUST_07993,436.05,452.0,5.33,0.18,0,130.0,2.2,Postpaid
CUST_07994,506.76,267.0,16.05,6.92,2,80.0,0.4,Standard
CUST_07995,1079.71,718.0,46.92,2.01,0,176.0,0.8,Premium
CUST_07996,211.88,97.0,1.83,0.17,0,58.0,0.2,Prepaid
CUST_07997,1040.77,763.0,48.36,1.94,0,150.0,0.5,Unlimited
CUST_07998,492.94,189.0,7.8,0.52,3,133.0,0.8,Standard
CUST_07999,96.64,122.0,2.34,0.06,0,60.0,1.0,Prepaid
CUST_08000,722.3,367.0,10.43,9.83,3,92.0,3.3,International
CUST_08001,187.13,102.0,2.47,0.03,1,72.0,2.5,Basic
CUST_08002,375.24,363.0,6.76,0.46,3,104.0,2.5,Basic
CUST_08003,905.0,343.0,15.15,11.52,0,48.0,0.5,International
CUST_08004,135.32,85.0,1.57,0.06,0,54.0,2.3,Prepaid
CUST_08005,311.98,261.0,12.3,0.39,0,159.0,9.6,Standard
CUST_08006,311.98,331.0,8.19,0.36,0,97.0,0.0,Standard
CUST_08007,116.89,113.0,2.01,0.06,0,51.0,0.8,Basic
CUST_08008,1268.17,561.0,38.72,2.47,0,165.0,0.8,Premium
CUST_08009,490.73,262.0,10.82,0.29,1,158.0,0.2,Standard
CUST_08010,1531.74,603.0,45.23,1.99,0,180.0,0.3,Unlimited
CUST_08011,320.63,281.0,10.61,0.3,0,155.0,1.4,Postpaid
CUST_08012,491.57,242.0,8.62,0.16,1,193.0,2.2,Postpaid
CUST_08013,1082.44,529.0,32.59,2.39,1,174.0,0.3,Premium
CUST_08014,146.79,85.0,1.42,0.04,0,51.0,0.4,Basic
CUST_08015,944.5,519.0,49.47,2.72,2,183.0,0.1,Premium
CUST_08016,990.69,636.0,53.18,2.24,0,164.0,0.4,Premium
CUST_08017,96.81,113.0,2.07,0.03,1,54.0,1.8,Basic
CUST_08018,4387.66,627.0,52.92,31.05,10,151.0,0.6,Unlimited
CUST_08019,163.33,115.0,1.76,0.07,0,54.0,0.2,Basic
CUST_08020,865.44,205.0,74.55,1.21,0,100.0,1.1,Unlimited
CUST_08021,976.72,338.0,11.22,9.74,0,102.0,2.6,International
CUST_08022,936.06,206.0,66.0,1.6,0,65.0,4.7,Data Plan
CUST_08023,699.03,472.0,13.84,6.74,1,124.0,2.9,International
CUST_08024,889.53,246.0,13.02,8.18,0,111.0,3.7,Standard
CUST_08025,130.39,114.0,2.4,0.03,1,40.0,0.6,Basic
CUST_08026,192.48,176.0,4.31,0.74,21,98.0,72.7,Basic
CUST_08027,952.94,674.0,39.26,1.23,0,357.0,0.2,Unlimited
CUST_08028,751.09,315.0,14.21,8.87,1,65.0,3.1,International
CUST_08029,483.04,220.0,10.88,0.51,2,124.0,8.3,Standard
CUST_08030,791.14,273.0,15.49,7.88,0,110.0,1.9,International
CUST_08031,391.56,334.0,9.82,0.1,1,167.0,7.4,Standard
CUST_08032,867.31,159.0,80.09,0.74,0,45.0,0.1,Data Plan
CUST_08033,358.82,348.0,11.83,0.3,1,93.0,0.8,Standard
CUST_08034,10.67,238.0,7.4,0.22,0,149.0,0.3,Postpaid
CUST_08035,478.3,214.0,12.94,0.41,0,52.0,0.6,Postpaid
CUST_08036,149.21,98.0,1.26,0.11,0,50.0,1.3,Basic
CUST_08037,799.29,135.0,74.66,1.15,0,64.0,1.4,Data Plan
CUST_08038,381.3,326.0,9.19,0.2,1,228.0,2.2,Standard
CUST_08039,431.57,277.0,13.14,0.2,1,143.0,0.2,Standard
CUST_08040,795.85,566.0,68.63,2.32,0,118.0,0.2,Unlimited
CUST_08041,476.78,233.0,11.72,0.33,2,95.0,6.6,Standard
CUST_08042,923.08,626.0,23.1,1.83,2,299.0,0.2,Unlimited
CUST_08043,557.28,345.0,8.99,0.17,0,116.0,1.1,Postpaid
CUST_08044,164.77,73.0,2.27,0.12,0,80.0,3.7,Prepaid
CUST_08045,165.89,95.0,1.09,0.01,0,59.0,0.1,Basic
CUST_08046,461.35,261.0,10.88,0.15,0,168.0,1.2,Standard
CUST_08047,365.62,327.0,7.62,0.41,3,140.0,4.3,Postpaid
CUST_08048,402.62,273.0,8.49,0.36,0,162.0,2.3,Postpaid
CUST_08049,886.75,135.0,63.45,0.79,0,105.0,0.9,Unlimited
CUST_08050,339.41,292.0,4.31,0.49,1,108.0,4.9,Basic
CUST_08051,407.38,10.0,1.16,20.52,6,89.0,9.0,Basic
CUST_08052,701.32,514.0,13.35,12.02,1,182.0,1.7,International
CUST_08053,339.25,179.0,7.6,0.4,5,177.0,10.5,Basic
CUST_08054,368.03,166.0,9.23,0.26,4,84.0,8.2,Standard
CUST_08055,351.53,272.0,5.13,0.46,3,176.0,15.6,Standard
CUST_08056,608.91,175.0,86.04,0.68,0,54.0,2.5,Data Plan
CUST_08057,176.23,337.0,3.21,,4,106.0,1.6,Basic
CUST_08058,1050.88,493.0,14.25,7.14,0,92.0,11.1,International
CUST_08059,320.42,334.0,7.03,0.38,2,175.0,3.7,Postpaid
CUST_08060,342.83,262.0,7.07,0.44,3,115.0,14.5,Basic
CUST_08061,300.57,237.0,13.31,0.17,0,140.0,1.5,Standard
CUST_08062,419.72,330.0,6.34,0.44,1,112.0,6.8,Basic
CUST_08063,975.47,772.0,33.67,1.28,0,230.0,0.0,Unlimited
CUST_08064,194.3,111.0,2.56,0.04,0,45.0,0.3,Prepaid
CUST_08065,922.56,360.0,17.26,12.68,1,71.0,1.3,International
CUST_08066,148.35,82.0,1.59,0.07,0,79.0,0.3,Prepaid
CUST_08067,312.32,181.0,11.42,0.29,0,162.0,4.9,Postpaid
CUST_08068,837.24,233.0,66.18,1.62,1,110.0,1.6,Data Plan
CUST_08069,402.37,234.0,9.15,0.83,2,144.0,9.9,Standard
CUST_08070,871.87,340.0,14.67,8.83,3,17.0,1.4,International
CUST_08071,155.59,76.0,1.83,0.1,1,33.0,0.5,Basic
CUST_08072,1198.43,681.0,42.99,2.18,1,226.0,1.6,Premium
CUST_08073,876.91,470.0,13.4,5.29,0,94.0,0.8,International
CUST_08074,163.61,137.0,2.23,0.1,0,29.0,1.7,Basic
CUST_08075,721.08,394.0,13.43,12.21,1,133.0,2.6,Standard
CUST_08076,1204.27,666.0,55.22,2.22,1,144.0,1.2,Premium
CUST_08077,831.29,209.0,82.08,1.08,1,70.0,0.6,Data Plan
CUST_08078,586.1,344.0,15.07,0.38,1,162.0,1.8,Standard
CUST_08079,1074.27,275.0,77.42,1.05,1,108.0,0.1,Unlimited
CUST_08080,704.14,306.0,9.99,7.1,1,134.0,3.8,Standard
CUST_08081,870.72,180.0,88.57,0.68,0,71.0,0.7,Data Plan
CUST_08082,158.15,90.0,1.94,0.14,0,88.0,0.1,Basic
CUST_08083,165.39,48.0,1.72,0.06,0,37.0,1.9,Basic
CUST_08084,962.74,522.0,52.46,2.37,1,200.0,0.1,Unlimited
CUST_08085,770.32,220.0,50.0,0.92,0,93.0,0.0,Unlimited
CUST_08086,193.2,201.0,8.45,0.74,5,88.0,2.4,Standard
CUST_08087,914.57,345.0,15.92,10.95,2,56.0,5.7,International
CUST_08088,1204.63,648.0,61.58,2.77,0,131.0,0.0,Premium
CUST_08089,430.03,369.0,11.78,0.46,3,52.0,1.9,Basic
CUST_08090,302.62,276.0,8.54,0.6,1,66.0,10.6,Basic
CUST_08091,286.36,174.0,11.54,0.23,0,144.0,1.7,Postpaid
CUST_08092,927.79,224.0,76.64,0.65,0,134.0,3.0,Unlimited
CUST_08093,1059.6,153.0,76.33,0.69,1,102.0,0.3,Data Plan
CUST_08094,770.73,233.0,14.51,7.58,1,109.0,4.4,International
CUST_08095,343.28,319.0,3.72,0.99,6,142.0,12.6,Basic
CUST_08096,1291.58,594.0,50.26,2.72,0,217.0,0.9,Unlimited
CUST_08097,1068.54,212.0,84.36,1.17,1,101.0,1.2,Data Plan
CUST_08098,387.55,327.0,6.35,0.92,2,166.0,5.6,Standard
CUST_08099,912.76,248.0,56.89,0.88,1,82.0,1.5,Data Plan
CUST_08100,1041.19,150.0,76.52,0.72,0,99.0,3.1,Data Plan
CUST_08101,967.34,407.0,14.39,8.26,0,120.0,2.0,International
CUST_08102,398.76,381.0,15.38,0.43,2,204.0,0.4,Postpaid
CUST_08103,295.26,269.0,10.02,0.31,1,122.0,0.2,Postpaid
CUST_08104,1054.7,186.0,85.48,1.41,1,82.0,1.2,Data Plan
CUST_08105,981.03,245.0,60.13,0.77,2,70.0,0.2,Data Plan
CUST_08106,1304.39,511.0,53.5,3.16,0,198.0,0.6,Premium
CUST_08107,330.86,249.0,9.49,0.27,2,131.0,2.8,Postpaid
CUST_08108,371.55,277.0,5.83,0.32,0,185.0,0.0,Standard
CUST_08109,443.1,284.0,7.19,0.27,0,209.0,0.5,Standard
CUST_08110,117.29,71.0,1.95,0.1,0,34.0,0.0,Basic
CUST_08111,1001.23,649.0,49.89,2.1,1,173.0,0.1,Unlimited
CUST_08112,160.01,101.0,0.91,0.07,0,40.0,0.4,Basic
CUST_08113,339.29,205.0,11.69,0.34,0,69.0,0.0,Postpaid
CUST_08114,474.19,34.0,1.04,36.51,1,151.0,1.2,Postpaid
CUST_08115,158.69,75.0,1.46,0.08,1,26.0,1.3,Basic
CUST_08116,186.95,193.0,12.74,0.43,2,115.0,10.1,Standard
CUST_08117,791.88,274.0,77.7,1.17,0,101.0,3.1,Data Plan
CUST_08118,423.35,300.0,9.04,0.53,4,119.0,0.7,Standard
CUST_08119,175.97,61.0,2.35,0.15,1,47.0,1.9,Basic
CUST_08120,505.7,276.0,9.82,0.73,3,102.0,12.8,Standard
CUST_08121,1314.83,560.0,58.87,2.25,0,167.0,0.9,Unlimited
CUST_08122,554.22,401.0,9.77,0.34,0,58.0,5.9,Standard
CUST_08123,1306.99,178.0,80.98,0.82,0,59.0,0.1,Data Plan
CUST_08124,246.87,263.0,6.26,0.29,7,121.0,4.7,Standard
CUST_08125,168.69,134.0,2.42,0.17,0,54.0,0.3,Prepaid
CUST_08126,155.43,104.0,1.57,0.1,0,48.0,1.3,Basic
CUST_08127,148.21,110.0,1.86,0.14,0,64.0,0.4,Prepaid
CUST_08128,575.94,258.0,10.45,0.17,0,120.0,0.6,Postpaid
CUST_08129,471.13,286.0,7.05,0.11,2,113.0,4.9,Basic
CUST_08130,696.82,220.0,91.08,1.17,0,99.0,3.0,Data Plan
CUST_08131,142.23,96.0,1.92,0.09,0,61.0,0.4,Prepaid
CUST_08132,1112.4,201.0,77.62,0.54,0,84.0,1.4,Data Plan
CUST_08133,182.58,115.0,1.39,0.03,0,0.0,0.8,Prepaid
CUST_08134,781.24,218.0,69.25,0.82,0,79.0,2.0,Data Plan
CUST_08135,1106.38,419.0,41.24,1.73,0,167.0,0.4,Premium
CUST_08136,1144.38,570.0,49.24,2.08,1,178.0,0.9,Premium
CUST_08137,435.24,266.0,9.79,0.22,1,109.0,0.2,Standard
CUST_08138,941.54,202.0,75.87,0.74,0,93.0,1.1,Data Plan
CUST_08139,657.01,259.0,15.29,7.49,1,154.0,1.2,Standard
CUST_08140,904.88,279.0,7.52,6.39,0,54.0,0.8,International
CUST_08141,421.97,249.0,9.63,0.11,3,162.0,4.9,Standard
CUST_08142,125.33,117.0,2.47,0.05,2,36.0,1.9,Prepaid
CUST_08143,351.17,368.0,10.5,0.14,0,156.0,1.8,Standard
CUST_08144,191.25,82.0,1.95,0.07,0,58.0,0.1,Basic
CUST_08145,1007.32,188.0,89.99,0.93,2,85.0,0.1,Data Plan
CUST_08146,225.22,266.0,4.85,0.54,4,192.0,12.0,Standard
CUST_08147,1381.7,523.0,62.19,2.32,0,222.0,0.0,Premium
CUST_08148,1112.73,692.0,41.16,1.56,0,144.0,0.0,Premium
CUST_08149,301.13,223.0,9.66,0.49,2,153.0,0.1,Standard
CUST_08150,502.86,377.0,13.68,0.21,0,147.0,5.9,Standard
CUST_08151,462.32,298.0,13.31,0.44,0,141.0,1.5,Postpaid
CUST_08152,277.29,323.0,9.54,0.11,0,150.0,2.3,Postpaid
CUST_08153,121.22,141.0,1.69,0.12,0,80.0,0.1,Basic
CUST_08154,438.84,277.0,0.0,0.8,1,138.0,1.7,Standard
CUST_08155,396.84,341.0,10.07,0.17,0,129.0,7.5,Standard
CUST_08156,367.42,256.0,9.15,0.31,0,136.0,1.1,Postpaid
CUST_08157,212.26,68.0,2.0,0.14,1,25.0,1.1,Prepaid
CUST_08158,1246.17,529.0,63.4,1.63,0,221.0,0.5,Premium
CUST_08159,1195.46,569.0,62.19,,1,176.0,0.5,Unlimited
CUST_08160,215.13,76.0,2.31,0.23,0,62.0,2.6,Basic
CUST_08161,1080.94,530.0,49.98,2.36,0,279.0,0.0,Unlimited
CUST_08162,1104.47,421.0,19.93,4.97,0,83.0,1.7,International
CUST_08163,750.97,425.0,13.99,7.4,1,56.0,2.4,Standard
CUST_08164,364.47,293.0,7.13,0.28,0,178.0,0.8,Standard
CUST_08165,390.18,268.0,10.74,0.59,1,119.0,9.0,Basic
CUST_08166,165.66,97.0,1.74,0.03,0,45.0,2.7,Prepaid
CUST_08167,91.44,112.0,2.1,0.07,1,35.0,0.6,Basic
CUST_08168,348.61,205.0,11.38,0.53,4,120.0,7.1,Basic
CUST_08169,973.9,201.0,70.26,0.61,2,70.0,1.8,Data Plan
CUST_08170,162.05,128.0,2.6,0.13,1,55.0,0.5,Basic
CUST_08171,1133.56,534.0,43.86,1.99,0,90.0,0.6,Unlimited
CUST_08172,842.75,202.0,92.39,1.04,0,73.0,1.5,Data Plan
CUST_08173,254.99,288.0,5.43,0.26,1,142.0,9.5,Standard
CUST_08174,1195.8,211.0,92.39,0.75,0,64.0,0.8,Unlimited
CUST_08175,992.5,553.0,58.6,2.75,0,159.0,0.1,Unlimited
CUST_08176,150.61,219.0,8.95,0.77,4,122.0,3.2,Basic
CUST_08177,822.8,396.0,16.12,9.06,2,83.0,0.6,International
CUST_08178,325.55,257.0,9.02,0.19,0,76.0,0.2,Standard
CUST_08179,470.45,313.0,7.99,0.43,2,43.0,12.2,Standard
CUST_08180,89.25,100.0,2.72,0.07,0,47.0,0.6,Prepaid
CUST_08181,313.49,149.0,0.0,0.52,3,85.0,1.6,Basic
CUST_08182,895.58,255.0,84.9,0.87,1,100.0,2.5,Data Plan
CUST_08183,437.96,276.0,9.12,0.32,0,138.0,0.4,Standard
CUST_08184,848.85,492.0,17.96,9.72,0,124.0,10.6,International
CUST_08185,3661.73,251.0,79.21,16.21,14,86.0,1.6,Data Plan
CUST_08186,806.8,203.0,87.32,1.38,0,92.0,4.3,Data Plan
CUST_08187,1446.98,638.0,58.7,2.12,0,220.0,0.7,Unlimited
CUST_08188,1065.51,259.0,93.39,1.29,0,62.0,0.5,Data Plan
CUST_08189,373.29,235.0,6.63,0.21,1,213.0,3.2,Postpaid
CUST_08190,396.42,377.0,6.3,0.31,0,154.0,1.8,Standard
CUST_08191,470.38,388.0,10.03,0.34,1,159.0,0.1,Postpaid
CUST_08192,145.26,105.0,2.19,0.08,0,64.0,0.6,Basic
CUST_08193,1198.75,514.0,19.56,8.29,0,120.0,5.9,International
CUST_08194,460.0,350.0,10.03,0.3,0,84.0,0.4,Postpaid
CUST_08195,296.84,300.0,12.15,0.28,1,106.0,3.2,Postpaid
CUST_08196,530.68,264.0,8.48,0.1,5,130.0,3.8,Basic
CUST_08197,304.27,276.0,9.88,0.66,2,151.0,1.2,Basic
CUST_08198,1019.95,171.0,66.35,0.44,1,60.0,0.1,Data Plan
CUST_08199,188.14,221.0,13.4,0.2,0,103.0,1.0,Standard
CUST_08200,546.03,311.0,8.74,0.23,1,140.0,2.5,Postpaid
CUST_08201,533.92,362.0,8.34,0.38,0,189.0,1.2,Postpaid
CUST_08202,290.87,355.0,8.69,0.54,5,110.0,0.5,Basic
CUST_08203,940.36,180.0,81.92,1.18,1,94.0,0.5,Unlimited
CUST_08204,295.89,157.0,5.46,0.32,7,151.0,2.7,Standard
CUST_08205,948.5,213.0,108.2,0.47,0,127.0,0.3,Data Plan
CUST_08206,421.54,402.0,5.22,0.42,7,127.0,6.0,Standard
CUST_08207,101.51,97.0,1.86,0.02,0,33.0,1.2,Basic
CUST_08208,409.44,357.0,8.79,0.32,2,158.0,11.5,Basic
CUST_08209,385.59,376.0,11.06,0.27,0,168.0,2.4,Postpaid
CUST_08210,276.72,367.0,9.63,0.37,3,203.0,2.9,Basic
CUST_08211,435.49,203.0,10.3,0.32,1,43.0,1.7,Standard
CUST_08212,901.86,331.0,87.26,1.33,0,70.0,0.9,Data Plan
CUST_08213,255.99,269.0,12.48,0.37,1,157.0,2.4,Standard
CUST_08214,937.64,266.0,27.01,0.62,0,75.0,3.1,Unlimited
CUST_08215,95.91,78.0,2.59,0.09,0,47.0,1.1,Basic
CUST_08216,202.64,101.0,1.76,0.1,1,59.0,1.6,Basic
CUST_08217,716.16,265.0,85.86,0.65,0,66.0,0.7,Data Plan
CUST_08218,1773.95,717.0,41.87,2.09,0,129.0,0.5,Premium
CUST_08219,1413.07,695.0,36.86,2.15,0,194.0,0.3,Premium
CUST_08220,148.93,102.0,1.23,0.11,1,50.0,1.0,Basic
CUST_08221,12.72,213.0,6.73,0.28,2,118.0,4.7,Standard
CUST_08222,965.47,562.0,46.59,1.56,2,226.0,0.0,Premium
CUST_08223,914.29,331.0,19.39,11.61,0,89.0,8.9,International
CUST_08224,115.61,118.0,1.66,0.0,0,55.0,0.2,Prepaid
CUST_08225,143.89,172.0,1.58,0.08,0,46.0,0.9,Prepaid
CUST_08226,562.8,266.0,11.54,0.67,2,160.0,0.3,Basic
CUST_08227,306.88,237.0,9.42,0.21,2,147.0,2.9,Standard
CUST_08228,706.03,381.0,12.46,10.72,2,65.0,1.3,International
CUST_08229,961.34,303.0,17.0,6.39,0,132.0,0.3,Standard
CUST_08230,387.25,388.0,11.64,0.38,0,194.0,1.2,Standard
CUST_08231,185.72,131.0,1.72,0.05,0,39.0,0.9,Prepaid
CUST_08232,1079.13,139.0,76.21,0.48,0,65.0,2.6,Data Plan
CUST_08233,1029.06,147.0,87.78,1.01,0,82.0,0.7,Data Plan
CUST_08234,1100.44,144.0,66.75,0.74,1,87.0,0.7,Data Plan
CUST_08235,855.7,331.0,21.08,12.12,0,96.0,0.1,Standard
CUST_08236,179.94,82.0,2.51,0.09,0,47.0,1.3,Basic
CUST_08237,480.66,241.0,7.12,0.24,4,120.0,0.1,Basic
CUST_08238,383.96,339.0,9.65,0.37,4,82.0,6.5,Basic
CUST_08239,176.32,102.0,2.03,0.2,0,26.0,1.5,Prepaid
CUST_08240,347.23,374.0,12.09,0.17,0,92.0,0.5,Postpaid
CUST_08241,99.23,107.0,1.23,0.02,0,38.0,3.2,Basic
CUST_08242,103.32,54.0,2.21,0.03,0,52.0,0.7,Basic
CUST_08243,340.45,380.0,6.1,0.2,0,128.0,1.1,Standard
CUST_08244,101.81,150.0,1.58,0.06,0,25.0,0.6,Basic
CUST_08245,309.92,250.0,7.77,0.29,0,170.0,4.2,Postpaid
CUST_08246,1094.0,652.0,48.59,,0,197.0,0.1,Unlimited
CUST_08247,1000.39,281.0,63.5,0.86,0,71.0,1.4,Data Plan
CUST_08248,696.46,518.0,14.78,10.59,4,134.0,2.7,International
CUST_08249,504.05,356.0,8.22,0.57,0,194.0,3.5,Standard
CUST_08250,502.73,265.0,10.28,,3,112.0,6.9,Standard
CUST_08251,466.43,289.0,8.87,0.3,0,94.0,1.0,Standard
CUST_08252,879.98,419.0,17.74,7.51,1,83.0,0.5,International
CUST_08253,802.32,432.0,13.76,9.18,1,68.0,0.3,Standard
CUST_08254,873.35,170.0,56.93,1.16,0,52.0,4.5,Data Plan
CUST_08255,118.05,99.0,1.24,0.05,0,64.0,0.2,Basic
CUST_08256,390.75,318.0,4.19,0.18,0,192.0,0.7,Standard
CUST_08257,152.3,105.0,2.3,0.03,0,51.0,0.0,Basic
CUST_08258,881.47,778.0,61.67,2.34,0,191.0,0.2,Premium
CUST_08259,340.56,123.0,5.52,0.83,2,148.0,14.4,Basic
CUST_08260,1358.75,575.0,50.64,1.91,0,221.0,0.5,Premium
CUST_08261,1161.98,313.0,84.39,0.62,1,105.0,0.0,Data Plan
CUST_08262,996.83,547.0,40.65,2.53,1,199.0,0.2,Premium
CUST_08263,351.84,325.0,11.87,0.16,0,151.0,0.5,Postpaid
CUST_08264,941.84,496.0,16.83,8.65,1,88.0,3.4,International
CUST_08265,129.96,108.0,1.9,0.07,1,48.0,1.1,Basic
CUST_08266,397.66,352.0,4.7,0.68,4,122.0,16.2,Basic
CUST_08267,794.11,316.0,17.38,6.08,0,87.0,0.8,International
CUST_08268,1377.74,683.0,45.46,2.37,0,211.0,0.1,Unlimited
CUST_08269,1524.07,767.0,56.79,2.13,0,243.0,0.2,Premium
CUST_08270,182.28,75.0,2.26,0.11,0,51.0,0.2,Prepaid
CUST_08271,1302.3,552.0,57.12,2.14,2,265.0,0.0,Unlimited
CUST_08272,312.62,129.0,5.03,0.61,3,162.0,3.5,Basic
CUST_08273,960.54,663.0,51.35,,0,166.0,0.0,Premium
CUST_08274,907.9,486.0,16.82,8.14,0,80.0,2.1,International
CUST_08275,190.27,234.0,7.85,0.57,3,209.0,3.6,Basic
CUST_08276,353.49,374.0,11.02,0.32,2,154.0,0.2,Standard
CUST_08277,3397.06,291.0,78.58,0.97,0,87.0,0.8,Data Plan
CUST_08278,326.79,284.0,8.79,0.15,0,199.0,2.2,Standard
CUST_08279,520.36,129.0,18.69,10.99,0,147.0,4.5,Standard
CUST_08280,94.91,92.0,1.39,0.15,0,51.0,2.8,Basic
CUST_08281,820.53,175.0,67.74,0.53,0,86.0,0.2,Data Plan
CUST_08282,334.04,236.0,9.0,0.33,0,109.0,2.9,Standard
CUST_08283,465.81,406.0,9.29,0.4,0,156.0,1.0,Postpaid
CUST_08284,973.08,456.0,12.75,5.8,0,75.0,18.4,International
CUST_08285,780.72,209.0,100.54,0.73,1,76.0,5.7,Unlimited
CUST_08286,792.84,240.0,65.96,1.52,0,91.0,0.7,Data Plan
CUST_08287,935.57,202.0,71.55,1.1,0,50.0,0.5,Unlimited
CUST_08288,943.15,390.0,14.98,7.04,0,83.0,2.6,International
CUST_08289,802.24,228.0,83.86,0.98,1,35.0,1.2,Data Plan
CUST_08290,748.25,405.0,11.55,9.99,0,45.0,2.3,International
CUST_08291,171.27,74.0,2.15,0.08,0,30.0,0.3,Prepaid
CUST_08292,882.83,494.0,11.56,4.89,0,129.0,2.1,Standard
CUST_08293,1361.25,610.0,37.71,1.35,1,150.0,0.1,Unlimited
CUST_08294,156.82,104.0,2.31,0.08,1,27.0,0.5,Prepaid
CUST_08295,891.82,242.0,88.14,0.76,0,93.0,0.8,Data Plan
CUST_08296,890.14,210.0,19.89,7.09,0,132.0,5.8,Standard
CUST_08297,912.21,487.0,15.63,8.32,1,48.0,5.9,International
CUST_08298,999.26,756.0,40.36,1.57,0,163.0,0.7,Unlimited
CUST_08299,516.81,218.0,9.87,0.14,0,155.0,2.2,Standard
CUST_08300,117.97,68.0,1.94,0.1,0,59.0,0.3,Basic
CUST_08301,363.27,144.0,2.99,0.66,0,135.0,9.6,Basic
CUST_08302,445.32,346.0,9.09,0.46,3,110.0,8.2,Basic
CUST_08303,1008.98,184.0,90.1,,0,101.0,0.2,Data Plan
CUST_08304,252.08,264.0,4.78,0.68,5,46.0,0.1,Basic
CUST_08305,435.32,202.0,10.81,0.2,0,223.0,0.6,Standard
CUST_08306,1178.23,600.0,41.91,1.86,0,173.0,0.7,Unlimited
CUST_08307,136.03,81.0,1.3,0.12,0,62.0,0.2,Basic
CUST_08308,1434.53,399.0,51.1,2.33,1,294.0,,Unlimited
CUST_08309,147.05,87.0,1.07,0.05,0,46.0,0.4,Prepaid
CUST_08310,229.61,285.0,9.91,0.31,2,107.0,1.1,Postpaid
CUST_08311,782.99,439.0,14.37,5.72,0,141.0,0.9,International
CUST_08312,929.48,451.0,13.87,6.04,1,152.0,1.7,International
CUST_08313,501.16,331.0,11.65,0.37,0,134.0,3.4,Standard
CUST_08314,694.19,432.0,17.25,9.03,2,105.0,1.8,Standard
CUST_08315,843.16,437.0,17.83,8.66,3,89.0,1.5,Standard
CUST_08316,706.06,198.0,77.12,0.82,1,97.0,0.3,Unlimited
CUST_08317,169.89,104.0,1.7,0.19,0,97.0,1.5,Basic
CUST_08318,864.38,285.0,72.01,1.12,1,72.0,13.3,Data Plan
CUST_08319,344.91,252.0,10.24,0.17,1,139.0,5.4,Standard
CUST_08320,792.99,253.0,90.95,1.38,0,62.0,3.2,Unlimited
CUST_08321,832.55,205.0,71.04,0.5,2,86.0,0.2,Data Plan
CUST_08322,412.63,192.0,10.68,0.38,4,122.0,2.5,Basic
CUST_08323,377.22,230.0,10.15,0.3,0,142.0,1.1,Standard
CUST_08324,485.73,340.0,11.09,0.53,0,113.0,0.0,Postpaid
CUST_08325,134.09,117.0,2.63,0.02,1,38.0,0.4,Basic
CUST_08326,357.37,295.0,4.82,0.5,2,130.0,3.8,Basic
CUST_08327,122.0,104.0,1.85,0.08,0,45.0,0.6,Basic
CUST_08328,369.43,366.0,10.68,0.46,0,103.0,1.0,Standard
CUST_08329,939.76,234.0,75.97,1.48,0,92.0,3.4,Data Plan
CUST_08330,150.96,122.0,1.33,0.12,0,55.0,0.1,Basic
CUST_08331,191.98,52.0,1.79,0.14,0,46.0,0.2,Prepaid
CUST_08332,332.57,190.0,11.57,0.63,4,145.0,10.0,Basic
CUST_08333,243.06,421.0,14.84,0.29,0,214.0,1.0,Standard
CUST_08334,294.38,213.0,10.72,0.11,0,84.0,1.1,Standard
CUST_08335,134.86,115.0,2.36,0.08,0,67.0,,Prepaid
CUST_08336,3094.99,325.0,6.12,32.48,12,156.0,8.4,Standard
CUST_08337,691.83,268.0,81.14,1.21,0,70.0,0.9,Data Plan
CUST_08338,200.61,101.0,2.44,0.12,0,43.0,1.7,Prepaid
CUST_08339,451.34,303.0,9.88,0.3,1,204.0,0.6,Standard
CUST_08340,504.8,300.0,10.54,0.3,2,120.0,0.9,Postpaid
CUST_08341,849.64,295.0,97.36,1.11,1,80.0,1.7,Data Plan
CUST_08342,1284.61,668.0,65.32,1.94,11,262.0,34.2,Premium
CUST_08343,115.83,317.0,3.83,0.34,1,143.0,7.7,Standard
CUST_08344,1209.05,678.0,52.85,2.05,0,155.0,0.5,Premium
CUST_08345,1166.51,182.0,74.43,1.06,0,74.0,2.6,Data Plan
CUST_08346,415.79,224.0,2.47,0.21,3,120.0,0.9,Standard
CUST_08347,107.75,126.0,2.29,0.03,0,59.0,0.9,Basic
CUST_08348,1153.78,39.0,0.87,46.96,0,245.0,0.2,Unlimited
CUST_08349,1018.47,190.0,66.04,1.01,0,101.0,0.2,Data Plan
CUST_08350,249.16,264.0,5.56,0.26,0,185.0,2.0,Postpaid
CUST_08351,313.22,265.0,6.44,0.8,3,105.0,5.6,Basic
CUST_08352,990.45,172.0,76.79,0.98,0,91.0,0.4,Data Plan
CUST_08353,681.05,236.0,74.78,0.91,3,92.0,0.4,Data Plan
CUST_08354,1251.93,672.0,57.62,2.53,0,159.0,0.1,Premium
CUST_08355,427.63,394.0,10.6,0.38,0,153.0,0.3,Standard
CUST_08356,195.1,97.0,1.89,0.03,0,49.0,0.1,Basic
CUST_08357,786.56,204.0,67.36,1.25,0,95.0,11.8,Data Plan
CUST_08358,842.85,133.0,103.25,1.13,1,99.0,4.6,Unlimited
CUST_08359,399.9,250.0,5.67,0.53,3,174.0,5.1,Standard
CUST_08360,642.05,358.0,15.62,9.08,1,113.0,1.5,International
CUST_08361,727.96,450.0,17.86,8.82,1,143.0,0.2,Standard
CUST_08362,968.79,667.0,52.76,1.24,0,167.0,0.2,Premium
CUST_08363,156.72,91.0,1.58,0.19,0,33.0,0.9,Basic
CUST_08364,748.88,189.0,62.0,0.97,1,83.0,0.1,Data Plan
CUST_08365,315.8,125.0,9.05,0.37,2,159.0,22.9,Basic
CUST_08366,924.49,413.0,12.01,11.04,0,54.0,1.2,International
CUST_08367,114.84,174.0,1.19,0.46,5,86.0,8.8,Standard
CUST_08368,953.58,385.0,11.79,6.2,0,107.0,0.5,International
CUST_08369,472.11,256.0,12.78,0.22,0,183.0,0.7,Postpaid
CUST_08370,165.22,47.0,1.39,0.28,1,63.0,1.4,Basic
CUST_08371,184.01,132.0,1.7,0.16,0,42.0,0.5,Prepaid
CUST_08372,1624.07,626.0,76.44,1.13,0,248.0,1.0,Premium
CUST_08373,984.82,398.0,15.37,6.92,1,72.0,3.3,International
CUST_08374,676.27,373.0,15.66,8.66,1,137.0,1.4,International
CUST_08375,178.5,195.0,13.1,0.24,2,122.0,18.3,Standard
CUST_08376,440.59,360.0,8.99,0.43,1,146.0,0.3,Standard
CUST_08377,802.93,381.0,13.76,10.67,0,124.0,3.2,International
CUST_08378,988.86,268.0,15.78,6.53,0,72.0,1.2,Standard
CUST_08379,447.07,255.0,10.5,0.58,2,89.0,9.4,Basic
CUST_08380,702.08,144.0,111.76,0.76,0,68.0,2.5,Data Plan
CUST_08381,157.59,264.0,6.72,0.33,5,152.0,5.2,Basic
CUST_08382,822.97,196.0,83.42,0.83,0,77.0,0.1,Unlimited
CUST_08383,949.29,115.0,84.5,1.0,0,80.0,0.0,Data Plan
CUST_08384,198.85,123.0,2.42,0.05,0,38.0,0.0,Prepaid
CUST_08385,300.87,301.0,5.76,0.24,1,122.0,0.8,Postpaid
CUST_08386,438.19,268.0,11.11,0.3,2,99.0,0.4,Standard
CUST_08387,1043.09,769.0,46.77,2.47,0,217.0,0.0,Unlimited
CUST_08388,216.32,99.0,2.48,0.13,0,35.0,0.4,Prepaid
CUST_08389,761.3,349.0,15.08,6.35,1,93.0,0.1,Standard
CUST_08390,1402.89,494.0,51.43,0.91,0,252.0,0.4,Premium
CUST_08391,458.55,271.0,10.84,0.27,0,140.0,0.9,Postpaid
CUST_08392,166.31,70.0,1.93,0.2,0,54.0,1.3,Basic
CUST_08393,780.44,466.0,15.97,5.87,1,48.0,2.2,International
CUST_08394,169.86,83.0,1.24,0.11,0,51.0,2.0,Basic
CUST_08395,148.8,54.0,1.85,0.1,0,71.0,0.5,Prepaid
CUST_08396,5761.59,284.0,11.91,18.14,13,181.0,1.5,Postpaid
CUST_08397,152.94,81.0,3.12,0.09,0,30.0,0.4,Basic
CUST_08398,169.98,149.0,8.26,0.27,1,64.0,17.2,Basic
CUST_08399,186.39,77.0,1.8,0.17,0,43.0,0.3,Prepaid
CUST_08400,156.72,136.0,1.95,0.09,1,37.0,0.0,Basic
CUST_08401,883.78,209.0,66.11,1.14,0,82.0,0.1,Data Plan
CUST_08402,152.1,108.0,2.01,0.07,0,76.0,0.2,Basic
CUST_08403,163.8,61.0,1.65,0.16,0,32.0,0.1,Basic
CUST_08404,328.78,341.0,10.62,0.11,0,121.0,4.7,Postpaid
CUST_08405,384.97,231.0,6.68,0.24,1,155.0,2.6,Standard
CUST_08406,705.78,418.0,8.1,6.32,0,112.0,1.9,International
CUST_08407,1043.63,246.0,78.89,1.1,0,90.0,1.4,Unlimited
CUST_08408,696.74,410.0,15.96,12.23,1,89.0,0.3,International
CUST_08409,442.04,351.0,9.73,0.36,0,175.0,0.8,Standard
CUST_08410,380.08,187.0,8.56,0.39,0,140.0,0.8,Postpaid
CUST_08411,816.09,470.0,15.73,5.72,1,58.0,2.4,International
CUST_08412,764.47,339.0,15.6,3.81,0,99.0,0.1,International
CUST_08413,83.67,72.0,1.89,0.16,0,82.0,0.7,Basic
CUST_08414,853.88,414.0,15.94,6.44,1,139.0,0.4,Standard
CUST_08415,927.51,393.0,17.8,8.51,0,110.0,0.3,International
CUST_08416,660.88,211.0,82.38,1.61,1,87.0,3.3,Data Plan
CUST_08417,645.56,394.0,15.6,11.14,0,82.0,3.9,Standard
CUST_08418,816.61,192.0,77.39,0.92,1,105.0,7.5,Data Plan
CUST_08419,1041.13,634.0,53.28,2.18,0,216.0,0.2,Premium
CUST_08420,934.99,688.0,37.65,1.68,1,196.0,0.0,Unlimited
CUST_08421,153.92,98.0,2.46,0.12,0,39.0,2.0,Prepaid
CUST_08422,182.83,88.0,2.21,0.12,0,49.0,0.4,Basic
CUST_08423,504.02,380.0,14.74,0.43,0,123.0,0.8,Standard
CUST_08424,596.14,291.0,9.19,0.28,0,179.0,0.2,Standard
CUST_08425,719.83,346.0,17.94,10.38,0,1.0,2.4,International
CUST_08426,785.46,234.0,54.45,1.24,1,94.0,1.8,Unlimited
CUST_08427,785.05,442.0,13.21,11.35,1,121.0,2.3,International
CUST_08428,631.91,248.0,75.97,1.28,0,70.0,3.6,Data Plan
CUST_08429,1257.57,626.0,51.35,2.48,0,137.0,0.4,Unlimited
CUST_08430,437.17,299.0,14.95,0.4,1,168.0,0.9,Postpaid
CUST_08431,413.0,391.0,10.08,0.43,3,118.0,0.7,Postpaid
CUST_08432,276.5,299.0,9.98,0.66,2,113.0,15.0,Basic
CUST_08433,366.38,305.0,6.3,0.3,0,126.0,1.6,Standard
CUST_08434,313.14,281.0,12.26,0.29,1,137.0,2.7,Standard
CUST_08435,406.8,303.0,9.29,0.34,3,77.0,3.5,Basic
CUST_08436,874.89,263.0,82.11,1.45,1,88.0,0.1,Unlimited
CUST_08437,514.38,357.0,9.36,0.29,0,155.0,2.6,Standard
CUST_08438,994.55,591.0,51.05,2.12,0,186.0,0.1,Unlimited
CUST_08439,92.6,77.0,2.1,0.15,0,54.0,1.4,Basic
CUST_08440,690.59,211.0,89.82,1.24,0,51.0,3.0,Unlimited
CUST_08441,182.66,71.0,1.69,0.06,1,66.0,0.3,Basic
CUST_08442,417.17,427.0,12.8,0.45,1,162.0,1.6,Standard
CUST_08443,1051.91,412.0,49.6,1.46,0,182.0,0.3,Premium
CUST_08444,214.6,128.0,2.5,0.09,1,81.0,0.1,Prepaid
CUST_08445,960.43,178.0,109.71,1.47,0,85.0,0.4,Unlimited
CUST_08446,604.51,424.0,17.72,7.53,2,64.0,2.4,International
CUST_08447,95.85,112.0,2.57,0.11,0,69.0,1.4,Basic
CUST_08448,781.04,289.0,16.26,5.36,0,56.0,5.7,International
CUST_08449,497.47,332.0,13.6,0.51,1,197.0,1.5,Postpaid
CUST_08450,315.98,203.0,8.56,0.19,1,131.0,4.9,Basic
CUST_08451,405.58,238.0,14.66,0.3,1,115.0,2.8,Standard
CUST_08452,122.87,72.0,1.72,0.06,0,48.0,0.3,Prepaid
CUST_08453,446.92,238.0,7.64,0.35,1,144.0,0.1,Standard
CUST_08454,1091.73,664.0,45.15,1.69,0,275.0,1.0,Unlimited
CUST_08455,139.04,149.0,1.29,0.1,0,54.0,3.3,Basic
CUST_08456,1425.75,553.0,51.59,2.92,0,263.0,0.4,Premium
CUST_08457,906.64,453.0,10.99,8.46,0,101.0,1.1,International
CUST_08458,1094.82,536.0,42.3,2.01,1,245.0,0.5,Premium
CUST_08459,84.82,107.0,2.43,0.09,0,70.0,2.3,Basic
CUST_08460,922.44,282.0,91.19,1.36,0,99.0,2.7,Data Plan
CUST_08461,183.52,144.0,1.31,0.01,0,37.0,1.7,Basic
CUST_08462,691.5,414.0,10.38,7.6,0,100.0,0.3,Standard
CUST_08463,289.06,315.0,9.82,0.33,2,115.0,2.1,Postpaid
CUST_08464,369.66,339.0,13.11,0.23,0,162.0,0.9,Postpaid
CUST_08465,1107.47,255.0,82.94,1.05,0,75.0,2.3,Unlimited
CUST_08466,114.26,132.0,1.68,0.1,0,44.0,0.3,Basic
CUST_08467,844.79,386.0,15.18,8.52,1,117.0,9.7,International
CUST_08468,175.73,117.0,1.88,0.03,0,45.0,1.5,Basic
CUST_08469,891.01,405.0,14.16,8.91,1,125.0,,International
CUST_08470,804.72,515.0,9.98,10.78,0,36.0,13.8,International
CUST_08471,498.94,414.0,8.41,0.39,1,112.0,1.8,Postpaid
CUST_08472,1280.09,564.0,59.31,2.87,0,209.0,0.4,Unlimited
CUST_08473,133.59,78.0,1.86,0.07,0,49.0,0.1,Prepaid
CUST_08474,623.18,447.0,17.67,9.33,0,89.0,0.1,Standard
CUST_08475,418.02,282.0,8.98,0.34,0,132.0,1.2,Postpaid
CUST_08476,369.91,215.0,10.95,0.35,1,90.0,1.2,Standard
CUST_08477,188.33,115.0,1.68,0.06,0,47.0,1.0,Basic
CUST_08478,1244.57,642.0,66.67,1.64,1,145.0,0.3,Premium
CUST_08479,359.54,404.0,12.34,0.45,0,102.0,3.3,Standard
CUST_08480,141.42,112.0,2.08,0.11,0,65.0,1.6,Basic
CUST_08481,964.71,257.0,64.88,1.34,0,92.0,0.1,Data Plan
CUST_08482,392.3,444.0,7.26,0.36,2,158.0,5.8,Standard
CUST_08483,293.89,257.0,10.23,0.32,0,82.0,4.6,Standard
CUST_08484,146.66,78.0,2.55,0.14,0,54.0,1.1,Basic
CUST_08485,149.36,106.0,1.48,0.02,1,45.0,0.6,Prepaid
CUST_08486,819.33,302.0,14.57,8.14,0,96.0,6.0,International
CUST_08487,331.54,173.0,10.39,0.31,1,121.0,1.0,Standard
CUST_08488,253.09,218.0,6.87,0.43,4,131.0,7.1,Basic
CUST_08489,1131.6,545.0,43.26,2.18,0,152.0,0.3,Premium
CUST_08490,304.08,239.0,9.08,0.29,4,70.0,1.3,Basic
CUST_08491,132.7,97.0,1.91,0.11,0,48.0,1.7,Basic
CUST_08492,191.46,113.0,1.47,0.06,1,52.0,1.4,Prepaid
CUST_08493,143.23,107.0,1.29,0.12,0,74.0,0.1,Prepaid
CUST_08494,125.49,107.0,2.3,0.03,0,43.0,0.6,Basic
CUST_08495,165.41,109.0,0.57,0.11,0,61.0,2.0,Prepaid
CUST_08496,133.39,112.0,1.22,0.07,0,73.0,1.2,Basic
CUST_08497,415.49,198.0,13.7,0.34,1,160.0,1.0,Postpaid
CUST_08498,330.04,278.0,4.45,0.3,3,119.0,0.6,Standard
CUST_08499,429.05,261.0,9.17,0.19,1,167.0,,Standard
CUST_08500,488.12,314.0,9.79,0.4,0,129.0,1.8,Postpaid
CUST_08501,971.04,820.0,64.72,2.43,0,264.0,2.3,Unlimited
CUST_08502,185.03,147.0,2.44,0.12,0,39.0,2.9,Prepaid
CUST_08503,370.82,291.0,6.6,0.38,0,194.0,3.1,Standard
CUST_08504,614.81,358.0,20.28,7.86,1,64.0,1.1,Standard
CUST_08505,533.75,373.0,12.32,0.38,1,101.0,1.2,Standard
CUST_08506,122.42,92.0,1.57,0.13,0,51.0,0.8,Prepaid
CUST_08507,119.64,142.0,1.66,0.06,0,51.0,1.7,Prepaid
CUST_08508,780.72,400.0,12.59,7.45,1,109.0,1.8,International
CUST_08509,1027.17,182.0,86.3,1.45,0,77.0,0.7,Data Plan
CUST_08510,2309.13,174.0,90.17,1.16,2,38.0,1.4,Unlimited
CUST_08511,162.12,141.0,2.12,0.15,0,76.0,1.0,Prepaid
CUST_08512,298.28,385.0,9.29,0.38,2,228.0,4.8,Standard
CUST_08513,120.76,101.0,2.95,0.06,0,51.0,0.2,Basic
CUST_08514,165.4,136.0,1.81,0.1,0,65.0,1.6,Prepaid
CUST_08515,821.41,292.0,17.21,10.57,2,65.0,0.6,International
CUST_08516,373.61,356.0,10.43,0.28,0,179.0,1.6,Postpaid
CUST_08517,155.6,117.0,1.81,0.23,1,63.0,0.3,Basic
CUST_08518,410.57,210.0,11.19,0.0,3,127.0,3.1,Basic
CUST_08519,870.94,375.0,11.56,6.41,0,124.0,6.2,International
CUST_08520,148.46,68.0,1.25,0.1,0,43.0,1.3,Prepaid
CUST_08521,664.41,494.0,19.25,9.22,1,97.0,0.0,International
CUST_08522,145.85,96.0,1.98,0.07,0,63.0,0.6,Basic
CUST_08523,448.2,196.0,7.48,0.41,2,140.0,10.7,Standard
CUST_08524,921.89,322.0,15.72,4.64,1,157.0,1.8,Standard
CUST_08525,270.24,339.0,9.81,0.25,0,139.0,0.6,Postpaid
CUST_08526,1081.56,177.0,74.54,0.55,0,83.0,1.8,Data Plan
CUST_08527,280.09,290.0,8.44,0.41,1,92.0,2.4,Postpaid
CUST_08528,1136.77,200.0,74.57,1.07,0,84.0,0.6,Data Plan
CUST_08529,460.89,281.0,,0.31,1,214.0,0.1,Standard
CUST_08530,169.54,89.0,1.07,0.03,0,51.0,1.1,Basic
CUST_08531,147.77,98.0,1.45,0.14,0,45.0,0.2,Basic
CUST_08532,498.66,309.0,12.55,0.16,0,213.0,1.7,Postpaid
CUST_08533,939.58,197.0,63.05,1.28,1,90.0,1.4,Unlimited
CUST_08534,267.07,331.0,10.04,0.21,0,165.0,0.6,Standard
CUST_08535,1350.86,731.0,63.9,1.92,0,124.0,0.0,Unlimited
CUST_08536,788.76,320.0,14.34,7.0,1,129.0,0.9,International
CUST_08537,223.39,166.0,9.19,0.32,4,129.0,0.7,Standard
CUST_08538,1018.06,149.0,,0.64,2,96.0,2.0,Data Plan
CUST_08539,396.52,210.0,8.9,0.4,9,151.0,5.7,Basic
CUST_08540,462.92,279.0,8.1,0.36,0,72.0,2.5,Postpaid
CUST_08541,468.53,296.0,10.59,0.23,2,195.0,3.8,Standard
CUST_08542,218.12,131.0,2.39,0.02,2,49.0,2.5,Basic
CUST_08543,762.11,184.0,80.28,1.07,1,73.0,9.1,Data Plan
CUST_08544,1135.89,210.0,78.28,0.97,0,54.0,0.2,Unlimited
CUST_08545,148.96,94.0,,0.14,0,48.0,0.7,Basic
CUST_08546,655.01,443.0,16.53,7.71,3,65.0,6.9,Standard
CUST_08547,885.56,138.0,88.64,0.97,0,67.0,1.4,Unlimited
CUST_08548,1128.03,200.0,100.64,0.83,1,79.0,0.3,Data Plan
CUST_08549,930.41,207.0,80.33,0.61,0,48.0,1.9,Data Plan
CUST_08550,101.94,121.0,1.3,0.13,0,29.0,1.3,Basic
CUST_08551,191.87,130.0,1.51,0.08,0,67.0,0.7,Basic
CUST_08552,497.58,210.0,9.08,0.32,2,78.0,1.3,Standard
CUST_08553,101.17,111.0,1.31,0.08,0,54.0,1.6,Prepaid
CUST_08554,385.3,218.0,3.42,0.77,1,179.0,11.3,Basic
CUST_08555,245.09,288.0,4.6,0.15,0,139.0,2.4,Standard
CUST_08556,491.53,348.0,9.32,0.37,1,145.0,10.2,Postpaid
CUST_08557,1037.51,721.0,55.97,2.28,0,140.0,0.9,Premium
CUST_08558,493.46,458.0,8.47,6.6,1,83.0,5.3,International
CUST_08559,163.43,72.0,2.25,0.1,0,45.0,0.4,Prepaid
CUST_08560,575.94,312.0,14.32,4.37,1,127.0,1.3,International
CUST_08561,308.68,294.0,10.13,0.34,2,134.0,2.9,Standard
CUST_08562,131.23,66.0,2.36,0.15,1,57.0,0.4,Prepaid
CUST_08563,457.31,204.0,10.68,0.19,0,233.0,0.8,Postpaid
CUST_08564,315.13,239.0,10.2,0.3,1,148.0,4.8,Standard
CUST_08565,1288.75,584.0,46.37,2.39,1,198.0,0.8,Unlimited
CUST_08566,757.02,288.0,50.17,0.65,0,54.0,1.8,Data Plan
CUST_08567,918.83,402.0,17.41,6.03,1,113.0,6.3,Standard
CUST_08568,1256.52,497.0,54.95,1.87,1,219.0,0.1,Premium
CUST_08569,198.74,127.0,1.81,0.07,0,54.0,0.7,Basic
CUST_08570,491.41,360.0,10.26,0.22,0,196.0,3.9,Postpaid
CUST_08571,1069.28,217.0,94.98,0.88,0,85.0,0.8,Data Plan
CUST_08572,755.95,429.0,9.26,6.79,1,81.0,5.5,International
CUST_08573,816.56,178.0,81.93,0.72,1,104.0,1.6,Data Plan
CUST_08574,156.23,86.0,1.8,0.08,1,51.0,3.0,Prepaid
CUST_08575,473.65,300.0,7.25,0.36,1,167.0,1.2,Postpaid
CUST_08576,120.85,13.0,1.89,28.06,0,63.0,1.3,Prepaid
CUST_08577,308.98,322.0,12.04,0.11,0,160.0,0.5,Postpaid
CUST_08578,25.81,124.0,2.56,0.1,0,62.0,1.2,Basic
CUST_08579,406.3,135.0,4.26,0.74,2,104.0,0.5,Basic
CUST_08580,753.0,517.0,47.75,2.09,0,127.0,0.1,Unlimited
CUST_08581,122.89,104.0,1.5,0.09,0,52.0,1.9,Prepaid
CUST_08582,239.72,244.0,7.7,0.16,0,135.0,9.2,Postpaid
CUST_08583,920.61,398.0,17.53,9.89,0,124.0,0.7,International
CUST_08584,340.46,411.0,13.6,0.31,0,131.0,6.3,Standard
CUST_08585,143.37,72.0,2.1,0.1,0,14.0,1.2,Basic
CUST_08586,360.22,335.0,11.48,0.5,1,117.0,0.4,Postpaid
CUST_08587,445.99,464.0,10.52,0.25,0,138.0,1.1,Standard
CUST_08588,1259.83,572.0,47.08,1.9,0,184.0,0.6,Unlimited
CUST_08589,511.65,289.0,8.64,0.17,1,147.0,0.4,Postpaid
CUST_08590,437.5,345.0,12.07,0.24,1,171.0,0.3,Postpaid
CUST_08591,130.5,105.0,2.6,0.11,0,49.0,3.1,Basic
CUST_08592,796.15,228.0,75.99,0.93,0,95.0,0.7,Unlimited
CUST_08593,177.49,97.0,1.62,0.06,0,56.0,0.1,Basic
CUST_08594,454.79,272.0,10.52,0.2,0,267.0,0.5,Standard
CUST_08595,321.28,302.0,11.44,0.4,0,208.0,6.6,Standard
CUST_08596,110.15,99.0,1.99,0.14,0,40.0,2.4,Basic
CUST_08597,832.78,421.0,13.88,4.06,0,135.0,2.4,Standard
CUST_08598,827.15,294.0,91.58,1.21,0,25.0,0.5,Data Plan
CUST_08599,333.18,310.0,14.72,0.32,0,171.0,0.8,Standard
CUST_08600,396.41,111.0,8.99,0.33,2,120.0,2.9,Basic
CUST_08601,18.12,314.0,6.56,0.69,1,148.0,12.4,Basic
CUST_08602,901.88,184.0,73.2,0.97,0,95.0,0.4,Unlimited
CUST_08603,392.56,283.0,9.13,0.42,1,129.0,1.2,Standard
CUST_08604,1410.21,620.0,51.94,1.44,1,205.0,0.5,Premium
CUST_08605,1135.52,565.0,39.44,1.35,0,265.0,0.1,Unlimited
CUST_08606,1266.77,486.0,57.83,2.01,0,201.0,0.2,Premium
CUST_08607,288.38,163.0,6.6,0.69,3,150.0,7.4,Basic
CUST_08608,142.79,112.0,1.6,0.07,0,46.0,0.9,Basic
CUST_08609,906.72,624.0,43.8,2.06,1,159.0,0.6,Unlimited
CUST_08610,337.22,235.0,8.28,0.42,3,0.0,8.3,Standard
CUST_08611,453.63,272.0,7.76,0.37,0,151.0,1.8,Standard
CUST_08612,4050.87,212.0,16.38,,8,158.0,0.1,Standard
CUST_08613,1068.66,627.0,43.22,1.4,0,210.0,0.4,Unlimited
CUST_08614,135.6,441.0,7.43,0.55,7,141.0,4.0,Basic
CUST_08615,510.08,254.0,8.15,0.26,0,136.0,1.6,Standard
CUST_08616,268.71,294.0,7.06,0.87,2,160.0,3.8,Basic
CUST_08617,200.52,115.0,2.25,0.14,0,66.0,1.4,Basic
CUST_08618,378.9,300.0,6.58,0.74,6,120.0,0.9,Basic
CUST_08619,107.59,149.0,1.59,0.07,0,87.0,0.7,Basic
CUST_08620,722.08,122.0,114.2,0.54,2,74.0,0.4,Data Plan
CUST_08621,416.02,325.0,12.73,9.04,3,102.0,5.2,International
CUST_08622,131.99,71.0,1.52,0.09,0,48.0,1.6,Basic
CUST_08623,1481.53,485.0,58.85,1.67,1,196.0,0.0,Unlimited
CUST_08624,417.39,365.0,10.86,0.32,0,181.0,1.0,Postpaid
CUST_08625,200.29,64.0,1.85,0.03,0,28.0,1.4,Basic
CUST_08626,158.48,122.0,1.69,0.11,0,46.0,1.1,Prepaid
CUST_08627,1339.58,684.0,69.68,2.03,0,202.0,0.8,Unlimited
CUST_08628,1283.23,632.0,35.39,2.41,0,182.0,0.6,Unlimited
CUST_08629,169.06,61.0,2.24,0.17,0,51.0,0.6,Prepaid
CUST_08630,775.69,672.0,35.67,1.1,0,267.0,1.6,Premium
CUST_08631,735.89,155.0,60.02,0.85,1,78.0,1.5,Data Plan
CUST_08632,499.65,377.0,12.04,0.1,1,181.0,2.3,Standard
CUST_08633,185.68,124.0,2.24,0.07,0,47.0,0.4,Basic
CUST_08634,1336.06,562.0,52.82,1.79,1,194.0,0.1,Premium
CUST_08635,160.71,79.0,2.6,0.04,12,41.0,30.2,Basic
CUST_08636,285.79,367.0,10.15,0.3,0,155.0,0.5,Standard
CUST_08637,526.63,335.0,9.11,0.46,1,90.0,0.2,Postpaid
CUST_08638,541.54,345.0,8.92,0.14,0,133.0,5.3,Postpaid
CUST_08639,762.42,145.0,77.6,0.37,1,43.0,1.0,Unlimited
CUST_08640,340.42,313.0,13.71,0.31,1,214.0,1.6,Standard
CUST_08641,1133.14,150.0,70.59,1.09,0,81.0,0.4,Unlimited
CUST_08642,1151.86,640.0,55.07,1.27,0,232.0,0.3,Premium
CUST_08643,412.18,289.0,9.05,0.3,0,194.0,0.1,Postpaid
CUST_08644,135.37,34.0,1.5,0.09,0,53.0,2.1,Basic
CUST_08645,1055.46,247.0,65.63,1.16,0,88.0,1.7,Data Plan
CUST_08646,942.53,411.0,48.99,2.26,0,298.0,0.4,Premium
CUST_08647,270.21,310.0,6.94,0.06,0,174.0,0.4,Standard
CUST_08648,430.7,454.0,9.68,0.32,1,134.0,1.2,Postpaid
CUST_08649,392.02,341.0,6.49,0.18,0,157.0,4.6,Standard
CUST_08650,428.5,380.0,8.07,0.29,0,111.0,0.7,Standard
CUST_08651,146.74,62.0,2.14,0.07,1,51.0,4.6,Basic
CUST_08652,1096.24,358.0,15.63,8.69,0,124.0,1.5,International
CUST_08653,162.29,96.0,1.83,0.06,0,28.0,0.6,Basic
CUST_08654,369.74,278.0,10.0,0.49,1,151.0,0.0,Standard
CUST_08655,373.94,194.0,8.55,0.29,1,146.0,0.4,Postpaid
CUST_08656,271.69,357.0,9.72,0.32,2,87.0,3.6,Standard
CUST_08657,284.63,247.0,5.13,,4,128.0,1.6,Basic
CUST_08658,360.65,241.0,11.03,0.29,1,137.0,1.8,Standard
CUST_08659,191.71,152.0,1.6,0.11,0,42.0,0.8,Prepaid
CUST_08660,322.06,261.0,9.94,0.17,0,173.0,1.7,Standard
CUST_08661,789.36,482.0,12.24,7.19,3,75.0,0.5,International
CUST_08662,62.36,115.0,1.87,0.13,0,74.0,1.7,Basic
CUST_08663,976.76,259.0,99.8,0.99,0,68.0,2.4,Data Plan
CUST_08664,486.57,302.0,8.84,0.39,0,185.0,0.6,Standard
CUST_08665,295.88,347.0,10.14,0.39,0,109.0,1.4,Standard
CUST_08666,140.69,85.0,2.56,0.07,0,63.0,1.3,Basic
CUST_08667,1366.32,457.0,32.73,2.05,0,185.0,0.5,Premium
CUST_08668,1090.71,707.0,61.21,1.8,1,279.0,0.4,Unlimited
CUST_08669,332.64,241.0,10.78,0.38,3,122.0,2.8,Standard
CUST_08670,372.86,154.0,10.94,0.17,0,161.0,0.4,Standard
CUST_08671,384.97,376.0,8.13,0.64,3,115.0,10.4,Basic
CUST_08672,1112.4,642.0,52.11,2.45,0,253.0,0.3,Premium
CUST_08673,160.14,324.0,12.45,0.36,1,208.0,0.4,Standard
CUST_08674,1138.13,673.0,61.78,3.1,0,179.0,0.4,Unlimited
CUST_08675,369.73,210.0,7.22,0.26,0,153.0,0.9,Standard
CUST_08676,136.61,123.0,1.26,0.17,0,53.0,0.1,Basic
CUST_08677,16.98,277.0,8.87,0.82,5,144.0,0.6,Standard
CUST_08678,147.54,76.0,2.16,0.05,0,35.0,6.3,Basic
CUST_08679,801.42,241.0,72.37,0.81,0,50.0,0.5,Data Plan
CUST_08680,1245.5,588.0,53.04,1.78,0,232.0,0.1,Premium
CUST_08681,839.95,134.0,70.77,1.24,0,84.0,1.0,Unlimited
CUST_08682,152.52,228.0,8.29,0.63,1,176.0,4.0,Basic
CUST_08683,150.73,88.0,2.39,0.0,0,34.0,2.3,Prepaid
CUST_08684,161.66,135.0,2.79,0.0,1,73.0,,Basic
CUST_08685,170.34,154.0,1.71,0.15,0,54.0,1.7,Prepaid
CUST_08686,146.82,119.0,0.84,0.17,0,49.0,3.3,Basic
CUST_08687,1117.0,766.0,64.02,1.72,1,170.0,0.3,Premium
CUST_08688,182.0,119.0,,0.04,0,0.0,0.7,Prepaid
CUST_08689,306.12,381.0,9.42,0.57,6,75.0,10.9,Standard
CUST_08690,1240.73,560.0,45.48,2.12,0,215.0,2.4,Premium
CUST_08691,348.51,270.0,8.38,0.79,2,112.0,4.0,Basic
CUST_08692,172.47,282.0,7.67,0.51,3,187.0,5.8,Basic
CUST_08693,1080.63,240.0,,1.04,1,83.0,6.7,Data Plan
CUST_08694,319.96,292.0,11.27,0.31,2,112.0,2.2,Postpaid
CUST_08695,329.45,285.0,4.26,0.7,3,89.0,8.5,Basic
CUST_08696,165.03,79.0,2.2,0.13,0,49.0,1.0,Basic
CUST_08697,389.34,295.0,12.41,0.21,1,93.0,0.3,Postpaid
CUST_08698,150.55,125.0,2.11,0.06,1,60.0,0.2,Basic
CUST_08699,405.86,302.0,12.51,0.39,1,72.0,2.5,Standard
CUST_08700,295.84,247.0,10.57,0.6,2,150.0,3.1,Basic
CUST_08701,140.43,96.0,3.55,0.03,1,37.0,0.6,Prepaid
CUST_08702,465.02,186.0,11.03,0.26,0,154.0,0.0,Standard
CUST_08703,950.13,338.0,15.01,7.72,1,172.0,2.6,International
CUST_08704,119.36,85.0,2.0,0.17,0,45.0,3.9,Basic
CUST_08705,467.59,233.0,8.34,0.29,0,143.0,1.3,Standard
CUST_08706,136.63,99.0,1.97,0.14,1,50.0,1.0,Basic
CUST_08707,297.83,317.0,7.65,0.7,2,158.0,11.0,Standard
CUST_08708,127.4,103.0,0.91,0.14,0,55.0,0.7,Prepaid
CUST_08709,318.91,336.0,9.12,0.25,0,192.0,0.1,Standard
CUST_08710,1250.42,505.0,36.43,2.59,0,250.0,0.1,Unlimited
CUST_08711,364.57,152.0,6.06,0.66,3,144.0,2.9,Basic
CUST_08712,836.19,558.0,34.19,2.38,0,193.0,1.2,Unlimited
CUST_08713,340.96,221.0,8.58,0.08,1,100.0,0.4,Basic
CUST_08714,117.27,103.0,1.67,0.04,0,37.0,1.6,Basic
CUST_08715,474.45,190.0,9.43,0.61,4,69.0,2.5,Basic
CUST_08716,502.31,184.0,8.43,0.5,3,164.0,1.5,Basic
CUST_08717,156.66,98.0,1.63,0.05,0,62.0,0.4,Prepaid
CUST_08718,1187.41,418.0,38.93,2.28,0,110.0,0.7,Unlimited
CUST_08719,715.22,216.0,79.8,0.86,0,74.0,0.3,Unlimited
CUST_08720,360.1,38.0,1.4,29.24,1,134.0,6.4,Standard
CUST_08721,307.78,277.0,4.03,0.47,3,110.0,0.9,Standard
CUST_08722,317.21,365.0,10.32,0.21,0,172.0,0.3,Standard
CUST_08723,429.1,230.0,4.94,0.3,0,163.0,0.3,Standard
CUST_08724,888.28,262.0,62.53,1.21,0,83.0,0.2,Data Plan
CUST_08725,1060.39,195.0,96.41,1.63,0,94.0,0.9,Data Plan
CUST_08726,392.03,274.0,1.58,0.76,1,93.0,14.3,Standard
CUST_08727,412.79,315.0,11.45,0.25,0,229.0,5.0,Postpaid
CUST_08728,173.45,137.0,0.68,0.09,0,68.0,1.1,Prepaid
CUST_08729,3792.57,354.0,20.6,38.69,10,124.0,3.8,Standard
CUST_08730,242.33,268.0,12.8,0.23,0,184.0,0.3,Postpaid
CUST_08731,1071.96,162.0,77.19,1.07,0,80.0,1.1,Data Plan
CUST_08732,223.19,56.0,2.49,0.09,0,28.0,2.4,Basic
CUST_08733,295.04,295.0,9.38,0.29,0,120.0,1.9,Postpaid
CUST_08734,422.99,304.0,14.48,0.35,1,141.0,0.3,Standard
CUST_08735,364.77,272.0,12.35,0.21,1,206.0,7.6,Postpaid
CUST_08736,433.18,432.0,8.16,0.27,0,138.0,0.1,Standard
CUST_08737,95.43,324.0,8.73,0.58,6,130.0,0.5,Basic
CUST_08738,696.74,342.0,59.74,1.51,1,86.0,4.2,Data Plan
CUST_08739,881.13,325.0,10.49,10.88,0,145.0,10.6,International
CUST_08740,268.79,392.0,7.48,0.2,0,73.0,2.1,Postpaid
CUST_08741,200.85,88.0,1.92,0.09,0,53.0,1.0,Basic
CUST_08742,331.01,232.0,10.03,0.24,0,63.0,4.4,Postpaid
CUST_08743,106.92,88.0,1.74,0.14,0,71.0,1.0,Prepaid
CUST_08744,269.15,412.0,8.53,0.31,2,201.0,10.0,Standard
CUST_08745,437.95,261.0,9.5,0.32,0,151.0,4.3,Standard
CUST_08746,995.22,266.0,83.67,0.63,1,60.0,0.3,Data Plan
CUST_08747,425.7,329.0,8.15,0.35,0,89.0,0.2,Postpaid
CUST_08748,354.98,281.0,9.49,0.23,1,114.0,1.2,Standard
CUST_08749,126.09,111.0,2.29,0.08,0,53.0,0.2,Basic
CUST_08750,442.56,260.0,8.88,0.35,1,222.0,1.1,Postpaid
CUST_08751,1032.0,232.0,71.81,0.9,1,84.0,0.2,Data Plan
CUST_08752,919.15,260.0,93.26,1.21,1,76.0,1.0,Data Plan
CUST_08753,279.35,325.0,9.06,0.79,1,186.0,3.3,Basic
CUST_08754,182.21,82.0,2.83,0.11,0,44.0,0.1,Basic
CUST_08755,841.07,239.0,86.61,1.23,0,88.0,1.2,Data Plan
CUST_08756,776.43,349.0,13.12,3.21,2,114.0,5.0,International
CUST_08757,427.2,278.0,8.09,0.58,3,99.0,9.5,Standard
CUST_08758,364.02,237.0,9.58,0.47,1,132.0,0.5,Standard
CUST_08759,548.96,427.0,16.68,8.4,0,125.0,,Standard
CUST_08760,366.66,343.0,8.52,0.23,1,172.0,1.9,Postpaid
CUST_08761,402.05,378.0,11.51,0.26,1,131.0,1.2,Postpaid
CUST_08762,103.48,111.0,1.88,0.12,0,54.0,6.2,Basic
CUST_08763,234.24,289.0,9.84,0.36,0,112.0,15.7,Standard
CUST_08764,435.74,411.0,8.37,0.46,0,135.0,2.9,Postpaid
CUST_08765,779.55,477.0,17.86,7.6,0,102.0,5.7,Standard
CUST_08766,368.05,222.0,10.54,0.3,0,170.0,1.1,Standard
CUST_08767,342.55,210.0,12.4,0.72,1,75.0,4.3,Basic
CUST_08768,1457.76,636.0,49.8,2.74,0,223.0,2.5,Unlimited
CUST_08769,223.37,115.0,2.03,0.14,0,64.0,2.3,Basic
CUST_08770,841.92,201.0,62.12,0.92,1,48.0,1.3,Unlimited
CUST_08771,200.1,90.0,2.15,0.08,0,43.0,0.9,Prepaid
CUST_08772,350.94,379.0,11.98,0.17,0,153.0,0.7,Standard
CUST_08773,462.78,312.0,12.96,0.29,0,157.0,2.0,Standard
CUST_08774,366.4,230.0,8.21,0.36,0,177.0,1.5,Postpaid
CUST_08775,1489.58,602.0,43.3,2.39,0,210.0,0.2,Premium
CUST_08776,452.37,259.0,11.63,0.22,1,106.0,7.0,Postpaid
CUST_08777,824.02,422.0,21.12,9.49,0,108.0,2.2,International
CUST_08778,173.35,130.0,2.35,0.19,0,50.0,0.0,Prepaid
CUST_08779,167.46,38.0,1.67,0.02,0,17.0,2.7,Basic
CUST_08780,871.73,211.0,69.06,0.85,0,69.0,0.3,Data Plan
CUST_08781,385.15,298.0,10.38,0.26,0,202.0,2.4,Standard
CUST_08782,383.82,287.0,9.65,0.8,6,28.0,27.8,Basic
CUST_08783,395.54,276.0,7.37,0.21,0,185.0,0.6,Standard
CUST_08784,123.05,54.0,2.26,0.0,0,26.0,1.7,Basic
CUST_08785,906.85,242.0,96.19,0.6,0,110.0,0.1,Data Plan
CUST_08786,864.62,476.0,10.8,9.9,0,96.0,0.1,Standard
CUST_08787,1314.62,593.0,67.68,1.99,1,196.0,1.0,Unlimited
CUST_08788,1008.51,242.0,95.69,0.79,0,70.0,0.0,Data Plan
CUST_08789,1168.06,644.0,43.8,2.09,0,169.0,0.7,Premium
CUST_08790,991.21,227.0,74.89,0.9,1,50.0,1.5,Unlimited
CUST_08791,25.48,270.0,7.09,0.53,5,150.0,8.9,Basic
CUST_08792,240.5,43.0,1.31,48.31,3,48.0,13.7,Standard
CUST_08793,907.22,180.0,99.45,1.68,0,57.0,1.1,Data Plan
CUST_08794,274.81,316.0,14.87,0.4,1,136.0,2.1,Standard
CUST_08795,664.86,211.0,78.5,1.09,0,102.0,2.5,Data Plan
CUST_08796,680.69,469.0,14.38,7.87,0,91.0,2.8,Standard
CUST_08797,1121.13,595.0,43.59,2.28,3,179.0,0.2,Unlimited
CUST_08798,716.15,309.0,15.26,5.44,0,46.0,2.2,International
CUST_08799,404.77,285.0,8.84,0.27,0,154.0,0.1,Standard
CUST_08800,1317.71,449.0,56.3,2.05,0,145.0,0.3,Premium
CUST_08801,68.9,85.0,1.98,0.1,0,31.0,0.0,Basic
CUST_08802,863.88,290.0,79.97,0.81,1,85.0,1.3,Data Plan
CUST_08803,1096.1,101.0,73.91,0.98,1,64.0,3.7,Unlimited
CUST_08804,162.39,100.0,0.97,0.11,0,38.0,0.0,Basic
CUST_08805,217.02,247.0,8.93,0.58,4,59.0,6.1,Standard
CUST_08806,150.09,94.0,2.21,0.12,0,42.0,0.4,Basic
CUST_08807,680.03,143.0,66.26,0.82,0,101.0,0.3,Data Plan
CUST_08808,449.92,311.0,5.44,0.69,1,125.0,3.1,Basic
CUST_08809,345.99,324.0,7.83,0.31,1,152.0,3.0,Postpaid
CUST_08810,168.85,121.0,1.8,0.11,0,61.0,0.4,Prepaid
CUST_08811,807.12,121.0,76.98,0.21,0,64.0,0.6,Data Plan
CUST_08812,311.63,316.0,13.6,0.12,0,158.0,3.9,Standard
CUST_08813,786.29,281.0,12.3,5.81,1,115.0,0.6,International
CUST_08814,394.24,313.0,11.55,0.28,0,173.0,5.7,Standard
CUST_08815,458.94,315.0,5.54,0.28,0,70.0,0.2,Postpaid
CUST_08816,716.28,422.0,13.03,5.34,2,49.0,14.9,International
CUST_08817,747.2,385.0,13.69,6.75,2,86.0,1.6,Standard
CUST_08818,368.75,339.0,13.44,0.25,1,140.0,1.5,Standard
CUST_08819,377.49,210.0,12.57,0.31,0,170.0,1.9,Standard
CUST_08820,275.97,349.0,7.47,0.5,3,81.0,7.9,Standard
CUST_08821,368.2,406.0,7.77,0.36,1,167.0,0.0,Standard
CUST_08822,756.08,206.0,71.28,1.19,0,77.0,0.9,Data Plan
CUST_08823,808.46,145.0,79.19,0.95,0,56.0,1.5,Data Plan
CUST_08824,770.89,307.0,11.06,8.02,1,121.0,8.6,International
CUST_08825,117.97,111.0,2.12,0.01,0,42.0,0.0,Prepaid
CUST_08826,135.62,121.0,2.37,0.1,0,32.0,0.5,Basic
CUST_08827,138.63,100.0,1.95,0.13,0,21.0,3.0,Basic
CUST_08828,1208.34,527.0,60.99,1.17,0,190.0,0.3,Premium
CUST_08829,1309.85,420.0,50.36,1.8,0,128.0,1.8,Unlimited
CUST_08830,323.99,343.0,9.91,0.31,1,132.0,3.0,Standard
CUST_08831,421.47,317.0,16.33,0.42,0,125.0,1.2,Standard
CUST_08832,138.83,85.0,1.57,0.1,1,30.0,2.2,Basic
CUST_08833,313.81,149.0,1.79,0.44,3,69.0,2.4,Standard
CUST_08834,156.97,106.0,1.63,0.06,0,49.0,0.2,Prepaid
CUST_08835,121.33,143.0,2.14,0.0,0,62.0,0.6,Basic
CUST_08836,516.35,364.0,14.55,6.84,0,116.0,0.4,International
CUST_08837,225.37,465.0,7.42,0.38,1,88.0,20.3,Standard
CUST_08838,698.69,459.0,17.5,5.47,0,126.0,2.3,International
CUST_08839,152.26,80.0,1.51,0.05,0,48.0,0.2,Basic
CUST_08840,552.33,239.0,8.38,0.43,2,122.0,4.4,Basic
CUST_08841,1075.74,181.0,77.75,0.51,1,73.0,1.0,Data Plan
CUST_08842,188.6,342.0,6.13,0.48,2,77.0,0.9,Basic
CUST_08843,582.86,562.0,17.18,11.63,0,38.0,3.7,Standard
CUST_08844,996.92,515.0,47.77,2.57,0,230.0,0.1,Premium
CUST_08845,304.18,390.0,4.11,0.29,1,142.0,1.0,Standard
CUST_08846,1076.09,512.0,15.41,9.49,0,113.0,0.4,International
CUST_08847,571.07,282.0,11.89,0.22,0,155.0,3.1,Postpaid
CUST_08848,194.72,114.0,2.6,0.17,1,57.0,0.5,Basic
CUST_08849,530.09,354.0,0.0,0.58,4,147.0,3.8,Basic
CUST_08850,1258.93,106.0,87.15,0.86,1,78.0,4.1,Data Plan
CUST_08851,776.03,183.0,80.88,0.84,0,73.0,0.3,Unlimited
CUST_08852,1007.55,226.0,85.35,1.16,0,80.0,5.0,Data Plan
CUST_08853,414.55,205.0,5.45,0.35,1,207.0,4.4,Postpaid
CUST_08854,380.08,322.0,6.28,0.62,6,70.0,16.2,Basic
CUST_08855,532.87,257.0,,0.2,0,106.0,1.1,Standard
CUST_08856,685.89,256.0,90.79,1.27,0,55.0,0.3,Data Plan
CUST_08857,981.16,740.0,58.03,1.77,0,222.0,0.1,Unlimited
CUST_08858,428.08,282.0,10.39,0.17,0,119.0,0.1,Standard
CUST_08859,189.05,80.0,2.68,0.08,1,62.0,0.7,Basic
CUST_08860,1315.11,549.0,62.86,1.43,1,223.0,0.1,Unlimited
CUST_08861,397.71,344.0,12.35,0.16,0,92.0,2.1,Postpaid
CUST_08862,999.11,240.0,80.5,0.87,0,80.0,2.9,Data Plan
CUST_08863,420.69,193.0,8.15,0.32,0,185.0,2.9,Standard
CUST_08864,1012.27,186.0,106.52,0.59,1,76.0,0.6,Unlimited
CUST_08865,976.27,243.0,96.67,1.07,0,83.0,1.6,Data Plan
CUST_08866,384.19,342.0,11.19,0.42,0,207.0,0.6,Standard
CUST_08867,458.48,300.0,9.36,0.0,0,92.0,3.2,Standard
CUST_08868,922.88,129.0,63.8,0.47,0,95.0,3.2,Unlimited
CUST_08869,585.09,350.0,14.68,8.64,1,80.0,2.6,International
CUST_08870,1103.81,154.0,82.54,0.93,0,92.0,3.1,Data Plan
CUST_08871,568.33,279.0,9.23,0.2,2,170.0,3.5,Standard
CUST_08872,141.82,80.0,2.81,0.19,0,33.0,0.6,Prepaid
CUST_08873,960.64,201.0,81.67,1.29,0,46.0,0.9,Unlimited
CUST_08874,460.91,342.0,12.81,0.32,0,124.0,0.4,Postpaid
CUST_08875,157.31,111.0,2.1,0.09,0,50.0,3.2,Basic
CUST_08876,504.36,300.0,8.92,0.31,1,118.0,7.1,Standard
CUST_08877,177.58,51.0,1.53,0.06,0,80.0,0.6,Basic
CUST_08878,769.16,446.0,13.33,7.61,0,104.0,0.4,International
CUST_08879,1034.76,784.0,44.19,2.71,0,119.0,0.8,Premium
CUST_08880,576.4,531.0,13.97,7.45,1,148.0,1.4,Standard
CUST_08881,448.16,327.0,2.77,0.43,3,141.0,5.9,Basic
CUST_08882,1311.61,599.0,52.09,1.84,0,267.0,0.4,Premium
CUST_08883,702.4,175.0,76.6,0.82,0,106.0,6.0,Data Plan
CUST_08884,71.41,85.0,1.78,0.19,0,40.0,0.6,Prepaid
CUST_08885,886.53,29.0,0.56,42.14,0,63.0,1.0,Unlimited
CUST_08886,877.85,195.0,89.51,0.66,1,108.0,3.1,Unlimited
CUST_08887,398.28,314.0,8.97,0.44,0,92.0,1.5,Standard
CUST_08888,473.02,396.0,6.72,0.32,0,129.0,0.0,Postpaid
CUST_08889,179.76,77.0,1.84,0.07,0,38.0,0.0,Basic
CUST_08890,1551.71,574.0,33.07,2.32,1,222.0,0.0,Premium
CUST_08891,256.89,127.0,6.99,0.38,4,97.0,12.0,Standard
CUST_08892,166.1,128.0,1.87,0.12,0,58.0,1.2,Basic
CUST_08893,226.57,206.0,8.23,0.54,8,120.0,0.5,Basic
CUST_08894,1071.37,242.0,94.49,0.73,1,84.0,0.7,Data Plan
CUST_08895,452.15,151.0,8.96,0.3,1,121.0,1.0,Standard
CUST_08896,344.39,353.0,11.49,0.16,0,125.0,2.5,Postpaid
CUST_08897,525.58,255.0,8.17,0.25,0,235.0,1.4,Postpaid
CUST_08898,481.47,259.0,9.99,0.46,0,113.0,,Standard
CUST_08899,1195.99,348.0,39.55,2.53,0,203.0,0.0,Unlimited
CUST_08900,312.41,380.0,10.3,0.39,0,178.0,0.4,Postpaid
CUST_08901,788.29,325.0,68.17,0.54,1,67.0,2.4,Data Plan
CUST_08902,495.82,355.0,4.35,0.33,2,130.0,4.1,Standard
CUST_08903,377.68,270.0,6.24,0.47,1,139.0,0.4,Postpaid
CUST_08904,196.85,102.0,1.24,0.12,0,51.0,4.8,Basic
CUST_08905,1014.46,194.0,66.37,0.87,0,55.0,1.3,Unlimited
CUST_08906,1095.66,209.0,83.77,0.81,0,48.0,0.2,Data Plan
CUST_08907,871.61,468.0,13.4,7.75,1,116.0,0.2,Standard
CUST_08908,140.73,114.0,2.04,0.14,0,54.0,1.1,Basic
CUST_08909,136.97,98.0,1.87,0.06,1,38.0,0.3,Basic
CUST_08910,161.02,99.0,1.27,0.11,0,32.0,3.1,Basic
CUST_08911,955.04,203.0,98.47,0.83,0,81.0,2.1,Data Plan
CUST_08912,1208.49,568.0,57.98,2.79,0,246.0,0.1,Premium
CUST_08913,705.16,171.0,76.2,0.86,0,76.0,0.8,Data Plan
CUST_08914,914.52,565.0,47.14,2.42,0,207.0,0.1,Unlimited
CUST_08915,368.83,370.0,7.93,0.23,0,153.0,0.0,Standard
CUST_08916,688.26,345.0,18.77,7.54,0,89.0,1.0,International
CUST_08917,611.81,447.0,9.94,8.56,0,111.0,3.9,International
CUST_08918,622.6,190.0,78.09,0.63,0,66.0,1.4,Data Plan
CUST_08919,462.52,260.0,7.78,0.31,1,124.0,2.3,Standard
CUST_08920,182.58,144.0,1.62,0.05,0,32.0,0.2,Basic
CUST_08921,402.98,248.0,9.14,0.3,2,150.0,0.3,Standard
CUST_08922,458.48,343.0,7.96,0.36,0,144.0,4.4,Standard
CUST_08923,296.07,221.0,7.0,0.32,0,180.0,0.5,Standard
CUST_08924,398.58,260.0,7.72,0.18,0,118.0,5.8,Standard
CUST_08925,347.39,305.0,7.34,0.43,0,147.0,2.4,Standard
CUST_08926,941.48,443.0,11.09,8.55,1,101.0,0.7,International
CUST_08927,147.02,95.0,1.64,0.15,0,58.0,0.8,Basic
CUST_08928,218.97,99.0,1.58,0.06,0,45.0,2.0,Basic
CUST_08929,1016.39,606.0,44.08,1.92,0,167.0,0.7,Unlimited
CUST_08930,864.39,447.0,16.09,9.49,1,122.0,5.5,International
CUST_08931,254.13,225.0,8.14,0.92,4,148.0,0.5,Basic
CUST_08932,1166.42,673.0,35.61,1.98,0,195.0,0.6,Unlimited
CUST_08933,1346.09,483.0,43.42,1.69,0,82.0,0.1,Premium
CUST_08934,259.68,210.0,10.0,0.17,1,168.0,7.7,Standard
CUST_08935,1384.35,482.0,53.72,2.09,0,297.0,1.3,Unlimited
CUST_08936,862.18,239.0,66.1,1.24,0,63.0,0.7,Unlimited
CUST_08937,709.26,194.0,74.64,1.52,0,57.0,0.1,Data Plan
CUST_08938,183.51,283.0,12.41,0.19,0,167.0,0.7,Postpaid
CUST_08939,369.86,260.0,8.68,0.32,1,167.0,0.9,Standard
CUST_08940,146.83,330.0,9.25,0.64,1,103.0,6.3,Basic
CUST_08941,50.0,202.0,8.28,0.53,3,176.0,10.5,Basic
CUST_08942,768.06,438.0,17.25,9.0,0,111.0,1.3,International
CUST_08943,263.49,295.0,10.41,0.41,0,190.0,2.3,Postpaid
CUST_08944,341.21,358.0,5.92,0.2,0,113.0,1.0,Standard
CUST_08945,369.83,203.0,5.36,0.31,3,110.0,8.2,Basic
CUST_08946,1185.08,199.0,64.49,0.69,1,109.0,0.1,Data Plan
CUST_08947,1010.24,446.0,55.81,2.66,0,182.0,0.1,Unlimited
CUST_08948,119.88,139.0,2.29,,0,62.0,0.5,Prepaid
CUST_08949,402.68,415.0,10.28,0.48,0,161.0,4.8,Postpaid
CUST_08950,338.57,313.0,7.6,0.44,2,80.0,0.9,Standard
CUST_08951,180.93,66.0,1.49,0.12,0,45.0,0.1,Basic
CUST_08952,442.1,403.0,10.54,0.39,0,184.0,1.2,Standard
CUST_08953,1029.61,439.0,18.89,5.68,3,125.0,2.7,International
CUST_08954,138.82,35.0,2.23,0.11,0,45.0,1.0,Prepaid
CUST_08955,1046.47,622.0,44.55,1.24,0,223.0,0.0,Premium
CUST_08956,486.71,300.0,,0.74,2,75.0,13.1,Standard
CUST_08957,451.79,270.0,7.89,0.32,0,123.0,0.9,Standard
CUST_08958,888.28,364.0,17.81,10.61,2,84.0,0.1,International
CUST_08959,1358.4,532.0,40.85,1.1,0,222.0,0.2,Unlimited
CUST_08960,1116.55,535.0,46.5,2.38,1,335.0,0.2,Unlimited
CUST_08961,776.38,37.0,1.04,20.92,0,71.0,1.3,Unlimited
CUST_08962,996.18,530.0,77.26,2.52,0,181.0,0.1,Premium
CUST_08963,615.24,371.0,15.97,8.67,3,62.0,6.7,International
CUST_08964,1081.6,705.0,33.98,1.91,0,238.0,0.3,Unlimited
CUST_08965,131.19,87.0,2.51,0.18,0,67.0,2.0,Basic
CUST_08966,437.31,272.0,10.18,0.4,0,134.0,0.9,Postpaid
CUST_08967,890.32,237.0,83.11,0.76,1,98.0,0.7,Unlimited
CUST_08968,252.66,114.0,,0.4,3,53.0,6.0,Standard
CUST_08969,408.51,310.0,13.05,0.53,2,127.0,1.4,Standard
CUST_08970,1207.91,784.0,60.94,3.05,0,228.0,0.2,Premium
CUST_08971,367.21,286.0,13.11,0.24,0,127.0,1.2,Postpaid
CUST_08972,288.24,324.0,6.1,0.37,0,173.0,2.0,Standard
CUST_08973,845.04,142.0,102.45,1.02,0,97.0,2.1,Data Plan
CUST_08974,160.56,119.0,2.63,0.16,0,60.0,0.5,Basic
CUST_08975,298.83,423.0,8.78,0.53,2,146.0,9.8,Basic
CUST_08976,403.01,293.0,7.62,0.21,4,221.0,0.1,Postpaid
CUST_08977,189.45,99.0,2.43,0.04,0,45.0,3.2,Basic
CUST_08978,399.47,291.0,11.25,0.21,1,121.0,0.2,Standard
CUST_08979,1117.7,367.0,18.56,7.01,1,73.0,2.4,International
CUST_08980,1154.96,479.0,54.18,1.97,0,234.0,0.0,Premium
CUST_08981,764.78,200.0,85.85,1.06,0,75.0,1.4,Unlimited
CUST_08982,414.22,344.0,7.58,0.43,0,190.0,4.2,Postpaid
CUST_08983,354.34,391.0,,0.53,0,91.0,1.5,Standard
CUST_08984,171.33,119.0,1.28,0.01,1,68.0,1.5,Basic
CUST_08985,494.59,309.0,8.81,0.42,0,171.0,3.8,Postpaid
CUST_08986,1172.39,511.0,46.73,1.99,2,265.0,0.2,Premium
CUST_08987,129.71,109.0,1.53,0.07,0,63.0,0.8,Basic
CUST_08988,699.54,184.0,50.34,0.52,1,94.0,2.5,Data Plan
CUST_08989,450.36,316.0,5.38,0.28,0,72.0,2.4,Standard
CUST_08990,1029.84,724.0,42.11,1.41,2,143.0,0.3,Premium
CUST_08991,704.12,121.0,75.22,1.43,0,96.0,3.2,Unlimited
CUST_08992,626.31,248.0,11.36,8.49,0,97.0,2.0,Standard
CUST_08993,1346.48,540.0,49.59,1.96,0,164.0,0.3,Unlimited
CUST_08994,506.72,372.0,9.54,0.22,1,174.0,3.0,Standard
CUST_08995,1290.19,631.0,46.91,1.68,0,114.0,0.3,Premium
CUST_08996,174.01,58.0,2.27,0.16,0,75.0,0.2,Prepaid
CUST_08997,151.22,83.0,2.41,0.11,0,33.0,0.0,Basic
CUST_08998,1286.5,587.0,64.04,1.2,0,181.0,0.3,Premium
CUST_08999,4332.52,374.0,12.18,22.97,14,160.0,4.8,International
CUST_09000,394.8,336.0,11.51,0.2,0,169.0,2.0,Standard
CUST_09001,698.62,483.0,13.11,6.04,1,102.0,4.0,International
CUST_09002,815.41,174.0,64.27,0.98,0,87.0,0.5,Data Plan
CUST_09003,818.69,211.0,107.12,0.58,0,62.0,0.6,Data Plan
CUST_09004,267.3,228.0,3.93,0.53,5,141.0,7.2,Basic
CUST_09005,972.6,253.0,78.5,0.17,0,95.0,2.1,Unlimited
CUST_09006,397.51,169.0,9.16,0.62,0,179.0,0.5,Standard
CUST_09007,182.4,76.0,1.95,0.14,0,13.0,0.7,Prepaid
CUST_09008,124.19,124.0,2.11,0.05,0,46.0,,Basic
CUST_09009,1048.08,86.0,96.14,0.79,0,61.0,0.2,Data Plan
CUST_09010,129.84,109.0,15.6,0.54,4,181.0,0.4,Basic
CUST_09011,349.79,292.0,,0.48,2,79.0,1.3,Standard
CUST_09012,776.02,353.0,17.08,8.92,1,92.0,5.5,Standard
CUST_09013,348.37,248.0,12.44,0.2,0,156.0,1.8,Postpaid
CUST_09014,399.88,110.0,6.11,0.23,9,68.0,14.2,Standard
CUST_09015,713.26,427.0,16.05,7.93,1,132.0,2.0,International
CUST_09016,277.95,278.0,6.78,0.41,0,112.0,0.1,Postpaid
CUST_09017,1180.92,634.0,59.42,1.56,1,226.0,0.2,Unlimited
CUST_09018,471.38,388.0,14.96,5.78,0,67.0,2.2,International
CUST_09019,872.11,511.0,43.38,1.91,0,203.0,0.3,Unlimited
CUST_09020,506.99,309.0,10.09,0.36,0,128.0,0.3,Postpaid
CUST_09021,180.02,91.0,1.31,0.05,1,57.0,0.1,Basic
CUST_09022,987.0,258.0,91.79,1.29,0,110.0,0.7,Data Plan
CUST_09023,420.54,276.0,10.08,0.32,0,138.0,1.8,Postpaid
CUST_09024,393.07,300.0,10.07,0.32,1,168.0,0.3,Standard
CUST_09025,162.85,72.0,1.13,0.07,0,43.0,2.1,Basic
CUST_09026,394.44,246.0,10.71,0.42,0,204.0,2.9,Standard
CUST_09027,509.63,274.0,15.18,0.41,1,168.0,0.5,Standard
CUST_09028,960.89,236.0,73.02,1.69,0,96.0,2.7,Unlimited
CUST_09029,145.2,106.0,2.15,0.05,0,48.0,0.1,Basic
CUST_09030,395.19,292.0,11.1,0.27,0,92.0,0.0,Postpaid
CUST_09031,443.78,198.0,8.96,0.26,0,123.0,0.1,Standard
CUST_09032,835.14,433.0,15.76,9.53,1,85.0,2.3,International
CUST_09033,732.36,150.0,102.65,0.78,1,99.0,2.1,Data Plan
CUST_09034,1447.01,673.0,61.22,2.39,0,233.0,0.4,Premium
CUST_09035,963.57,554.0,14.43,6.57,1,137.0,1.3,International
CUST_09036,1029.43,151.0,76.24,1.16,1,117.0,2.1,Data Plan
CUST_09037,848.72,139.0,57.34,0.87,0,104.0,0.0,Data Plan
CUST_09038,120.28,70.0,1.56,0.16,0,63.0,1.4,Basic
CUST_09039,1399.42,613.0,40.31,1.8,0,257.0,0.5,Premium
CUST_09040,307.7,299.0,9.92,0.21,0,144.0,1.4,Standard
CUST_09041,490.78,295.0,12.57,0.17,1,110.0,1.4,Postpaid
CUST_09042,939.22,14.0,1.61,34.88,1,40.0,0.4,International
CUST_09043,377.31,303.0,12.56,0.34,1,180.0,1.2,Postpaid
CUST_09044,134.31,98.0,2.4,0.1,0,55.0,3.9,Basic
CUST_09045,379.96,191.0,12.4,0.5,0,147.0,3.1,Standard
CUST_09046,149.89,59.0,2.28,0.04,0,73.0,3.3,Basic
CUST_09047,489.45,373.0,6.4,0.75,2,80.0,2.0,Standard
CUST_09048,304.31,331.0,9.9,0.27,1,132.0,1.7,Standard
CUST_09049,950.66,186.0,69.94,1.01,1,72.0,1.6,Unlimited
CUST_09050,156.96,127.0,2.01,0.1,0,47.0,1.1,Basic
CUST_09051,180.96,146.0,2.15,0.03,1,44.0,0.7,Prepaid
CUST_09052,934.25,243.0,16.27,7.17,1,40.0,0.3,International
CUST_09053,1107.03,758.0,31.58,2.63,0,186.0,0.3,Unlimited
CUST_09054,336.75,330.0,8.26,0.25,1,133.0,2.6,Postpaid
CUST_09055,111.7,77.0,2.13,0.07,0,77.0,0.4,Basic
CUST_09056,946.25,413.0,18.83,7.64,1,60.0,1.2,International
CUST_09057,428.69,310.0,11.01,0.34,0,156.0,2.3,Postpaid
CUST_09058,138.24,126.0,2.62,0.1,1,41.0,1.4,Basic
CUST_09059,448.36,309.0,8.52,0.14,0,150.0,5.2,Postpaid
CUST_09060,311.22,285.0,8.08,0.32,0,214.0,0.4,Postpaid
CUST_09061,363.15,309.0,10.78,0.26,2,162.0,1.0,Postpaid
CUST_09062,337.07,317.0,6.75,0.22,2,188.0,1.5,Standard
CUST_09063,979.94,210.0,92.12,0.84,1,92.0,0.1,Data Plan
CUST_09064,429.19,296.0,13.07,0.37,2,78.0,0.4,Postpaid
CUST_09065,339.25,253.0,11.25,0.55,5,158.0,7.8,Standard
CUST_09066,702.68,341.0,14.1,9.64,1,95.0,0.6,International
CUST_09067,692.65,223.0,80.71,1.74,0,64.0,0.4,Data Plan
CUST_09068,482.87,355.0,12.48,0.9,2,116.0,0.9,Standard
CUST_09069,664.03,322.0,11.72,4.34,1,97.0,1.4,International
CUST_09070,100.13,82.0,1.7,0.05,0,83.0,1.6,Basic
CUST_09071,978.41,457.0,66.53,2.39,0,266.0,0.3,Premium
CUST_09072,458.54,389.0,10.64,0.2,0,83.0,0.3,Standard
CUST_09073,309.61,175.0,9.89,0.39,0,215.0,2.7,Standard
CUST_09074,1012.86,576.0,60.79,1.17,0,135.0,0.8,Premium
CUST_09075,321.06,262.0,6.72,0.22,2,100.0,2.6,Standard
CUST_09076,142.76,130.0,2.12,0.03,0,48.0,0.2,Basic
CUST_09077,183.17,88.0,1.31,0.08,1,47.0,1.0,Prepaid
CUST_09078,437.07,257.0,13.5,0.33,1,201.0,13.1,Standard
CUST_09079,152.03,67.0,0.89,0.09,0,44.0,1.6,Basic
CUST_09080,153.99,95.0,2.29,0.12,0,54.0,0.3,Basic
CUST_09081,1106.31,205.0,94.39,0.65,0,94.0,1.3,Data Plan
CUST_09082,1180.88,541.0,51.3,2.35,0,243.0,2.1,Premium
CUST_09083,1381.75,539.0,31.36,2.06,1,87.0,0.5,Unlimited
CUST_09084,1305.84,577.0,73.43,1.73,0,214.0,0.9,Unlimited
CUST_09085,180.29,143.0,10.7,0.25,3,154.0,7.1,Basic
CUST_09086,1154.12,676.0,58.56,2.49,0,102.0,0.2,Unlimited
CUST_09087,346.37,307.0,8.53,0.48,4,88.0,11.8,Standard
CUST_09088,153.67,106.0,2.07,0.14,1,72.0,0.3,Basic
CUST_09089,1627.32,497.0,64.63,1.66,0,218.0,0.0,Unlimited
CUST_09090,631.56,266.0,6.13,0.6,3,38.0,19.3,Standard
CUST_09091,167.81,90.0,2.49,0.18,0,56.0,1.7,Basic
CUST_09092,398.54,382.0,13.23,0.34,1,185.0,0.9,Standard
CUST_09093,569.71,278.0,12.92,0.1,0,136.0,1.2,Postpaid
CUST_09094,123.54,92.0,1.39,0.06,0,62.0,1.8,Basic
CUST_09095,278.03,333.0,9.3,0.22,0,135.0,4.3,Standard
CUST_09096,157.01,106.0,2.41,0.0,2,39.0,0.2,Prepaid
CUST_09097,267.02,293.0,12.53,0.37,0,139.0,0.3,Postpaid
CUST_09098,478.94,202.0,12.91,0.39,1,168.0,3.7,Postpaid
CUST_09099,446.3,276.0,6.69,0.27,0,127.0,5.9,Postpaid
CUST_09100,1501.01,706.0,56.08,3.07,0,217.0,0.4,Premium
CUST_09101,5170.01,515.0,43.86,37.72,11,162.0,0.4,Unlimited
CUST_09102,1057.25,647.0,59.4,2.58,0,250.0,0.2,Unlimited
CUST_09103,668.32,385.0,15.73,6.95,0,104.0,3.2,International
CUST_09104,254.97,203.0,9.25,0.82,2,97.0,2.1,Basic
CUST_09105,719.38,308.0,17.69,5.76,0,92.0,6.4,International
CUST_09106,540.14,326.0,12.0,0.11,2,175.0,1.1,Standard
CUST_09107,116.41,108.0,1.9,0.05,0,52.0,0.0,Basic
CUST_09108,172.71,53.0,1.89,0.04,0,59.0,0.0,Basic
CUST_09109,470.51,239.0,9.75,0.5,0,114.0,0.2,Standard
CUST_09110,211.37,267.0,4.13,0.57,1,106.0,6.3,Standard
CUST_09111,141.03,130.0,1.0,0.06,0,65.0,0.5,Basic
CUST_09112,220.91,252.0,10.68,0.34,1,114.0,16.0,Standard
CUST_09113,331.77,274.0,8.89,0.38,0,144.0,0.2,Standard
CUST_09114,1277.58,493.0,42.42,2.0,0,242.0,0.4,Premium
CUST_09115,839.93,116.0,104.28,0.87,1,80.0,0.0,Data Plan
CUST_09116,601.05,253.0,16.39,5.02,0,112.0,3.2,Standard
CUST_09117,925.17,135.0,63.22,0.69,1,62.0,2.4,Data Plan
CUST_09118,357.17,294.0,12.82,0.68,3,131.0,5.2,Basic
CUST_09119,1175.93,642.0,81.3,1.77,1,165.0,0.4,Premium
CUST_09120,1367.52,693.0,34.2,2.49,0,176.0,0.2,Unlimited
CUST_09121,366.46,305.0,10.03,0.29,1,185.0,2.1,Standard
CUST_09122,5897.29,456.0,52.1,28.83,11,214.0,1.9,Premium
CUST_09123,429.36,296.0,14.39,0.42,1,212.0,2.2,Postpaid
CUST_09124,282.63,265.0,4.0,0.24,2,198.0,4.6,Basic
CUST_09125,384.51,321.0,9.31,0.36,0,192.0,0.0,Postpaid
CUST_09126,979.91,475.0,48.1,2.22,1,188.0,0.6,Unlimited
CUST_09127,397.22,184.0,11.87,0.25,0,105.0,4.6,Standard
CUST_09128,861.26,216.0,62.34,1.54,0,69.0,0.5,Unlimited
CUST_09129,114.18,115.0,2.84,0.14,0,53.0,3.2,Basic
CUST_09130,169.02,118.0,1.41,0.15,0,84.0,2.5,Basic
CUST_09131,135.52,120.0,2.21,0.12,0,67.0,0.8,Basic
CUST_09132,410.76,134.0,7.51,0.32,1,71.0,18.2,Basic
CUST_09133,346.99,336.0,6.1,0.32,1,151.0,0.3,Postpaid
CUST_09134,160.54,48.0,2.43,0.06,0,50.0,0.9,Basic
CUST_09135,515.06,347.0,11.23,0.25,0,129.0,4.5,Postpaid
CUST_09136,920.48,183.0,63.32,0.58,0,75.0,1.6,Unlimited
CUST_09137,163.11,74.0,1.15,0.14,0,39.0,1.3,Basic
CUST_09138,984.0,128.0,104.03,0.98,0,116.0,0.5,Data Plan
CUST_09139,184.45,122.0,1.92,0.12,1,52.0,0.5,Prepaid
CUST_09140,1297.33,791.0,71.52,2.7,1,198.0,1.0,Unlimited
CUST_09141,416.62,410.0,11.61,0.4,0,141.0,3.6,Standard
CUST_09142,1055.84,236.0,106.39,0.47,0,95.0,0.1,Unlimited
CUST_09143,390.36,381.0,8.33,0.51,0,99.0,5.9,Postpaid
CUST_09144,812.25,488.0,10.69,7.06,0,129.0,3.7,International
CUST_09145,122.19,111.0,2.5,0.17,0,69.0,0.4,Basic
CUST_09146,1282.01,215.0,51.93,0.58,0,87.0,0.8,Data Plan
CUST_09147,759.34,128.0,85.49,1.43,2,43.0,0.7,Unlimited
CUST_09148,252.64,266.0,10.93,0.27,0,214.0,2.6,Standard
CUST_09149,494.58,316.0,8.64,0.25,2,130.0,3.1,Standard
CUST_09150,700.09,342.0,13.41,5.81,0,91.0,2.6,International
CUST_09151,413.07,451.0,7.82,0.31,18,202.0,79.8,Standard
CUST_09152,131.37,114.0,1.06,0.08,0,63.0,0.2,Prepaid
CUST_09153,147.04,130.0,2.08,0.11,0,93.0,0.3,Basic
CUST_09154,593.39,434.0,,10.15,1,9.0,0.5,International
CUST_09155,1133.16,199.0,78.4,0.94,1,110.0,1.1,Data Plan
CUST_09156,1058.98,297.0,20.38,4.27,1,71.0,0.5,International
CUST_09157,474.17,333.0,9.58,0.29,1,211.0,1.0,Standard
CUST_09158,135.84,84.0,1.31,0.13,0,44.0,1.9,Basic
CUST_09159,869.99,279.0,65.63,1.36,0,39.0,4.1,Unlimited
CUST_09160,621.73,244.0,15.29,7.24,2,32.0,3.2,Standard
CUST_09161,852.85,230.0,94.44,0.93,0,61.0,0.2,Data Plan
CUST_09162,158.68,85.0,0.91,0.1,0,83.0,0.3,Basic
CUST_09163,395.68,246.0,6.53,0.34,0,124.0,0.7,Standard
CUST_09164,1266.89,539.0,58.65,1.93,0,212.0,0.7,Premium
CUST_09165,364.42,258.0,12.05,0.26,1,177.0,2.7,Standard
CUST_09166,114.94,75.0,1.05,0.06,1,53.0,0.5,Basic
CUST_09167,936.91,162.0,64.6,0.81,1,69.0,1.8,Data Plan
CUST_09168,1138.33,644.0,49.78,1.49,0,236.0,1.3,Premium
CUST_09169,286.87,206.0,8.59,0.85,1,122.0,1.1,Standard
CUST_09170,872.82,289.0,63.64,0.62,2,73.0,5.5,Data Plan
CUST_09171,351.68,198.0,7.81,0.56,2,99.0,5.6,Standard
CUST_09172,142.98,105.0,2.3,0.14,0,51.0,0.4,Prepaid
CUST_09173,1272.79,560.0,55.62,1.87,0,141.0,0.1,Premium
CUST_09174,1050.07,192.0,84.3,1.15,0,85.0,0.2,Unlimited
CUST_09175,397.44,343.0,12.23,0.34,1,132.0,1.5,Postpaid
CUST_09176,97.81,87.0,1.33,0.11,1,59.0,0.4,Prepaid
CUST_09177,386.3,265.0,9.0,0.19,0,115.0,1.8,Standard
CUST_09178,389.23,239.0,11.56,0.64,4,132.0,2.0,Basic
CUST_09179,334.43,187.0,13.39,0.37,0,132.0,3.1,Standard
CUST_09180,309.6,289.0,9.74,0.22,1,160.0,1.3,Postpaid
CUST_09181,1002.61,291.0,17.09,11.25,1,103.0,2.6,International
CUST_09182,860.56,436.0,14.86,9.85,0,100.0,0.2,Standard
CUST_09183,1389.85,430.0,55.39,2.38,0,168.0,0.6,Unlimited
CUST_09184,121.4,80.0,2.11,0.06,0,56.0,1.6,Prepaid
CUST_09185,140.9,104.0,1.9,0.1,0,27.0,0.0,Basic
CUST_09186,603.5,260.0,54.75,0.38,0,71.0,1.2,Unlimited
CUST_09187,457.84,315.0,10.31,0.29,0,122.0,0.5,Postpaid
CUST_09188,905.34,251.0,82.92,0.63,0,77.0,0.3,Data Plan
CUST_09189,172.26,100.0,2.26,0.14,0,63.0,1.1,Basic
CUST_09190,1654.92,638.0,23.34,1.24,0,215.0,1.4,Premium
CUST_09191,284.5,310.0,11.07,0.22,0,144.0,2.8,Postpaid
CUST_09192,470.04,324.0,9.7,0.35,1,217.0,1.3,Standard
CUST_09193,800.49,354.0,14.27,13.35,0,92.0,0.1,International
CUST_09194,723.14,304.0,14.83,7.06,0,123.0,3.7,International
CUST_09195,313.21,237.0,2.04,0.23,2,95.0,3.4,Standard
CUST_09196,443.22,320.0,11.25,0.3,1,150.0,0.0,Postpaid
CUST_09197,633.72,408.0,22.74,13.51,1,90.0,3.7,International
CUST_09198,151.37,51.0,1.69,0.09,0,60.0,1.7,Prepaid
CUST_09199,350.32,273.0,10.34,0.5,4,142.0,6.8,Standard
CUST_09200,493.85,244.0,11.32,0.3,5,108.0,0.5,Standard
CUST_09201,705.25,443.0,13.16,7.78,1,111.0,3.4,International
CUST_09202,449.99,272.0,13.78,0.21,1,127.0,1.8,Postpaid
CUST_09203,909.58,404.0,18.74,4.22,2,106.0,6.1,International
CUST_09204,895.12,783.0,33.34,1.37,2,128.0,0.5,Premium
CUST_09205,215.71,114.0,1.45,0.06,0,52.0,0.8,Basic
CUST_09206,377.16,251.0,8.46,0.54,2,166.0,3.1,Basic
CUST_09207,546.99,360.0,14.67,8.12,1,40.0,4.3,International
CUST_09208,177.57,142.0,2.04,0.06,0,56.0,4.5,Basic
CUST_09209,183.72,113.0,2.83,0.05,0,50.0,3.0,Basic
CUST_09210,990.86,155.0,60.34,0.65,1,97.0,1.0,Data Plan
CUST_09211,940.77,221.0,90.34,0.69,1,74.0,1.2,Data Plan
CUST_09212,1043.31,703.0,46.14,2.97,0,180.0,0.6,Unlimited
CUST_09213,255.86,181.0,10.43,0.23,7,94.0,10.1,Basic
CUST_09214,409.5,369.0,9.27,0.24,0,202.0,0.6,Standard
CUST_09215,827.9,231.0,68.15,0.53,0,76.0,0.8,Unlimited
CUST_09216,707.81,417.0,14.85,10.26,0,83.0,7.5,International
CUST_09217,902.82,123.0,61.41,0.61,0,64.0,1.3,Data Plan
CUST_09218,196.45,300.0,9.14,0.77,1,97.0,0.2,Standard
CUST_09219,419.99,375.0,8.15,0.17,0,121.0,2.7,Postpaid
CUST_09220,353.42,223.0,9.2,0.72,7,58.0,11.4,Basic
CUST_09221,1113.98,158.0,105.53,1.07,0,85.0,0.4,Unlimited
CUST_09222,1256.69,447.0,47.55,1.84,2,271.0,0.4,Premium
CUST_09223,806.3,331.0,11.87,8.23,0,86.0,0.4,International
CUST_09224,420.67,319.0,10.12,0.38,0,151.0,5.1,Postpaid
CUST_09225,136.61,102.0,2.68,0.19,0,45.0,0.1,Basic
CUST_09226,144.39,106.0,1.7,0.01,0,50.0,3.4,Prepaid
CUST_09227,932.73,617.0,54.99,1.36,0,119.0,0.1,Unlimited
CUST_09228,1139.96,677.0,57.18,1.14,0,265.0,0.2,Unlimited
CUST_09229,1228.19,422.0,34.11,1.95,0,200.0,1.9,Premium
CUST_09230,626.03,469.0,15.34,6.83,1,94.0,1.7,International
CUST_09231,170.7,84.0,1.7,0.17,0,58.0,1.9,Prepaid
CUST_09232,439.01,229.0,11.31,0.1,0,191.0,2.2,Postpaid
CUST_09233,379.24,283.0,4.86,0.71,4,178.0,12.0,Basic
CUST_09234,719.51,226.0,79.7,1.41,0,61.0,0.4,Data Plan
CUST_09235,177.94,80.0,2.1,0.18,0,69.0,0.7,Basic
CUST_09236,111.3,74.0,0.99,0.08,0,57.0,2.1,Basic
CUST_09237,172.42,90.0,1.51,0.15,0,37.0,1.7,Basic
CUST_09238,1197.38,760.0,58.16,2.5,1,224.0,1.0,Premium
CUST_09239,219.58,129.0,1.26,0.05,0,79.0,1.1,Basic
CUST_09240,341.04,307.0,8.74,0.37,1,134.0,3.2,Standard
CUST_09241,361.9,228.0,9.66,0.35,1,67.0,1.3,Standard
CUST_09242,282.08,394.0,8.64,0.21,1,229.0,4.2,Postpaid
CUST_09243,438.93,289.0,12.4,0.22,0,147.0,0.1,Postpaid
CUST_09244,612.41,418.0,14.54,5.6,0,65.0,1.5,Standard
CUST_09245,1504.53,524.0,55.47,1.64,0,155.0,2.1,Premium
CUST_09246,1101.9,51.0,114.42,1.51,0,76.0,3.0,Data Plan
CUST_09247,864.42,375.0,10.18,12.28,0,142.0,2.8,International
CUST_09248,454.43,252.0,7.32,0.56,2,142.0,4.3,Basic
CUST_09249,409.04,312.0,11.33,0.16,0,165.0,3.7,Standard
CUST_09250,395.45,249.0,10.35,0.28,1,67.0,3.5,Standard
CUST_09251,167.12,92.0,3.04,0.14,0,64.0,0.0,Prepaid
CUST_09252,747.75,433.0,22.25,6.6,1,77.0,4.0,International
CUST_09253,962.44,274.0,18.09,10.24,1,66.0,0.3,International
CUST_09254,606.67,418.0,18.1,5.66,0,133.0,3.3,Standard
CUST_09255,314.04,341.0,10.19,0.3,0,211.0,5.1,Standard
CUST_09256,1113.99,163.0,83.5,0.55,1,87.0,1.8,Data Plan
CUST_09257,1079.03,703.0,53.06,1.85,0,170.0,0.7,Premium
CUST_09258,787.01,106.0,89.92,0.79,1,49.0,1.0,Data Plan
CUST_09259,335.03,111.0,7.22,0.3,2,169.0,2.3,Standard
CUST_09260,424.89,259.0,6.12,0.27,2,153.0,5.5,Standard
CUST_09261,1067.74,442.0,14.16,7.73,1,126.0,14.1,Standard
CUST_09262,87.8,115.0,1.18,0.07,0,45.0,1.3,Basic
CUST_09263,466.55,385.0,8.2,0.36,0,129.0,0.2,Standard
CUST_09264,142.35,121.0,1.68,0.04,0,41.0,0.3,Prepaid
CUST_09265,464.35,35.0,1.24,48.67,0,103.0,2.6,Postpaid
CUST_09266,162.72,96.0,1.58,0.02,1,74.0,0.8,Basic
CUST_09267,3027.05,227.0,11.42,30.78,8,89.0,0.5,Basic
CUST_09268,748.16,238.0,84.12,1.22,0,113.0,0.5,Data Plan
CUST_09269,341.94,224.0,13.2,0.67,5,126.0,0.7,Standard
CUST_09270,735.11,346.0,16.74,6.54,0,64.0,0.2,International
CUST_09271,975.81,446.0,13.23,10.11,0,48.0,1.0,International
CUST_09272,695.9,320.0,16.55,8.06,0,39.0,0.2,International
CUST_09273,264.89,191.0,,0.68,2,142.0,5.9,Basic
CUST_09274,358.79,296.0,5.1,0.36,2,76.0,3.7,Basic
CUST_09275,132.73,116.0,1.37,0.14,0,57.0,1.5,Prepaid
CUST_09276,846.65,432.0,10.38,4.52,0,137.0,6.7,International
CUST_09277,102.87,133.0,1.91,0.1,0,71.0,0.8,Basic
CUST_09278,412.16,366.0,10.73,0.37,0,138.0,1.8,Standard
CUST_09279,969.94,259.0,17.92,7.62,2,134.0,0.5,International
CUST_09280,386.9,274.0,12.45,0.36,0,140.0,0.9,Standard
CUST_09281,1252.06,635.0,44.02,1.54,0,273.0,0.2,Unlimited
CUST_09282,513.2,347.0,8.55,0.61,4,125.0,0.0,Basic
CUST_09283,396.05,348.0,8.91,0.46,1,163.0,2.8,Postpaid
CUST_09284,1364.46,513.0,46.07,1.82,0,204.0,0.4,Unlimited
CUST_09285,421.5,296.0,13.97,0.17,0,140.0,2.3,Standard
CUST_09286,405.06,336.0,11.89,0.34,0,194.0,5.7,Standard
CUST_09287,798.03,487.0,38.17,2.02,1,94.0,1.1,Unlimited
CUST_09288,4892.97,231.0,9.67,19.67,10,162.0,2.1,Standard
CUST_09289,946.5,258.0,12.05,6.56,0,94.0,0.2,International
CUST_09290,140.34,139.0,2.17,0.07,1,28.0,2.3,Prepaid
CUST_09291,752.67,334.0,10.93,7.53,0,69.0,5.3,Standard
CUST_09292,984.48,661.0,37.67,1.3,1,249.0,0.3,Unlimited
CUST_09293,475.87,251.0,8.22,0.25,1,189.0,2.3,Postpaid
CUST_09294,413.14,199.0,6.43,0.45,9,47.0,6.8,Basic
CUST_09295,393.06,232.0,11.13,0.05,0,101.0,0.5,Standard
CUST_09296,927.68,462.0,48.84,2.5,1,206.0,0.3,Unlimited
CUST_09297,1066.13,718.0,53.5,2.18,2,191.0,0.1,Unlimited
CUST_09298,1347.56,644.0,40.48,2.13,1,224.0,0.1,Premium
CUST_09299,513.62,288.0,8.12,0.83,0,122.0,3.2,Basic
CUST_09300,337.77,299.0,9.93,0.52,2,119.0,0.5,Postpaid
CUST_09301,186.56,61.0,1.87,0.14,0,47.0,0.0,Prepaid
CUST_09302,784.48,508.0,15.99,8.36,0,100.0,0.6,International
CUST_09303,926.03,267.0,15.49,6.32,2,54.0,1.0,Standard
CUST_09304,551.44,387.0,9.17,0.04,4,98.0,8.5,Standard
CUST_09305,815.37,310.0,17.22,7.78,0,71.0,6.0,International
CUST_09306,1023.44,173.0,81.72,1.27,1,113.0,0.0,Data Plan
CUST_09307,390.82,25.0,1.92,47.11,2,109.0,0.5,Standard
CUST_09308,1150.94,745.0,54.96,2.46,0,251.0,0.2,Premium
CUST_09309,1495.99,516.0,52.61,1.91,1,197.0,2.8,Premium
CUST_09310,766.3,409.0,16.44,5.82,1,93.0,3.0,International
CUST_09311,90.19,116.0,1.77,0.15,0,61.0,1.1,Prepaid
CUST_09312,545.31,291.0,7.89,0.3,0,113.0,1.9,Postpaid
CUST_09313,474.17,342.0,9.53,0.39,1,114.0,3.3,Postpaid
CUST_09314,1027.43,695.0,45.58,2.62,3,199.0,2.0,Unlimited
CUST_09315,718.37,414.0,15.75,11.0,0,136.0,4.3,International
CUST_09316,1297.42,548.0,42.63,1.13,1,212.0,0.1,Unlimited
CUST_09317,214.58,229.0,5.99,0.55,3,89.0,6.1,Basic
CUST_09318,874.58,234.0,69.63,0.81,0,70.0,2.5,Data Plan
CUST_09319,422.74,360.0,11.15,0.74,4,112.0,1.9,Standard
CUST_09320,137.16,114.0,2.52,0.2,0,73.0,0.1,Basic
CUST_09321,607.23,341.0,8.2,0.44,1,122.0,1.0,Postpaid
CUST_09322,171.23,95.0,2.01,,0,46.0,0.5,Prepaid
CUST_09323,800.28,219.0,72.08,1.66,1,81.0,4.8,Unlimited
CUST_09324,162.15,123.0,1.97,0.15,0,84.0,0.4,Basic
CUST_09325,292.35,139.0,14.08,0.21,3,66.0,4.2,Basic
CUST_09326,359.57,270.0,10.14,0.16,2,177.0,11.0,Standard
CUST_09327,1289.64,653.0,63.3,2.08,0,227.0,0.6,Premium
CUST_09328,1364.96,669.0,52.19,2.37,1,158.0,1.2,Unlimited
CUST_09329,1106.06,611.0,49.49,1.64,1,216.0,1.2,Premium
CUST_09330,281.59,342.0,6.71,0.29,4,153.0,1.8,Basic
CUST_09331,153.43,116.0,3.19,0.15,1,50.0,2.4,Basic
CUST_09332,1106.84,108.0,67.19,0.97,1,96.0,0.6,Unlimited
CUST_09333,400.92,315.0,7.7,0.13,0,209.0,0.0,Standard
CUST_09334,1289.59,537.0,68.13,2.35,1,291.0,0.4,Premium
CUST_09335,827.72,446.0,10.28,6.67,0,112.0,3.9,International
CUST_09336,481.98,203.0,9.06,0.35,3,149.0,7.6,Standard
CUST_09337,302.42,297.0,11.05,0.24,1,136.0,1.9,Postpaid
CUST_09338,1104.0,515.0,44.85,1.47,1,289.0,2.0,Premium
CUST_09339,879.31,218.0,53.25,1.02,0,63.0,5.4,Data Plan
CUST_09340,781.81,426.0,15.5,6.51,1,99.0,1.9,International
CUST_09341,664.49,469.0,20.76,6.46,0,71.0,4.9,International
CUST_09342,145.85,142.0,1.98,0.07,0,63.0,3.0,Basic
CUST_09343,1103.65,544.0,63.32,1.66,1,212.0,0.2,Premium
CUST_09344,453.42,344.0,8.11,0.23,1,162.0,1.1,Postpaid
CUST_09345,279.31,383.0,4.57,0.45,2,78.0,22.1,Basic
CUST_09346,136.5,142.0,1.94,0.13,0,46.0,0.2,Basic
CUST_09347,127.23,101.0,1.7,0.12,0,55.0,1.4,Prepaid
CUST_09348,870.57,251.0,72.02,0.7,0,111.0,2.4,Unlimited
CUST_09349,1153.85,129.0,79.8,0.86,0,84.0,1.6,Data Plan
CUST_09350,180.9,119.0,2.15,0.14,0,46.0,3.5,Prepaid
CUST_09351,791.24,248.0,82.87,0.82,0,46.0,1.4,Unlimited
CUST_09352,1020.26,575.0,47.91,1.26,0,142.0,0.5,Unlimited
CUST_09353,681.02,235.0,85.87,1.0,1,101.0,0.3,Data Plan
CUST_09354,931.23,273.0,19.25,12.79,0,63.0,0.3,International
CUST_09355,338.86,274.0,6.75,0.16,1,98.0,4.5,Postpaid
CUST_09356,492.93,287.0,9.95,0.39,0,117.0,1.4,Standard
CUST_09357,287.75,200.0,10.37,0.77,1,189.0,12.4,Basic
CUST_09358,432.99,272.0,7.43,0.64,8,122.0,1.4,Standard
CUST_09359,352.26,239.0,9.57,0.43,1,185.0,0.0,Standard
CUST_09360,155.94,126.0,1.74,0.12,0,34.0,5.9,Prepaid
CUST_09361,1179.28,708.0,55.11,1.95,0,332.0,0.1,Unlimited
CUST_09362,312.5,158.0,9.4,0.79,2,119.0,13.3,Basic
CUST_09363,575.67,302.0,8.0,0.47,2,73.0,7.6,Basic
CUST_09364,1030.47,297.0,94.4,1.25,0,76.0,0.8,Data Plan
CUST_09365,363.93,327.0,11.56,0.36,1,185.0,1.2,Standard
CUST_09366,166.28,123.0,2.32,0.06,0,49.0,0.9,Prepaid
CUST_09367,149.0,76.0,1.39,0.09,1,37.0,1.1,Basic
CUST_09368,1011.45,607.0,36.48,1.56,0,148.0,0.3,Unlimited
CUST_09369,135.47,109.0,2.52,0.0,1,13.0,1.2,Basic
CUST_09370,787.04,468.0,13.91,11.34,0,27.0,16.6,Standard
CUST_09371,1041.25,620.0,43.62,2.66,0,162.0,0.8,Unlimited
CUST_09372,341.02,299.0,9.8,0.43,2,133.0,1.3,Standard
CUST_09373,360.2,338.0,8.29,0.72,1,127.0,4.9,Basic
CUST_09374,184.46,133.0,2.51,0.13,2,28.0,0.7,Basic
CUST_09375,185.85,102.0,2.22,0.0,0,39.0,4.7,Prepaid
CUST_09376,460.04,366.0,9.61,0.37,1,116.0,7.4,Standard
CUST_09377,428.41,284.0,9.91,0.51,2,181.0,33.5,Standard
CUST_09378,847.98,500.0,12.93,6.74,2,59.0,1.9,Standard
CUST_09379,1285.3,515.0,45.44,1.97,0,234.0,0.0,Unlimited
CUST_09380,266.36,205.0,7.82,0.09,3,125.0,8.2,Standard
CUST_09381,671.25,324.0,8.45,9.18,0,153.0,2.9,Standard
CUST_09382,612.68,409.0,15.1,9.74,0,97.0,1.9,International
CUST_09383,367.61,213.0,9.25,0.4,1,140.0,0.4,Standard
CUST_09384,1128.13,595.0,38.45,2.16,0,226.0,0.0,Premium
CUST_09385,1299.98,551.0,50.28,1.63,1,257.0,0.3,Premium
CUST_09386,132.69,101.0,2.38,,0,39.0,1.0,Basic
CUST_09387,377.93,257.0,4.01,0.73,3,209.0,0.2,Standard
CUST_09388,502.86,329.0,9.62,0.31,1,162.0,3.4,Standard
CUST_09389,251.41,369.0,13.94,0.23,0,145.0,1.7,Standard
CUST_09390,698.11,394.0,11.32,13.81,0,47.0,15.1,Standard
CUST_09391,1033.89,166.0,65.01,1.18,0,101.0,0.5,Data Plan
CUST_09392,388.11,369.0,10.3,0.34,0,182.0,7.1,Postpaid
CUST_09393,195.12,69.0,2.83,0.09,0,67.0,0.4,Basic
CUST_09394,397.53,214.0,9.1,0.63,6,122.0,14.7,Basic
CUST_09395,885.34,181.0,79.13,1.29,0,46.0,0.8,Unlimited
CUST_09396,1236.36,595.0,49.55,2.23,0,154.0,0.3,Unlimited
CUST_09397,172.77,102.0,2.58,0.16,0,51.0,1.0,Prepaid
CUST_09398,645.42,317.0,14.42,6.5,2,80.0,1.0,International
CUST_09399,807.29,197.0,92.56,0.32,0,96.0,0.5,Unlimited
CUST_09400,750.31,197.0,87.26,1.12,0,56.0,0.5,Unlimited
CUST_09401,437.38,218.0,12.36,0.2,0,190.0,2.1,Standard
CUST_09402,428.38,226.0,10.71,0.26,1,203.0,1.8,Standard
CUST_09403,291.39,290.0,4.82,0.45,3,150.0,2.4,Standard
CUST_09404,335.85,278.0,11.69,0.38,0,135.0,0.4,Standard
CUST_09405,697.79,204.0,77.48,1.23,0,65.0,3.5,Data Plan
CUST_09406,1266.67,561.0,32.63,1.13,0,242.0,0.5,Unlimited
CUST_09407,377.48,336.0,10.67,0.21,0,190.0,0.1,Postpaid
CUST_09408,200.18,78.0,1.79,0.1,0,29.0,0.5,Prepaid
CUST_09409,793.54,424.0,11.72,10.83,0,72.0,9.7,International
CUST_09410,1050.4,690.0,61.39,1.8,1,150.0,0.2,Unlimited
CUST_09411,273.08,364.0,11.56,0.3,0,146.0,2.3,Standard
CUST_09412,702.56,813.0,47.31,1.56,0,220.0,0.5,Premium
CUST_09413,114.19,132.0,2.31,0.12,0,51.0,1.6,Prepaid
CUST_09414,388.64,374.0,17.06,7.48,2,118.0,0.2,International
CUST_09415,986.53,170.0,76.8,0.79,0,99.0,2.8,Unlimited
CUST_09416,441.27,266.0,9.56,0.3,0,121.0,0.2,Standard
CUST_09417,164.21,115.0,2.64,0.1,2,69.0,1.2,Basic
CUST_09418,1205.7,470.0,53.07,2.38,0,297.0,0.2,Premium
CUST_09419,196.97,139.0,1.35,0.1,0,36.0,2.0,Basic
CUST_09420,139.11,65.0,1.99,0.13,1,61.0,2.2,Prepaid
CUST_09421,300.44,305.0,11.52,0.36,3,154.0,7.1,Basic
CUST_09422,96.95,146.0,1.63,0.13,0,11.0,1.3,Basic
CUST_09423,141.15,11.0,1.69,21.36,0,33.0,0.5,Prepaid
CUST_09424,130.48,73.0,1.89,0.15,0,56.0,0.5,Prepaid
CUST_09425,923.88,426.0,12.96,7.11,0,72.0,6.7,International
CUST_09426,268.32,353.0,13.32,0.19,1,154.0,1.0,Postpaid
CUST_09427,880.17,110.0,46.85,0.94,1,81.0,0.4,Data Plan
CUST_09428,702.27,230.0,82.42,1.4,2,56.0,0.2,Data Plan
CUST_09429,780.86,598.0,13.2,9.06,1,135.0,4.3,Standard
CUST_09430,966.27,216.0,78.56,0.91,1,71.0,1.3,Data Plan
CUST_09431,483.1,204.0,8.36,0.3,0,216.0,4.6,Standard
CUST_09432,1217.34,487.0,52.99,1.97,0,168.0,0.1,Unlimited
CUST_09433,1323.82,500.0,44.12,1.91,0,252.0,0.7,Premium
CUST_09434,371.14,243.0,10.24,0.34,0,187.0,1.2,Standard
CUST_09435,639.75,88.0,99.94,1.05,0,75.0,0.4,Data Plan
CUST_09436,687.43,187.0,68.78,0.31,0,94.0,0.6,Unlimited
CUST_09437,553.11,292.0,8.76,0.3,1,221.0,2.2,Standard
CUST_09438,1619.49,649.0,60.53,2.32,0,265.0,0.3,Unlimited
CUST_09439,359.81,290.0,11.04,0.22,0,180.0,3.1,Postpaid
CUST_09440,820.52,348.0,18.58,4.47,2,121.0,0.1,International
CUST_09441,135.51,75.0,2.55,0.13,0,75.0,0.6,Basic
CUST_09442,359.63,435.0,12.99,0.42,1,198.0,3.0,Standard
CUST_09443,388.84,270.0,12.25,0.25,3,121.0,1.5,Basic
CUST_09444,400.12,503.0,13.68,0.44,0,148.0,4.8,Standard
CUST_09445,986.56,171.0,78.93,0.85,0,105.0,2.1,Data Plan
CUST_09446,151.93,128.0,2.1,0.12,0,56.0,0.6,Prepaid
CUST_09447,294.4,255.0,9.04,0.34,2,170.0,0.1,Standard
CUST_09448,272.09,291.0,8.09,0.34,3,187.0,49.9,Standard
CUST_09449,1061.3,144.0,78.24,0.86,0,54.0,0.7,Data Plan
CUST_09450,1037.37,236.0,82.98,1.15,1,127.0,0.1,Data Plan
CUST_09451,1055.54,202.0,98.54,1.28,1,50.0,1.0,Data Plan
CUST_09452,1190.88,508.0,56.91,2.06,24,155.0,39.6,Premium
CUST_09453,867.26,369.0,15.99,7.76,0,140.0,4.1,International
CUST_09454,149.17,108.0,2.84,0.13,1,31.0,0.1,Prepaid
CUST_09455,975.89,159.0,100.17,1.35,0,71.0,0.0,Data Plan
CUST_09456,353.97,183.0,10.04,0.08,0,139.0,0.3,Postpaid
CUST_09457,765.35,227.0,66.69,1.19,0,75.0,1.0,Data Plan
CUST_09458,1007.62,400.0,13.43,6.17,2,60.0,1.8,International
CUST_09459,109.98,118.0,1.98,0.1,0,24.0,0.1,Basic
CUST_09460,956.26,658.0,49.21,1.84,0,255.0,0.4,Premium
CUST_09461,199.84,24.0,0.79,44.33,0,51.0,0.1,Prepaid
CUST_09462,914.66,304.0,13.77,8.89,0,109.0,5.4,International
CUST_09463,418.49,203.0,10.0,0.23,0,170.0,0.3,Standard
CUST_09464,193.31,138.0,2.48,0.07,0,55.0,0.4,Basic
CUST_09465,153.9,373.0,8.46,0.36,2,59.0,17.4,Basic
CUST_09466,899.44,356.0,17.27,7.86,1,86.0,0.6,International
CUST_09467,1003.41,613.0,48.77,2.48,0,319.0,1.0,Premium
CUST_09468,1010.78,327.0,19.29,6.46,1,123.0,2.4,Standard
CUST_09469,403.63,159.0,8.79,0.48,2,118.0,7.3,Basic
CUST_09470,247.64,322.0,10.58,0.45,1,224.0,0.7,Postpaid
CUST_09471,789.62,180.0,87.54,0.71,0,62.0,2.6,Data Plan
CUST_09472,1264.13,441.0,51.59,2.9,0,199.0,0.6,Premium
CUST_09473,470.94,183.0,9.08,0.51,1,121.0,6.5,Standard
CUST_09474,1157.22,207.0,84.58,0.79,0,67.0,4.7,Unlimited
CUST_09475,1328.13,581.0,34.51,1.72,0,203.0,0.3,Premium
CUST_09476,603.0,406.0,15.12,6.81,0,144.0,14.5,International
CUST_09477,990.81,646.0,44.27,2.19,2,174.0,0.5,Unlimited
CUST_09478,1077.85,565.0,45.31,1.87,0,197.0,0.1,Unlimited
CUST_09479,385.37,373.0,9.85,0.27,3,187.0,27.2,Standard
CUST_09480,521.06,214.0,9.2,0.38,0,73.0,4.4,Standard
CUST_09481,184.46,98.0,1.83,0.06,0,62.0,0.4,Basic
CUST_09482,166.92,104.0,1.92,0.09,0,34.0,0.2,Basic
CUST_09483,403.6,329.0,11.07,0.33,0,123.0,0.8,Standard
CUST_09484,324.56,178.0,12.73,0.68,3,112.0,10.1,Basic
CUST_09485,1105.57,524.0,47.93,2.06,0,208.0,0.0,Premium
CUST_09486,883.7,499.0,12.85,6.16,1,115.0,10.0,Standard
CUST_09487,299.39,295.0,9.5,0.3,0,134.0,0.1,Standard
CUST_09488,226.2,182.0,11.12,0.49,1,131.0,4.3,Basic
CUST_09489,603.02,722.0,56.19,1.14,0,154.0,0.1,Premium
CUST_09490,235.37,167.0,3.02,0.53,3,154.0,5.5,Basic
CUST_09491,884.68,88.0,75.39,0.59,1,66.0,1.0,Data Plan
CUST_09492,834.46,434.0,58.27,1.61,1,181.0,0.1,Unlimited
CUST_09493,287.57,268.0,8.05,0.48,0,105.0,1.0,Standard
CUST_09494,154.51,122.0,2.59,0.1,0,54.0,0.2,Basic
CUST_09495,448.5,258.0,9.52,0.36,0,198.0,0.7,Standard
CUST_09496,446.25,346.0,11.89,0.31,0,140.0,0.0,Postpaid
CUST_09497,418.48,183.0,5.7,0.43,1,100.0,4.3,Standard
CUST_09498,150.36,265.0,4.81,0.67,5,140.0,10.1,Standard
CUST_09499,949.35,176.0,101.98,1.58,0,76.0,0.5,Data Plan
CUST_09500,135.92,64.0,1.32,0.14,0,41.0,0.4,Prepaid
CUST_09501,1139.76,443.0,16.11,9.32,0,164.0,2.3,Standard
CUST_09502,928.85,191.0,69.22,1.41,0,75.0,1.1,Data Plan
CUST_09503,473.63,334.0,13.15,0.32,0,129.0,3.0,Standard
CUST_09504,145.24,149.0,1.25,0.14,0,46.0,0.8,Basic
CUST_09505,930.33,143.0,87.77,0.93,0,89.0,1.8,Unlimited
CUST_09506,846.57,96.0,110.41,1.36,0,80.0,0.1,Unlimited
CUST_09507,1413.18,690.0,24.57,1.01,0,235.0,0.1,Unlimited
CUST_09508,1117.36,718.0,66.15,2.02,0,119.0,0.4,Unlimited
CUST_09509,294.03,254.0,11.97,0.23,0,163.0,1.3,Standard
CUST_09510,1110.05,398.0,49.64,2.05,1,178.0,0.0,Unlimited
CUST_09511,288.46,264.0,8.01,0.3,2,167.0,1.2,Standard
CUST_09512,416.61,351.0,11.6,0.28,0,149.0,1.1,Postpaid
CUST_09513,413.27,278.0,9.69,0.94,2,100.0,13.0,Basic
CUST_09514,671.54,509.0,17.51,11.49,1,81.0,1.0,International
CUST_09515,454.7,355.0,8.09,0.26,0,150.0,0.8,Standard
CUST_09516,1389.55,458.0,43.25,2.34,0,234.0,0.9,Unlimited
CUST_09517,1523.4,667.0,73.39,1.96,0,124.0,0.0,Premium
CUST_09518,112.37,133.0,1.73,0.1,0,64.0,0.9,Prepaid
CUST_09519,594.56,225.0,10.15,0.26,0,172.0,0.5,Postpaid
CUST_09520,169.16,112.0,1.87,0.08,0,50.0,1.6,Basic
CUST_09521,412.17,284.0,,0.24,1,195.0,0.5,Standard
CUST_09522,377.13,243.0,12.57,0.41,0,184.0,1.1,Postpaid
CUST_09523,403.88,256.0,9.38,0.42,0,161.0,4.4,Standard
CUST_09524,1556.54,27.0,1.05,24.36,1,206.0,0.6,Unlimited
CUST_09525,1010.71,243.0,85.52,1.16,1,76.0,0.7,Data Plan
CUST_09526,780.42,328.0,20.62,11.48,1,68.0,1.8,Standard
CUST_09527,133.81,81.0,2.8,0.05,0,46.0,0.4,Basic
CUST_09528,456.19,208.0,5.55,0.49,4,130.0,8.5,Basic
CUST_09529,368.14,321.0,11.31,0.36,5,157.0,1.0,Standard
CUST_09530,103.98,72.0,1.47,0.01,23,49.0,57.6,Prepaid
CUST_09531,1315.72,670.0,37.05,1.97,0,290.0,0.3,Unlimited
CUST_09532,297.59,275.0,9.68,0.29,4,74.0,10.9,Standard
CUST_09533,193.6,143.0,2.12,0.07,1,33.0,0.7,Prepaid
CUST_09534,486.74,285.0,12.36,0.33,0,162.0,2.2,Standard
CUST_09535,621.32,324.0,9.24,0.33,1,155.0,1.4,Standard
CUST_09536,1095.48,216.0,83.99,1.08,1,70.0,2.6,Unlimited
CUST_09537,258.62,366.0,12.53,0.1,3,120.0,2.3,Standard
CUST_09538,153.47,109.0,1.03,0.17,1,61.0,0.6,Basic
CUST_09539,832.1,567.0,15.67,10.44,1,99.0,5.3,International
CUST_09540,712.67,245.0,98.91,1.26,0,69.0,2.6,Data Plan
CUST_09541,353.5,282.0,9.79,0.44,0,168.0,0.1,Standard
CUST_09542,773.98,163.0,84.03,1.22,0,46.0,3.1,Data Plan
CUST_09543,286.22,396.0,8.99,0.4,0,183.0,6.7,Postpaid
CUST_09544,1178.22,646.0,61.67,2.17,0,30.0,0.0,Premium
CUST_09545,412.19,271.0,14.85,,0,144.0,0.8,Standard
CUST_09546,466.04,289.0,7.84,0.2,1,146.0,1.6,Standard
CUST_09547,201.72,224.0,8.45,0.58,1,48.0,26.4,Basic
CUST_09548,111.16,144.0,2.02,0.08,0,31.0,2.9,Basic
CUST_09549,472.74,245.0,10.88,0.35,0,190.0,0.1,Postpaid
CUST_09550,1037.52,610.0,39.42,2.63,0,206.0,0.2,Unlimited
CUST_09551,383.4,285.0,6.08,0.49,2,37.0,6.2,Standard
CUST_09552,1085.38,460.0,48.03,1.65,0,174.0,0.2,Unlimited
CUST_09553,1550.76,533.0,43.62,1.63,1,254.0,1.1,Premium
CUST_09554,468.89,271.0,14.93,0.28,0,174.0,1.4,Standard
CUST_09555,943.01,675.0,64.01,1.96,0,223.0,0.1,Unlimited
CUST_09556,359.19,281.0,8.18,0.21,0,165.0,4.1,Postpaid
CUST_09557,448.02,336.0,10.63,0.2,0,165.0,0.5,Postpaid
CUST_09558,743.11,418.0,15.06,7.54,2,42.0,0.7,International
CUST_09559,156.03,107.0,1.75,0.13,0,73.0,1.6,Prepaid
CUST_09560,133.34,121.0,3.27,0.06,1,62.0,0.0,Basic
CUST_09561,827.32,368.0,9.98,5.64,0,115.0,0.6,Standard
CUST_09562,591.28,13.0,63.57,0.86,0,87.0,4.1,Unlimited
CUST_09563,1499.84,611.0,49.87,2.24,0,232.0,0.1,Premium
CUST_09564,777.22,193.0,109.03,0.32,0,100.0,0.2,Unlimited
CUST_09565,320.26,299.0,12.13,0.39,1,131.0,2.7,Postpaid
CUST_09566,1479.44,647.0,43.41,2.14,0,218.0,0.1,Unlimited
CUST_09567,626.82,280.0,38.73,1.49,0,85.0,1.6,Data Plan
CUST_09568,961.85,201.0,54.28,1.13,0,78.0,1.2,Data Plan
CUST_09569,702.2,258.0,9.15,0.11,0,213.0,3.3,Standard
CUST_09570,782.33,377.0,13.36,6.56,0,104.0,0.1,International
CUST_09571,271.55,246.0,7.35,0.2,5,101.0,3.1,Standard
CUST_09572,366.58,308.0,9.38,0.27,1,170.0,5.3,Standard
CUST_09573,998.92,369.0,12.31,6.81,3,60.0,12.3,International
CUST_09574,1341.64,574.0,66.91,2.13,1,228.0,0.2,Unlimited
CUST_09575,370.31,340.0,11.5,0.32,1,206.0,2.1,Standard
CUST_09576,196.6,58.0,2.57,0.28,1,54.0,13.6,Standard
CUST_09577,813.22,424.0,17.78,12.16,0,95.0,2.4,International
CUST_09578,418.6,307.0,7.34,0.29,0,175.0,1.2,Standard
CUST_09579,864.26,469.0,17.5,9.08,0,112.0,6.1,Standard
CUST_09580,455.85,320.0,10.06,0.23,0,177.0,1.3,Standard
CUST_09581,1052.37,648.0,60.86,2.37,0,231.0,2.9,Premium
CUST_09582,859.1,249.0,106.35,0.97,0,52.0,6.1,Unlimited
CUST_09583,399.79,312.0,9.53,0.33,1,111.0,5.1,Standard
CUST_09584,522.96,335.0,5.34,0.46,3,30.0,2.5,Basic
CUST_09585,390.48,336.0,11.29,0.16,0,127.0,1.1,Standard
CUST_09586,137.05,98.0,1.75,0.06,0,16.0,0.0,Prepaid
CUST_09587,331.49,368.0,9.1,0.23,14,165.0,48.6,Standard
CUST_09588,430.01,231.0,10.54,0.2,0,162.0,1.3,Standard
CUST_09589,455.13,188.0,11.01,0.61,1,185.0,2.4,Basic
CUST_09590,821.43,440.0,11.62,3.24,0,72.0,2.5,Standard
CUST_09591,160.15,109.0,2.1,0.09,1,50.0,0.6,Basic
CUST_09592,406.7,257.0,10.84,0.3,2,99.0,0.4,Standard
CUST_09593,441.7,295.0,10.39,0.23,0,197.0,0.0,Standard
CUST_09594,407.16,187.0,7.51,0.81,5,146.0,3.4,Basic
CUST_09595,440.49,342.0,8.67,0.33,0,177.0,0.1,Postpaid
CUST_09596,137.37,123.0,2.33,0.17,0,27.0,0.4,Basic
CUST_09597,1074.35,847.0,65.53,2.15,1,250.0,0.8,Unlimited
CUST_09598,116.61,284.0,3.57,0.64,4,134.0,14.2,Basic
CUST_09599,142.83,114.0,1.71,0.06,0,35.0,1.2,Prepaid
CUST_09600,139.52,18.0,1.49,37.72,0,39.0,0.7,Basic
CUST_09601,188.91,130.0,1.76,0.14,0,55.0,0.1,Prepaid
CUST_09602,840.0,160.0,88.75,1.3,0,64.0,3.3,Data Plan
CUST_09603,164.9,138.0,1.6,0.17,0,61.0,0.1,Basic
CUST_09604,1149.0,228.0,61.08,0.83,0,89.0,1.2,Data Plan
CUST_09605,120.26,121.0,3.14,0.13,0,73.0,0.5,Basic
CUST_09606,316.36,397.0,9.75,0.3,0,149.0,0.4,Standard
CUST_09607,1372.65,530.0,45.15,1.87,0,323.0,0.2,Premium
CUST_09608,283.48,284.0,,0.69,3,95.0,25.0,Standard
CUST_09609,981.23,75.0,69.45,1.27,0,82.0,2.8,Data Plan
CUST_09610,1108.39,222.0,70.65,0.65,0,77.0,3.8,Unlimited
CUST_09611,1295.95,640.0,65.95,2.47,0,287.0,0.9,Premium
CUST_09612,109.67,57.0,2.43,0.12,0,50.0,0.8,Basic
CUST_09613,253.3,290.0,5.65,0.41,6,106.0,14.5,Basic
CUST_09614,1365.08,642.0,47.29,1.3,0,192.0,0.1,Premium
CUST_09615,873.86,256.0,80.59,1.24,0,91.0,2.4,Data Plan
CUST_09616,100.35,127.0,0.54,0.08,1,54.0,0.2,Prepaid
CUST_09617,420.64,322.0,10.72,0.4,0,234.0,3.8,Standard
CUST_09618,641.43,377.0,16.34,11.33,1,111.0,0.3,Standard
CUST_09619,257.39,44.0,1.29,24.69,7,138.0,0.8,Standard
CUST_09620,681.85,366.0,10.48,7.44,3,99.0,0.0,International
CUST_09621,5983.76,343.0,19.39,15.44,8,69.0,0.7,International
CUST_09622,395.78,323.0,8.16,0.41,1,139.0,0.4,Postpaid
CUST_09623,806.54,395.0,16.43,8.69,0,61.0,0.2,Standard
CUST_09624,1055.93,124.0,,0.42,0,70.0,0.2,Data Plan
CUST_09625,134.47,77.0,1.33,0.13,0,56.0,0.8,Prepaid
CUST_09626,1042.44,577.0,47.62,1.56,0,206.0,0.1,Premium
CUST_09627,1011.21,650.0,51.88,1.76,0,181.0,0.4,Unlimited
CUST_09628,1195.71,595.0,39.91,2.15,1,261.0,0.3,Premium
CUST_09629,142.98,53.0,1.32,0.09,0,49.0,0.7,Prepaid
CUST_09630,262.16,291.0,6.63,0.33,0,170.0,0.7,Standard
CUST_09631,1125.0,715.0,38.18,1.95,0,227.0,0.0,Premium
CUST_09632,397.6,268.0,9.78,0.3,0,102.0,5.7,Standard
CUST_09633,350.82,282.0,9.43,0.45,0,177.0,1.6,Standard
CUST_09634,473.42,325.0,7.01,0.23,1,114.0,,Standard
CUST_09635,1167.86,625.0,34.87,3.12,0,268.0,0.5,Premium
CUST_09636,520.45,305.0,5.44,0.45,1,120.0,14.5,Basic
CUST_09637,625.5,338.0,17.37,9.23,1,134.0,4.6,International
CUST_09638,744.89,461.0,12.37,12.48,1,88.0,1.1,International
CUST_09639,3202.9,97.0,2.37,35.13,11,41.0,0.2,Prepaid
CUST_09640,174.88,166.0,1.63,0.11,0,60.0,0.5,Basic
CUST_09641,264.1,405.0,8.8,0.35,1,151.0,1.4,Postpaid
CUST_09642,444.39,442.0,12.2,0.11,0,100.0,2.1,Postpaid
CUST_09643,185.67,106.0,2.07,0.01,1,83.0,0.5,Prepaid
CUST_09644,1182.4,703.0,46.31,2.36,1,72.0,0.2,Premium
CUST_09645,997.54,241.0,85.77,1.31,0,73.0,0.2,Data Plan
CUST_09646,874.08,405.0,16.75,7.51,2,127.0,0.5,International
CUST_09647,540.37,449.0,13.07,9.96,0,117.0,5.3,International
CUST_09648,719.22,208.0,86.6,1.16,0,130.0,0.3,Data Plan
CUST_09649,429.58,249.0,8.49,0.35,1,183.0,0.4,Postpaid
CUST_09650,467.51,198.0,8.08,0.8,1,113.0,5.2,Standard
CUST_09651,1273.74,435.0,15.26,7.15,0,57.0,0.6,International
CUST_09652,379.07,261.0,8.84,0.18,1,147.0,1.4,Postpaid
CUST_09653,1753.82,519.0,55.71,1.3,0,130.0,0.5,Premium
CUST_09654,432.29,264.0,4.42,0.57,2,92.0,0.1,Standard
CUST_09655,365.12,245.0,11.57,0.18,0,142.0,6.8,Standard
CUST_09656,1137.94,645.0,43.41,2.19,0,187.0,0.1,Premium
CUST_09657,746.51,389.0,15.32,11.18,1,165.0,1.3,Standard
CUST_09658,973.8,291.0,97.12,1.08,1,89.0,1.3,Unlimited
CUST_09659,93.54,82.0,1.4,0.08,0,18.0,1.7,Basic
CUST_09660,1261.32,686.0,52.81,2.09,0,37.0,0.8,Premium
CUST_09661,138.46,123.0,1.85,0.13,0,49.0,1.9,Basic
CUST_09662,308.47,284.0,11.63,0.2,0,161.0,0.4,Standard
CUST_09663,1126.79,605.0,62.59,2.01,0,256.0,0.0,Premium
CUST_09664,1195.96,591.0,56.46,2.58,0,207.0,0.1,Unlimited
CUST_09665,302.54,248.0,0.64,0.38,4,116.0,2.4,Standard
CUST_09666,338.82,220.0,9.72,0.6,4,19.0,3.6,Basic
CUST_09667,300.6,418.0,6.73,0.41,3,71.0,20.9,Basic
CUST_09668,502.56,255.0,12.21,0.43,1,89.0,5.1,Basic
CUST_09669,166.79,88.0,3.38,0.13,0,18.0,0.2,Basic
CUST_09670,142.48,151.0,2.56,0.16,1,57.0,5.7,Basic
CUST_09671,158.79,68.0,2.5,0.14,0,47.0,0.0,Basic
CUST_09672,261.5,256.0,3.31,0.63,4,83.0,7.6,Standard
CUST_09673,305.59,238.0,8.51,0.38,0,153.0,2.0,Standard
CUST_09674,136.06,162.0,2.63,0.08,0,51.0,1.1,Prepaid
CUST_09675,428.5,244.0,15.08,0.36,1,150.0,1.4,Standard
CUST_09676,270.91,306.0,7.12,0.68,4,55.0,22.4,Basic
CUST_09677,346.52,267.0,9.46,0.37,2,191.0,0.6,Standard
CUST_09678,537.92,307.0,9.25,0.23,0,110.0,0.2,Standard
CUST_09679,138.9,125.0,2.5,0.07,0,68.0,0.7,Basic
CUST_09680,1385.47,554.0,65.62,1.69,1,249.0,0.5,Unlimited
CUST_09681,139.45,94.0,2.01,0.16,1,36.0,0.5,Basic
CUST_09682,807.54,432.0,13.48,9.5,0,101.0,2.0,International
CUST_09683,807.48,664.0,48.71,1.98,1,104.0,0.0,Unlimited
CUST_09684,85.45,90.0,1.59,,0,70.0,1.0,Prepaid
CUST_09685,432.98,136.0,10.29,0.67,4,106.0,6.4,Basic
CUST_09686,499.99,380.0,10.21,0.34,1,156.0,0.1,Postpaid
CUST_09687,402.86,333.0,11.2,0.19,0,143.0,2.1,Postpaid
CUST_09688,863.94,270.0,80.38,0.77,0,70.0,0.1,Unlimited
CUST_09689,958.33,400.0,20.44,6.07,2,96.0,4.1,Standard
CUST_09690,388.85,386.0,8.29,0.16,0,159.0,1.8,Postpaid
CUST_09691,173.57,107.0,1.4,0.03,1,83.0,0.1,Prepaid
CUST_09692,136.6,60.0,2.2,0.15,0,57.0,1.0,Basic
CUST_09693,562.4,206.0,73.06,0.77,0,68.0,5.4,Data Plan
CUST_09694,1035.28,685.0,60.53,1.96,0,189.0,0.2,Unlimited
CUST_09695,144.45,133.0,1.77,0.06,0,68.0,0.0,Basic
CUST_09696,1166.2,194.0,99.61,0.38,1,79.0,0.1,Data Plan
CUST_09697,126.79,85.0,1.83,0.06,1,49.0,0.2,Basic
CUST_09698,133.19,75.0,1.32,0.03,0,60.0,0.2,Basic
CUST_09699,424.15,387.0,10.89,0.13,0,145.0,3.0,Standard
CUST_09700,815.97,140.0,71.32,0.94,1,85.0,0.2,Unlimited
CUST_09701,173.15,108.0,1.85,0.18,0,49.0,1.6,Prepaid
CUST_09702,368.54,265.0,10.43,0.19,1,118.0,2.0,Standard
CUST_09703,160.4,117.0,2.14,0.0,0,33.0,0.1,Prepaid
CUST_09704,414.36,279.0,8.02,0.31,1,165.0,1.4,Standard
CUST_09705,915.85,166.0,93.96,1.45,0,61.0,1.3,Unlimited
CUST_09706,445.04,250.0,9.28,0.42,3,96.0,21.2,Basic
CUST_09707,387.84,332.0,8.52,0.18,1,69.0,8.0,Standard
CUST_09708,230.44,218.0,7.12,0.41,2,64.0,26.7,Basic
CUST_09709,1356.65,612.0,42.26,2.28,0,246.0,1.4,Premium
CUST_09710,407.46,243.0,11.94,0.52,3,149.0,3.3,Basic
CUST_09711,984.64,176.0,68.02,0.74,1,58.0,0.9,Unlimited
CUST_09712,358.95,236.0,4.94,0.82,2,120.0,7.8,Standard
CUST_09713,946.54,455.0,70.25,1.97,1,316.0,0.1,Premium
CUST_09714,953.53,250.0,69.86,1.19,1,113.0,0.1,Unlimited
CUST_09715,795.09,487.0,13.85,10.35,1,144.0,1.8,International
CUST_09716,1152.11,433.0,49.51,2.72,1,209.0,0.5,Unlimited
CUST_09717,182.67,133.0,2.26,0.08,0,33.0,2.8,Basic
CUST_09718,458.46,297.0,10.39,0.32,0,206.0,7.1,Postpaid
CUST_09719,1240.9,602.0,67.0,1.37,0,266.0,0.1,Premium
CUST_09720,889.13,160.0,88.71,1.18,0,81.0,0.4,Data Plan
CUST_09721,339.64,252.0,,0.37,0,146.0,2.0,Postpaid
CUST_09722,109.62,126.0,1.48,0.09,0,48.0,1.2,Basic
CUST_09723,946.97,449.0,18.63,8.87,1,58.0,3.6,International
CUST_09724,176.51,49.0,2.54,0.07,0,61.0,5.3,Basic
CUST_09725,277.73,413.0,10.31,0.23,2,150.0,2.7,Postpaid
CUST_09726,496.61,107.0,8.09,0.35,1,145.0,2.3,Basic
CUST_09727,776.04,197.0,74.88,1.11,1,88.0,3.3,Unlimited
CUST_09728,959.31,144.0,65.03,1.43,0,87.0,1.1,Data Plan
CUST_09729,1124.25,768.0,50.41,1.91,0,186.0,0.0,Unlimited
CUST_09730,404.12,283.0,14.33,0.39,0,225.0,1.7,Standard
CUST_09731,124.94,82.0,1.74,0.04,0,21.0,0.7,Basic
CUST_09732,816.22,478.0,14.79,10.03,0,84.0,1.2,International
CUST_09733,825.09,153.0,82.97,0.65,0,82.0,2.4,Unlimited
CUST_09734,438.24,337.0,7.29,0.25,0,173.0,5.7,Postpaid
CUST_09735,1111.73,495.0,61.15,2.14,0,255.0,0.7,Premium
CUST_09736,985.15,201.0,105.17,0.92,0,94.0,1.8,Data Plan
CUST_09737,383.34,202.0,10.37,0.1,0,227.0,0.3,Standard
CUST_09738,779.55,390.0,9.0,5.54,0,93.0,0.8,International
CUST_09739,1111.36,533.0,55.76,2.69,0,138.0,0.7,Unlimited
CUST_09740,365.76,214.0,12.03,0.58,6,52.0,1.8,Basic
CUST_09741,160.28,123.0,1.9,0.1,0,61.0,2.2,Basic
CUST_09742,327.71,319.0,8.46,0.19,1,118.0,1.2,Standard
CUST_09743,515.1,345.0,11.69,0.2,1,128.0,1.6,Postpaid
CUST_09744,1232.58,779.0,49.13,1.11,0,214.0,0.0,Unlimited
CUST_09745,411.19,255.0,12.44,0.16,0,176.0,0.2,Postpaid
CUST_09746,382.13,402.0,9.63,0.08,0,144.0,0.4,Standard
CUST_09747,150.15,61.0,1.93,0.11,0,53.0,0.2,Prepaid
CUST_09748,832.45,216.0,92.43,0.54,0,76.0,0.4,Data Plan
CUST_09749,471.61,277.0,10.17,0.41,0,149.0,0.6,Postpaid
CUST_09750,176.08,101.0,5.44,0.43,2,143.0,7.3,Basic
CUST_09751,469.34,318.0,8.32,0.11,1,183.0,4.8,Standard
CUST_09752,752.93,185.0,64.45,0.86,0,59.0,1.5,Data Plan
CUST_09753,1326.66,710.0,50.92,1.3,1,140.0,0.5,Unlimited
CUST_09754,3371.62,120.0,2.72,0.05,0,62.0,3.0,Basic
CUST_09755,705.77,342.0,12.21,6.35,0,79.0,2.4,International
CUST_09756,815.27,356.0,18.36,8.58,1,82.0,1.4,International
CUST_09757,317.91,203.0,10.48,0.52,0,107.0,5.4,Standard
CUST_09758,199.26,74.0,1.57,0.08,0,50.0,0.3,Basic
CUST_09759,464.47,194.0,9.1,0.37,2,89.0,0.5,Standard
CUST_09760,297.45,236.0,9.22,0.32,1,147.0,0.8,Postpaid
CUST_09761,508.2,294.0,1.44,0.48,5,190.0,0.8,Standard
CUST_09762,732.1,351.0,17.22,5.17,1,137.0,13.3,International
CUST_09763,505.5,264.0,11.36,0.31,0,209.0,0.9,Standard
CUST_09764,1324.02,613.0,44.21,2.62,0,207.0,1.2,Unlimited
CUST_09765,992.67,447.0,31.98,2.11,0,173.0,0.1,Unlimited
CUST_09766,298.92,295.0,11.22,0.24,2,195.0,1.8,Postpaid
CUST_09767,869.15,133.0,86.22,1.08,1,124.0,0.0,Data Plan
CUST_09768,740.12,207.0,56.14,1.02,0,103.0,0.1,Data Plan
CUST_09769,878.53,179.0,49.44,0.9,0,47.0,0.3,Data Plan
CUST_09770,52.76,131.0,2.38,0.09,0,46.0,1.2,Basic
CUST_09771,502.49,319.0,6.87,0.2,1,97.0,1.1,Standard
CUST_09772,1064.25,569.0,58.49,2.68,0,312.0,2.1,Unlimited
CUST_09773,976.93,467.0,12.46,8.49,0,86.0,2.6,International
CUST_09774,374.48,209.0,6.17,0.76,4,67.0,6.9,Basic
CUST_09775,271.81,329.0,8.2,0.62,3,101.0,3.4,Standard
CUST_09776,128.75,70.0,1.79,0.06,0,60.0,1.5,Basic
CUST_09777,1377.92,566.0,42.55,1.42,0,295.0,1.1,Unlimited
CUST_09778,550.97,418.0,11.62,0.35,1,91.0,0.1,Postpaid
CUST_09779,858.14,305.0,12.1,5.67,0,83.0,8.8,International
CUST_09780,1431.92,708.0,57.26,1.05,1,197.0,0.4,Unlimited
CUST_09781,156.7,105.0,3.03,0.08,0,49.0,0.8,Basic
CUST_09782,535.93,294.0,5.85,0.21,1,172.0,1.5,Standard
CUST_09783,719.99,396.0,63.19,0.92,0,96.0,0.7,Data Plan
CUST_09784,152.79,66.0,0.94,0.08,0,24.0,2.2,Basic
CUST_09785,174.0,120.0,1.71,0.11,0,50.0,1.8,Basic
CUST_09786,370.32,259.0,7.81,0.46,0,113.0,0.6,Standard
CUST_09787,283.12,259.0,9.04,0.53,5,191.0,1.3,Standard
CUST_09788,171.75,114.0,1.6,0.11,0,36.0,1.1,Basic
CUST_09789,1070.1,183.0,87.66,1.31,0,74.0,0.9,Data Plan
CUST_09790,827.61,435.0,9.59,10.25,1,97.0,0.2,Standard
CUST_09791,547.02,268.0,10.83,6.91,2,86.0,1.0,International
CUST_09792,385.83,364.0,9.6,0.44,0,151.0,1.5,Postpaid
CUST_09793,145.67,114.0,1.6,0.11,1,52.0,0.1,Prepaid
CUST_09794,343.04,244.0,9.25,0.35,0,182.0,1.9,Standard
CUST_09795,3602.21,234.0,10.23,15.89,13,186.0,0.2,Standard
CUST_09796,1029.26,245.0,102.51,0.8,0,83.0,2.2,Data Plan
CUST_09797,909.69,210.0,64.9,1.57,1,102.0,1.9,Data Plan
CUST_09798,752.66,299.0,17.02,6.39,1,94.0,1.9,International
CUST_09799,113.11,117.0,1.52,0.13,0,33.0,3.2,Prepaid
CUST_09800,720.36,530.0,14.2,8.84,0,118.0,2.5,International
CUST_09801,154.61,100.0,1.22,0.08,0,21.0,0.9,Basic
CUST_09802,300.67,92.0,12.26,0.37,3,136.0,0.1,Basic
CUST_09803,332.12,216.0,9.25,0.39,0,103.0,0.2,Standard
CUST_09804,244.11,228.0,2.46,0.31,3,117.0,11.8,Basic
CUST_09805,465.72,384.0,8.46,0.17,1,158.0,1.6,Standard
CUST_09806,335.9,366.0,11.92,0.37,0,167.0,1.7,Standard
CUST_09807,1004.63,138.0,70.57,0.81,1,103.0,0.6,Data Plan
CUST_09808,535.5,156.0,12.95,0.43,0,219.0,1.1,Standard
CUST_09809,182.49,118.0,1.51,0.21,0,47.0,0.1,Basic
CUST_09810,430.94,287.0,10.81,0.35,2,123.0,0.7,Postpaid
CUST_09811,1587.75,600.0,46.99,2.66,0,238.0,0.8,Premium
CUST_09812,1069.76,385.0,42.7,2.29,0,228.0,0.9,Premium
CUST_09813,1033.32,692.0,51.26,2.48,0,208.0,0.9,Premium
CUST_09814,207.0,134.0,2.15,0.1,0,63.0,1.7,Basic
CUST_09815,1008.46,369.0,45.0,2.0,0,160.0,0.2,Unlimited
CUST_09816,1330.11,447.0,56.5,1.52,1,152.0,0.3,Premium
CUST_09817,825.32,476.0,10.89,7.27,0,122.0,3.6,International
CUST_09818,898.94,259.0,62.62,1.23,0,71.0,3.6,Unlimited
CUST_09819,1264.67,480.0,57.81,1.91,0,146.0,0.1,Premium
CUST_09820,295.47,364.0,8.86,0.7,3,139.0,0.8,Standard
CUST_09821,192.62,130.0,2.59,0.1,0,42.0,4.6,Prepaid
CUST_09822,1334.76,766.0,61.7,2.24,1,236.0,0.4,Premium
CUST_09823,177.72,116.0,2.06,0.04,0,61.0,0.6,Prepaid
CUST_09824,485.15,305.0,11.1,0.31,0,104.0,5.3,Standard
CUST_09825,121.35,92.0,3.04,0.05,23,66.0,30.9,Basic
CUST_09826,266.03,373.0,10.56,0.09,7,160.0,11.9,Standard
CUST_09827,2537.29,108.0,6.16,0.6,2,158.0,2.2,Standard
CUST_09828,432.41,241.0,8.75,0.16,1,173.0,5.7,Standard
CUST_09829,224.79,38.0,2.23,,0,44.0,1.9,Basic
CUST_09830,842.84,475.0,13.47,6.7,0,106.0,0.1,International
CUST_09831,177.57,72.0,1.51,0.13,0,13.0,0.9,Basic
CUST_09832,1150.58,739.0,43.05,2.02,2,182.0,0.4,Premium
CUST_09833,387.01,370.0,7.98,0.12,0,43.0,0.6,Postpaid
CUST_09834,360.53,264.0,7.5,0.15,1,159.0,6.7,Postpaid
CUST_09835,210.18,148.0,1.36,0.07,0,31.0,2.1,Prepaid
CUST_09836,434.34,210.0,11.48,0.41,4,121.0,6.7,Basic
CUST_09837,145.11,141.0,2.23,0.18,0,28.0,1.0,Basic
CUST_09838,133.7,76.0,1.76,0.0,0,43.0,1.6,Basic
CUST_09839,458.43,424.0,5.74,0.35,1,151.0,0.0,Standard
CUST_09840,383.75,294.0,10.4,0.32,0,108.0,2.0,Standard
CUST_09841,906.72,522.0,53.26,1.91,1,240.0,2.0,Unlimited
CUST_09842,1174.34,674.0,61.64,1.75,0,186.0,0.3,Unlimited
CUST_09843,998.5,200.0,97.65,1.26,0,101.0,0.2,Unlimited
CUST_09844,460.66,138.0,9.0,0.6,3,49.0,13.1,Standard
CUST_09845,1055.82,209.0,83.4,0.68,0,51.0,1.7,Unlimited
CUST_09846,1333.09,755.0,50.82,1.64,0,186.0,0.6,Premium
CUST_09847,615.26,379.0,16.54,7.57,0,85.0,0.2,Standard
CUST_09848,150.85,113.0,1.94,0.15,0,50.0,0.1,Prepaid
CUST_09849,553.37,237.0,6.3,0.61,0,94.0,7.1,Basic
CUST_09850,640.28,664.0,63.18,1.74,0,170.0,1.0,Unlimited
CUST_09851,794.94,163.0,94.07,1.24,0,97.0,0.1,Data Plan
CUST_09852,131.77,108.0,1.26,0.13,0,39.0,0.2,Basic
CUST_09853,929.32,663.0,50.44,2.72,0,147.0,0.0,Premium
CUST_09854,730.22,138.0,50.93,1.01,1,70.0,0.7,Data Plan
CUST_09855,476.22,310.0,10.38,0.26,0,132.0,8.4,Standard
CUST_09856,465.67,294.0,9.1,0.34,0,277.0,0.0,Standard
CUST_09857,856.96,176.0,64.39,0.99,0,73.0,0.8,Data Plan
CUST_09858,1135.64,579.0,43.73,1.84,0,239.0,0.6,Unlimited
CUST_09859,422.31,321.0,10.55,0.31,0,159.0,5.4,Standard
CUST_09860,764.67,387.0,20.7,6.33,1,48.0,1.3,Standard
CUST_09861,138.88,90.0,1.79,0.13,0,34.0,3.9,Basic
CUST_09862,1180.04,733.0,62.21,2.22,0,241.0,0.5,Premium
CUST_09863,409.97,352.0,10.9,0.33,3,171.0,0.9,Standard
CUST_09864,179.95,130.0,2.18,0.06,1,28.0,1.1,Basic
CUST_09865,817.15,406.0,16.13,11.24,1,141.0,0.7,Standard
CUST_09866,876.88,316.0,9.57,14.0,0,95.0,1.3,Standard
CUST_09867,409.12,234.0,5.67,0.56,0,196.0,20.1,Standard
CUST_09868,178.59,151.0,,0.22,0,52.0,0.6,Basic
CUST_09869,871.7,438.0,13.68,10.8,1,117.0,1.8,International
CUST_09870,949.41,444.0,34.3,2.46,0,212.0,0.2,Premium
CUST_09871,1268.69,230.0,89.1,0.62,1,89.0,1.8,Data Plan
CUST_09872,478.75,242.0,12.49,0.52,2,151.0,5.2,Standard
CUST_09873,372.42,251.0,12.52,0.35,0,125.0,4.5,Postpaid
CUST_09874,203.88,117.0,1.32,0.11,0,29.0,0.1,Prepaid
CUST_09875,368.15,275.0,2.97,0.5,3,108.0,2.5,Standard
CUST_09876,156.74,75.0,0.81,0.08,0,65.0,0.7,Basic
CUST_09877,750.06,476.0,15.4,6.28,1,115.0,1.3,International
CUST_09878,373.18,162.0,,0.21,0,150.0,16.0,Basic
CUST_09879,1078.44,547.0,45.58,1.45,0,180.0,0.3,Unlimited
CUST_09880,1053.85,547.0,58.73,1.57,0,163.0,0.4,Unlimited
CUST_09881,165.45,137.0,2.25,0.08,0,25.0,0.0,Prepaid
CUST_09882,116.72,371.0,12.73,0.39,1,136.0,0.7,Postpaid
CUST_09883,652.4,374.0,16.51,8.31,0,106.0,4.8,International
CUST_09884,794.78,166.0,65.48,1.28,0,66.0,0.6,Data Plan
CUST_09885,898.38,204.0,14.25,7.9,0,49.0,2.8,Standard
CUST_09886,108.04,92.0,1.21,0.12,0,47.0,0.1,Basic
CUST_09887,306.0,328.0,6.68,0.51,3,194.0,1.1,Basic
CUST_09888,168.41,87.0,2.64,0.04,0,50.0,2.4,Prepaid
CUST_09889,410.54,250.0,10.38,0.4,1,233.0,0.8,Standard
CUST_09890,451.82,227.0,3.73,0.57,7,159.0,15.9,Standard
CUST_09891,1458.98,775.0,54.58,2.28,0,254.0,1.2,Unlimited
CUST_09892,941.0,251.0,90.24,0.87,1,101.0,3.2,Data Plan
CUST_09893,329.64,217.0,8.72,0.61,1,158.0,2.1,Standard
CUST_09894,303.25,13.0,0.71,28.75,1,98.0,2.2,Postpaid
CUST_09895,774.88,137.0,84.67,0.69,0,81.0,2.4,Unlimited
CUST_09896,449.28,229.0,10.27,0.15,0,45.0,0.6,Standard
CUST_09897,270.76,224.0,3.89,0.36,2,115.0,5.5,Basic
CUST_09898,491.11,387.0,10.52,0.22,0,175.0,5.4,Standard
CUST_09899,305.13,361.0,10.26,0.28,5,121.0,7.7,Basic
CUST_09900,736.94,363.0,13.46,8.08,1,97.0,7.1,International
CUST_09901,502.16,283.0,9.4,0.35,0,160.0,0.2,Postpaid
CUST_09902,797.93,320.0,14.35,9.63,0,135.0,4.6,Standard
CUST_09903,532.43,273.0,5.08,0.35,1,167.0,1.1,Standard
CUST_09904,1436.75,617.0,51.58,1.61,1,154.0,0.3,Premium
CUST_09905,164.76,77.0,2.41,0.1,0,59.0,0.7,Basic
CUST_09906,835.11,428.0,16.0,7.86,0,92.0,1.6,International
CUST_09907,1062.18,571.0,51.02,2.57,1,219.0,0.1,Premium
CUST_09908,1236.93,735.0,47.92,2.03,0,202.0,0.1,Unlimited
CUST_09909,821.52,239.0,101.82,1.07,0,32.0,0.9,Data Plan
CUST_09910,287.56,331.0,13.2,0.37,1,85.0,0.4,Standard
CUST_09911,478.7,357.0,8.35,0.21,1,121.0,1.8,Postpaid
CUST_09912,1338.63,565.0,25.74,2.49,0,190.0,0.1,Unlimited
CUST_09913,456.22,280.0,7.71,0.21,1,144.0,0.8,Standard
CUST_09914,283.75,310.0,7.6,0.57,2,147.0,4.1,Basic
CUST_09915,174.38,107.0,1.5,0.11,0,47.0,3.2,Basic
CUST_09916,402.23,334.0,11.43,0.26,0,144.0,0.8,Standard
CUST_09917,1065.01,757.0,52.21,1.68,0,297.0,0.2,Premium
CUST_09918,218.99,227.0,3.13,0.67,0,85.0,10.4,Basic
CUST_09919,1109.09,160.0,63.92,1.05,0,67.0,0.9,Data Plan
CUST_09920,1071.97,191.0,79.66,0.4,0,91.0,0.8,Data Plan
CUST_09921,1040.67,423.0,14.17,7.73,0,52.0,3.8,International
CUST_09922,906.86,675.0,64.53,2.27,0,168.0,0.3,Unlimited
CUST_09923,1150.09,639.0,39.89,1.99,1,212.0,0.0,Premium
CUST_09924,976.55,173.0,75.2,1.31,3,51.0,0.5,Data Plan
CUST_09925,149.51,107.0,1.66,0.08,0,53.0,1.7,Prepaid
CUST_09926,714.29,238.0,59.29,1.09,0,58.0,1.6,Data Plan
CUST_09927,399.69,286.0,8.33,0.49,3,151.0,17.0,Standard
CUST_09928,1068.33,465.0,15.33,9.62,1,120.0,2.6,International
CUST_09929,373.17,215.0,6.6,0.06,2,146.0,0.1,Basic
CUST_09930,852.65,437.0,15.19,10.17,3,137.0,10.6,International
CUST_09931,187.7,278.0,9.99,0.76,2,97.0,5.8,Standard
CUST_09932,130.46,62.0,0.95,0.1,0,55.0,0.3,Prepaid
CUST_09933,785.31,238.0,93.7,0.94,0,72.0,1.4,Data Plan
CUST_09934,281.91,289.0,5.86,0.49,3,46.0,0.6,Standard
CUST_09935,141.57,102.0,1.98,0.09,0,69.0,0.9,Basic
CUST_09936,444.82,358.0,9.21,0.31,0,89.0,1.4,Standard
CUST_09937,173.61,106.0,2.24,0.14,0,56.0,1.5,Basic
CUST_09938,1298.33,716.0,53.28,1.99,0,202.0,0.6,Premium
CUST_09939,643.59,406.0,16.98,4.78,0,78.0,2.6,International
CUST_09940,830.57,98.0,75.73,1.3,0,65.0,0.7,Data Plan
CUST_09941,432.86,182.0,6.36,0.59,2,97.0,6.2,Standard
CUST_09942,355.34,263.0,13.5,0.37,0,188.0,1.3,Postpaid
CUST_09943,132.79,21.0,0.87,40.25,0,29.0,1.9,Prepaid
CUST_09944,397.94,288.0,12.27,0.38,0,114.0,2.3,Standard
CUST_09945,198.7,263.0,5.87,0.48,2,141.0,9.5,Standard
CUST_09946,374.5,288.0,10.96,0.44,0,132.0,1.4,Postpaid
CUST_09947,5865.51,68.0,1.64,27.97,8,53.0,0.2,Basic
CUST_09948,328.72,331.0,12.02,0.24,0,160.0,0.6,Postpaid
CUST_09949,301.1,217.0,13.8,0.39,2,76.0,1.2,Basic
CUST_09950,102.89,93.0,2.39,0.14,0,41.0,0.5,Prepaid
CUST_09951,908.54,239.0,94.57,1.26,1,110.0,0.5,Unlimited
CUST_09952,809.57,468.0,18.86,6.63,0,58.0,1.6,International
CUST_09953,1134.79,721.0,51.56,1.83,0,271.0,0.7,Premium
CUST_09954,795.18,495.0,17.57,7.19,1,117.0,1.6,Standard
CUST_09955,671.56,255.0,53.65,1.14,0,89.0,0.1,Data Plan
CUST_09956,984.53,414.0,18.45,8.8,1,90.0,1.8,Standard
CUST_09957,529.33,173.0,13.09,0.42,1,180.0,2.2,Postpaid
CUST_09958,239.11,296.0,10.84,0.23,4,165.0,6.3,Standard
CUST_09959,466.57,254.0,8.08,,1,46.0,5.2,Standard
CUST_09960,963.23,215.0,72.43,0.57,1,78.0,0.5,Unlimited
CUST_09961,1194.4,612.0,72.45,1.37,0,235.0,0.7,Unlimited
CUST_09962,1010.64,154.0,65.88,0.76,0,91.0,1.1,Data Plan
CUST_09963,432.2,329.0,11.68,0.44,0,96.0,4.9,Postpaid
CUST_09964,449.44,381.0,8.8,0.25,0,84.0,6.7,Standard
CUST_09965,135.33,54.0,1.91,0.03,0,43.0,0.9,Basic
CUST_09966,122.88,91.0,1.73,0.1,0,56.0,0.3,Basic
CUST_09967,364.41,344.0,7.12,0.82,0,190.0,14.9,Standard
CUST_09968,141.14,109.0,2.55,0.08,0,64.0,1.3,Basic
CUST_09969,1291.63,735.0,50.14,2.48,0,195.0,0.2,Unlimited
CUST_09970,453.4,298.0,10.4,0.53,0,139.0,0.4,Postpaid
CUST_09971,446.49,313.0,9.45,0.27,1,150.0,0.1,Standard
CUST_09972,104.55,115.0,1.97,0.16,0,36.0,0.3,Basic
CUST_09973,968.55,228.0,77.74,1.22,1,92.0,2.7,Data Plan
CUST_09974,540.41,419.0,11.27,0.31,2,44.0,4.9,Standard
CUST_09975,360.77,328.0,12.99,0.23,0,195.0,3.3,Postpaid
CUST_09976,344.99,101.0,10.27,0.69,2,128.0,7.7,Standard
CUST_09977,429.68,289.0,14.15,0.22,1,156.0,,Postpaid
CUST_09978,959.61,233.0,89.07,1.16,0,103.0,1.4,Data Plan
CUST_09979,1064.54,209.0,75.79,0.68,0,72.0,1.1,Data Plan
CUST_09980,1008.29,389.0,14.13,9.68,1,143.0,1.4,International
CUST_09981,352.6,343.0,9.16,0.5,2,121.0,1.2,Standard
CUST_09982,1276.35,464.0,54.99,1.94,2,201.0,1.1,Premium
CUST_09983,120.31,80.0,2.52,0.1,0,55.0,1.4,Prepaid
CUST_09984,712.88,309.0,10.27,11.67,0,101.0,3.3,International
CUST_09985,1237.41,654.0,37.54,2.12,0,256.0,0.9,Unlimited
CUST_09986,1188.26,689.0,33.35,1.95,0,148.0,0.1,Premium
CUST_09987,255.94,344.0,8.5,0.06,0,184.0,0.2,Standard
CUST_09988,642.17,392.0,13.1,7.67,0,66.0,2.4,International
CUST_09989,204.37,95.0,2.4,0.07,0,52.0,0.4,Basic
CUST_09990,185.63,79.0,1.25,0.15,0,72.0,1.0,Basic
CUST_09991,348.88,224.0,10.55,0.38,1,145.0,1.5,Basic
CUST_09992,1209.01,434.0,55.16,2.35,0,137.0,1.2,Premium
CUST_09993,326.42,375.0,9.46,0.29,1,203.0,1.3,Postpaid
CUST_09994,168.43,81.0,2.43,0.06,0,66.0,0.4,Basic
CUST_09995,755.2,394.0,14.96,10.26,2,119.0,1.1,International
CUST_09996,1065.05,602.0,66.63,2.34,0,184.0,0.4,Unlimited
CUST_09997,1169.48,716.0,42.08,2.05,1,275.0,0.9,Unlimited
CUST_09998,879.57,383.0,41.6,1.19,0,138.0,0.2,Unlimited
CUST_09999,156.09,87.0,1.76,0.06,0,31.0,3.5,Basic
CUST_10000,157.49,269.0,13.56,0.33,1,128.0,4.5,Basic
CUST_03601,670.56,466.0,13.57,7.26,0,139.0,0.8,International
CUST_05786,177.84,96.0,2.32,0.01,0,30.0,0.1,Basic
CUST_06431,977.78,587.0,63.52,2.85,0,253.0,0.4,Premium
CUST_06473,169.7,114.0,2.04,0.02,0,66.0,1.4,Prepaid
CUST_05618,110.87,87.0,1.03,0.14,0,36.0,1.6,Basic
CUST_02205,401.86,310.0,2.83,0.0,4,116.0,0.2,Standard
CUST_01569,1442.97,721.0,47.63,1.24,0,159.0,0.2,Premium
CUST_01221,901.71,196.0,74.05,0.51,0,89.0,1.8,Data Plan
CUST_09094,123.54,92.0,1.39,0.06,0,62.0,1.8,Basic
CUST_04502,155.54,106.0,2.16,0.13,0,52.0,0.3,Basic
CUST_03884,242.37,67.0,1.3,0.09,0,43.0,0.1,Basic
CUST_05759,119.27,132.0,1.38,0.0,0,40.0,0.4,Prepaid
CUST_05113,388.39,204.0,9.71,0.18,3,145.0,3.6,Standard
CUST_04326,438.81,194.0,9.35,0.44,1,89.0,2.0,Standard
CUST_05359,919.08,403.0,12.69,6.48,0,81.0,0.7,International
CUST_06850,408.89,322.0,13.33,0.44,1,111.0,8.3,Basic
CUST_07497,567.8,208.0,8.66,0.15,0,119.0,0.8,Standard
CUST_07114,366.9,372.0,11.47,0.3,0,159.0,0.5,Standard
CUST_01212,537.03,357.0,14.66,7.54,0,22.0,5.4,International
CUST_05153,916.79,409.0,11.31,7.29,0,80.0,2.6,International
